"","esm.IDnum.w7","esm.PRO01.w7","esm.PRO03.w7","esm.PRO04.w7","esm.PRO05.w7","esm.BFI37.w7","esm.BFI21.w7","esm.BFI23.w7","esm.BFI09.w7","esm.BFI04.w7","esm.BFI36.w7","esm.BFI32.w7","esm.BFI13.w7","esm.BFI19.w7"
"1",95555,3,1,1,1,1,3,2,3,1,3,4,4,2
"2",95555,3,1,7,25,NA,4,2,3,1,2,NA,3,2
"3",95555,3,1,10,37,NA,4,3,3,1,1,NA,4,3
"4",97938,18,2,1,2,2,5,3,3,3,2,5,3,2
"5",97938,18,4,1,4,2,5,2,2,2,3,3,3,2
"6",97938,18,1,2,5,1,4,2,3,2,2,4,4,2
"7",97938,18,4,2,8,1,5,4,3,3,2,3,3,3
"8",97938,18,1,3,9,1,3,4,4,2,4,4,3,2
"9",97938,18,4,3,12,NA,5,3,4,2,1,NA,3,1
"10",97938,18,1,4,13,1,3,2,4,2,3,4,3,2
"11",97938,18,1,5,17,NA,5,5,4,2,2,NA,3,2
"12",97938,18,4,5,20,2,3,2,3,2,3,4,3,2
"13",97938,18,1,6,21,2,2,2,4,2,5,4,3,2
"14",97938,18,4,6,24,NA,5,4,3,3,1,NA,2,2
"15",97938,18,1,7,25,NA,5,5,3,4,1,NA,2,4
"16",97938,18,4,7,28,1,2,2,4,2,4,4,3,2
"17",97938,18,1,8,29,2,1,2,5,1,5,4,4,2
"18",97938,18,1,10,37,2,2,2,4,2,4,4,4,2
"19",97938,18,4,10,40,2,4,3,4,2,2,3,3,2
"20",97938,18,1,14,53,1,2,2,3,2,4,4,4,3
"21",97938,18,4,16,64,3,4,4,3,4,2,2,2,2
"22",9006,17,1,1,1,3,2,2,3,2,4,5,4,2
"23",9006,17,1,2,5,1,4,3,3,2,2,3,3,3
"24",9006,17,4,2,8,2,5,4,3,2,1,3,3,3
"25",9006,17,1,3,9,1,4,2,4,1,3,3,4,2
"26",9006,17,4,3,12,1,5,3,3,1,1,2,3,3
"27",9006,17,1,4,13,1,4,3,3,1,3,3,3,2
"28",9006,17,1,5,17,1,5,4,5,1,2,3,3,1
"29",9006,17,1,7,25,1,4,1,4,1,3,3,4,1
"30",9006,17,1,8,29,2,2,3,5,2,4,5,5,1
"31",9006,17,4,8,32,1,1,2,4,1,5,3,5,1
"32",9006,17,1,9,33,1,2,2,5,1,5,3,4,1
"33",9006,17,4,9,36,1,5,5,3,3,2,1,1,2
"34",9006,17,1,10,37,1,5,1,3,1,1,1,5,2
"35",9006,17,4,10,40,2,5,3,4,2,3,2,2,2
"36",9006,17,1,11,41,1,4,4,4,1,2,1,3,1
"37",9006,17,1,12,45,1,5,5,4,1,2,1,4,1
"38",9006,17,1,14,53,1,4,2,5,1,3,5,4,1
"39",89450,8,2,1,2,2,4,2,4,2,2,5,3,2
"40",89450,8,4,1,4,2,2,3,3,3,3,4,2,2
"41",89450,8,1,2,5,2,3,2,3,2,2,2,4,4
"42",89450,8,1,3,9,2,4,2,4,2,2,2,4,2
"43",89450,8,4,3,12,2,2,4,4,2,4,3,3,2
"44",89450,8,1,4,13,2,4,2,4,1,2,3,4,1
"45",89450,8,1,6,21,2,3,2,4,2,4,3,3,2
"46",89450,8,1,8,29,2,4,3,4,2,2,3,3,2
"47",7287,14,1,1,0,3,2,2,3,2,4,1,5,3
"48",7287,14,4,1,4,1,5,4,1,5,1,2,3,5
"49",7287,14,1,2,5,1,5,2,1,2,2,3,2,4
"50",7287,14,4,2,8,NA,5,2,3,2,2,NA,3,2
"51",7287,14,1,3,9,1,3,2,2,4,2,3,3,4
"52",7287,14,1,4,13,1,5,3,2,2,2,4,2,3
"53",7287,14,4,4,16,NA,5,2,2,2,1,NA,3,2
"54",7287,14,1,5,17,1,3,2,2,1,2,2,3,3
"55",7287,14,4,5,20,NA,5,1,4,3,2,NA,2,1
"56",7287,14,1,6,21,1,2,3,4,1,2,2,3,2
"57",7287,14,4,6,24,NA,5,2,2,2,1,NA,1,1
"58",7287,14,1,7,25,NA,5,3,2,1,2,NA,5,1
"59",7287,14,4,7,28,1,3,4,2,1,3,2,4,2
"60",7287,14,1,8,29,1,4,2,1,1,1,3,3,3
"61",42807,5,1,1,0,4,3,2,5,1,4,2,3,2
"62",42807,5,1,1,1,1,2,2,5,1,3,4,5,1
"63",42807,5,4,1,4,NA,5,2,5,1,1,NA,3,2
"64",42807,5,1,17,65,1,2,1,2,3,3,4,5,3
"65",42807,5,1,20,77,1,2,3,5,1,3,5,5,2
"66",4950,17,1,1,0,2,5,2,2,2,3,5,3,4
"67",4950,17,1,1,1,2,2,2,4,1,5,4,4,2
"68",4950,17,4,1,4,1,5,2,3,1,2,3,4,2
"69",4950,17,1,2,5,1,1,1,3,1,5,4,5,2
"70",4950,17,4,2,8,2,4,2,4,2,3,3,3,2
"71",4950,17,4,3,12,2,5,1,3,4,3,4,4,3
"72",4950,17,1,4,13,2,4,2,4,2,2,4,5,2
"73",4950,17,1,5,17,2,4,1,2,2,2,4,4,4
"74",4950,17,4,5,20,2,1,3,5,1,5,3,3,2
"75",4950,17,1,7,25,2,5,1,1,2,3,4,3,5
"76",4950,17,1,8,29,2,2,2,3,1,5,4,3,3
"77",4950,17,4,8,32,2,3,4,5,2,3,4,4,2
"78",4950,17,4,9,36,2,3,2,2,2,5,4,3,3
"79",4950,17,4,10,40,2,3,2,2,2,3,3,5,3
"80",4950,17,1,11,41,2,3,1,2,1,3,4,5,4
"81",4950,17,4,11,44,4,1,1,1,3,4,2,5,5
"82",4950,17,4,12,48,3,3,2,4,1,3,3,4,3
"83",90267,10,1,1,0,2,3,2,4,1,3,4,4,2
"84",90267,10,4,1,4,1,3,1,4,1,4,4,4,2
"85",90267,10,1,2,5,1,2,1,4,1,4,4,4,2
"86",90267,10,4,2,8,NA,5,3,4,1,2,NA,4,1
"87",90267,10,1,5,17,1,2,2,4,1,4,5,4,2
"88",90267,10,4,5,20,1,2,3,4,1,4,5,4,2
"89",90267,10,1,8,29,1,5,2,3,1,2,4,3,2
"90",90267,10,4,8,32,1,3,2,3,1,4,4,3,1
"91",90267,10,1,11,41,NA,4,2,3,1,2,NA,4,2
"92",90267,10,1,13,49,NA,4,3,4,1,2,NA,4,1
"93",68714,27,1,1,1,2,5,1,5,1,1,5,5,2
"94",68714,27,4,1,4,1,5,1,3,3,1,5,4,2
"95",68714,27,1,2,5,1,2,3,5,1,4,5,5,1
"96",68714,27,4,2,8,2,3,3,4,2,3,4,5,2
"97",68714,27,1,3,9,1,4,1,4,1,3,5,5,2
"98",68714,27,4,3,12,1,3,2,3,2,3,5,2,3
"99",68714,27,1,4,13,1,5,1,4,1,1,5,5,3
"100",68714,27,4,4,16,1,2,3,5,1,4,5,5,1
"101",68714,27,1,5,17,1,3,1,4,1,3,4,3,3
"102",68714,27,4,5,20,2,5,5,4,1,1,4,1,2
"103",68714,27,1,6,21,1,4,1,3,1,1,5,3,2
"104",68714,27,4,6,24,1,2,2,5,1,3,5,5,2
"105",68714,27,1,7,25,2,3,3,2,2,3,4,4,3
"106",68714,27,4,7,28,2,4,2,3,3,2,4,3,5
"107",68714,27,1,8,29,1,3,2,3,2,2,4,3,3
"108",68714,27,1,9,33,2,4,2,2,2,2,4,3,3
"109",68714,27,1,10,37,1,2,1,4,1,3,5,4,2
"110",68714,27,4,10,40,NA,5,2,4,2,1,NA,4,1
"111",68714,27,1,11,41,1,2,1,3,1,4,3,3,3
"112",68714,27,4,11,44,1,4,2,5,1,3,5,5,1
"113",68714,27,1,12,45,1,3,2,5,1,3,5,4,1
"114",68714,27,4,12,48,1,5,3,4,1,1,5,4,2
"115",68714,27,1,13,49,1,4,2,4,1,2,5,4,2
"116",68714,27,4,13,52,1,3,2,4,1,3,5,4,4
"117",68714,27,1,14,53,1,3,1,3,1,4,5,5,2
"118",68714,27,4,14,56,2,4,2,2,4,1,2,2,3
"119",68714,27,1,15,57,2,4,3,3,1,4,3,3,2
"120",20707,10,1,1,1,2,3,2,4,1,4,4,4,2
"121",20707,10,4,1,4,2,3,3,3,2,4,3,3,2
"122",20707,10,4,2,8,2,3,3,4,2,3,3,3,3
"123",20707,10,1,3,9,2,3,3,4,2,4,3,4,3
"124",20707,10,4,3,12,NA,2,2,3,2,4,NA,4,2
"125",20707,10,1,4,13,2,2,2,2,2,3,4,4,3
"126",20707,10,1,6,21,2,4,3,3,2,2,3,3,3
"127",20707,10,4,6,24,2,3,2,3,2,3,3,4,3
"128",20707,10,4,7,28,2,2,2,4,2,4,3,3,2
"129",20707,10,1,8,29,2,3,2,3,2,2,3,4,3
"130",35850,28,1,1,0,3,2,1,3,1,2,2,3,3
"131",35850,28,1,1,1,NA,3,2,5,1,3,NA,4,1
"132",35850,28,4,1,4,1,2,2,5,1,5,4,5,1
"133",35850,28,1,2,5,1,2,1,3,1,4,4,5,2
"134",35850,28,4,3,12,NA,2,1,3,1,4,NA,3,2
"135",35850,28,1,4,13,1,3,1,3,1,4,3,4,1
"136",35850,28,4,4,16,NA,3,2,3,1,3,NA,4,1
"137",35850,28,1,5,17,NA,3,1,5,1,2,NA,5,1
"138",35850,28,4,5,20,1,2,1,3,1,4,4,4,1
"139",35850,28,1,6,21,1,3,1,3,1,4,3,4,1
"140",35850,28,4,6,24,1,3,1,1,2,3,3,5,1
"141",35850,28,1,7,25,1,3,1,2,1,4,3,4,1
"142",35850,28,4,7,28,1,2,1,1,1,4,4,5,3
"143",35850,28,4,8,32,NA,3,2,5,1,3,NA,4,1
"144",35850,28,4,9,36,1,3,1,1,1,2,3,3,3
"145",35850,28,4,10,40,NA,4,1,4,1,3,NA,5,1
"146",35850,28,1,11,41,1,3,1,5,1,5,4,5,1
"147",35850,28,1,12,45,1,1,1,5,1,5,4,4,1
"148",35850,28,4,12,48,NA,3,1,4,1,4,NA,5,1
"149",35850,28,1,13,49,1,3,1,4,1,4,4,5,1
"150",35850,28,4,13,52,1,3,1,3,1,3,2,4,1
"151",35850,28,1,14,53,1,4,1,3,2,2,3,4,1
"152",35850,28,4,14,56,NA,3,2,5,1,3,NA,5,1
"153",35850,28,4,15,60,1,1,1,5,1,5,4,5,1
"154",35850,28,4,16,64,1,1,1,3,1,4,4,5,1
"155",35850,28,1,17,65,NA,4,3,5,1,2,NA,4,1
"156",35850,28,4,17,68,NA,4,1,5,1,3,NA,4,1
"157",35850,28,1,18,69,NA,3,1,5,1,3,NA,5,1
"158",87519,6,1,1,0,3,5,2,2,1,1,2,5,3
"159",87519,6,1,1,1,1,3,1,2,1,3,2,5,5
"160",87519,6,4,1,4,2,3,1,5,1,5,3,2,1
"161",87519,6,4,2,8,3,2,2,2,1,3,2,2,1
"162",87519,6,4,4,16,3,1,4,1,1,2,5,3,3
"163",87519,6,1,5,17,1,5,1,2,3,2,4,5,4
"164",21701,23,1,1,1,4,2,2,4,1,3,2,3,2
"165",21701,23,4,1,4,1,4,2,2,1,2,2,2,3
"166",21701,23,1,2,5,2,4,2,3,1,2,2,2,3
"167",21701,23,4,2,8,NA,4,2,2,1,1,NA,2,4
"168",21701,23,1,3,9,1,3,2,3,1,3,4,3,2
"169",21701,23,4,3,12,2,2,5,4,1,5,4,3,1
"170",21701,23,1,4,13,1,2,3,4,1,5,3,3,1
"171",21701,23,4,4,16,2,2,3,2,1,4,3,3,2
"172",21701,23,1,5,17,1,2,3,2,2,3,5,3,2
"173",21701,23,4,5,20,2,2,5,4,2,4,3,3,1
"174",21701,23,4,6,24,2,1,1,3,1,4,4,3,1
"175",21701,23,1,7,25,1,3,2,3,1,2,3,3,1
"176",21701,23,4,7,28,2,1,1,3,1,3,3,4,1
"177",21701,23,1,8,29,1,5,3,3,1,1,1,3,2
"178",21701,23,4,8,32,1,2,4,3,2,3,3,3,2
"179",21701,23,1,9,33,1,3,2,2,1,2,3,3,3
"180",21701,23,1,10,37,1,3,2,2,1,3,3,3,2
"181",21701,23,4,10,40,1,4,3,4,2,1,2,2,2
"182",21701,23,1,11,41,1,4,4,2,1,3,4,3,3
"183",21701,23,4,13,52,NA,5,5,4,2,1,NA,2,2
"184",21701,23,1,14,53,1,3,4,3,1,2,2,3,3
"185",21701,23,4,14,56,2,1,2,3,1,4,4,4,1
"186",21701,23,1,15,57,1,5,1,2,1,1,1,2,3
"187",59057,19,1,1,0,2,3,3,3,2,4,1,NA,2
"188",59057,19,4,1,4,2,3,3,3,2,3,3,5,1
"189",59057,19,1,2,5,1,1,1,4,1,5,4,4,1
"190",59057,19,4,2,8,1,4,4,5,2,3,3,3,2
"191",59057,19,1,3,9,2,5,1,2,3,1,4,4,3
"192",59057,19,1,4,13,1,3,4,5,1,3,4,4,2
"193",59057,19,4,4,16,1,3,5,5,1,4,4,3,1
"194",59057,19,1,5,17,1,1,3,5,1,5,5,5,1
"195",59057,19,4,5,20,1,1,1,5,1,5,5,5,1
"196",59057,19,1,6,21,2,3,3,4,2,3,4,4,1
"197",59057,19,4,6,24,2,4,5,4,2,3,4,4,3
"198",59057,19,1,7,25,1,1,1,3,1,5,4,5,1
"199",59057,19,1,8,29,1,2,1,3,2,5,5,5,3
"200",59057,19,4,8,32,1,4,3,4,4,2,4,3,4
"201",59057,19,1,9,33,1,1,1,3,1,5,4,4,2
"202",59057,19,4,9,36,1,1,1,3,1,4,4,4,2
"203",59057,19,1,10,37,1,1,1,4,1,4,4,4,1
"204",59057,19,4,10,40,1,1,1,4,1,5,4,5,2
"205",59057,19,1,11,41,2,3,1,4,1,3,4,4,1
"206",49485,8,1,1,0,5,2,1,2,5,5,5,5,4
"207",49485,8,4,1,4,1,5,1,1,3,1,3,5,5
"208",49485,8,1,2,5,1,4,2,3,2,3,3,3,3
"209",49485,8,4,2,8,1,1,2,5,2,5,5,5,2
"210",49485,8,1,3,9,NA,5,5,3,3,1,NA,3,4
"211",49485,8,1,4,13,1,2,3,3,2,4,5,4,3
"212",49485,8,4,4,16,1,2,2,2,3,5,5,5,4
"213",49485,8,1,6,21,NA,3,5,2,4,1,NA,2,3
"214",63617,11,2,1,2,3,4,3,3,2,2,3,3,2
"215",63617,11,1,2,5,NA,3,1,1,2,2,NA,3,5
"216",63617,11,1,3,9,1,1,1,5,1,5,4,5,2
"217",63617,11,4,3,12,NA,5,3,3,3,1,NA,5,2
"218",63617,11,1,4,13,NA,5,1,4,1,1,NA,4,3
"219",63617,11,4,4,16,NA,5,2,4,2,1,NA,3,2
"220",63617,11,4,8,32,1,5,3,4,1,1,5,5,4
"221",63617,11,1,12,45,2,4,1,4,1,2,3,4,2
"222",63617,11,4,12,48,1,1,1,5,1,5,4,5,1
"223",63617,11,1,13,49,1,4,3,3,1,2,3,3,1
"224",63617,11,4,14,56,1,1,1,3,1,5,4,5,1
"225",50006,1,4,1,4,1,1,2,4,1,4,4,3,NA
"226",60759,3,1,1,0,2,1,1,1,1,3,3,4,2
"227",60759,3,1,1,1,2,3,1,1,1,1,3,4,2
"228",60759,3,1,2,5,1,2,2,3,1,4,3,3,1
"229",12715,1,2,1,2,1,4,4,3,2,2,4,2,4
"230",47284,29,2,1,2,4,1,1,5,1,4,2,4,2
"231",47284,29,4,1,4,2,1,2,4,1,5,4,4,1
"232",47284,29,1,2,5,1,5,1,3,1,1,2,5,2
"233",47284,29,4,2,8,2,3,3,4,1,4,4,4,1
"234",47284,29,1,3,9,2,2,2,4,1,3,3,4,1
"235",47284,29,4,3,12,2,2,2,4,1,5,4,4,1
"236",47284,29,1,4,13,2,3,2,4,1,3,3,3,2
"237",47284,29,4,4,16,2,2,2,4,1,3,4,4,1
"238",47284,29,1,5,17,2,3,2,4,1,2,4,3,1
"239",47284,29,4,5,20,NA,4,1,3,1,2,NA,4,2
"240",47284,29,1,6,21,2,5,3,4,1,2,3,4,1
"241",47284,29,4,6,24,1,3,1,4,1,2,2,4,1
"242",47284,29,1,7,25,2,3,2,4,1,4,NA,3,1
"243",47284,29,4,7,28,2,5,1,3,1,2,2,5,2
"244",47284,29,1,8,29,2,4,2,3,1,4,2,3,2
"245",47284,29,4,8,32,NA,4,1,4,1,1,NA,4,2
"246",47284,29,1,9,33,2,4,2,4,1,4,NA,4,1
"247",47284,29,4,9,36,2,3,3,4,1,4,3,3,1
"248",47284,29,1,10,37,2,3,2,3,1,3,3,3,2
"249",47284,29,4,10,40,2,2,2,5,1,4,4,4,1
"250",47284,29,1,11,41,2,3,1,4,1,3,3,4,2
"251",47284,29,4,11,44,2,3,3,5,1,4,3,4,1
"252",47284,29,1,12,45,2,3,1,4,1,3,3,4,2
"253",47284,29,4,12,48,3,4,3,4,1,2,2,4,1
"254",47284,29,1,13,49,2,4,2,4,1,3,3,4,1
"255",47284,29,4,13,52,NA,4,3,4,1,2,NA,4,2
"256",47284,29,1,14,53,2,4,2,4,1,2,2,4,2
"257",47284,29,4,14,56,NA,4,2,4,1,3,NA,4,1
"258",47284,29,1,15,57,2,4,2,4,1,4,2,4,2
"259",50556,4,2,1,2,4,3,1,4,1,4,1,4,1
"260",50556,4,4,4,16,1,2,1,2,1,4,3,4,4
"261",50556,4,4,5,20,NA,5,1,3,1,1,NA,4,2
"262",50556,4,1,12,45,1,3,3,4,1,4,3,4,2
"263",44638,11,2,1,2,3,3,4,2,1,4,4,3,5
"264",44638,11,1,2,5,4,3,4,3,1,2,2,4,2
"265",44638,11,1,3,9,5,1,5,2,1,5,2,1,5
"266",44638,11,1,4,13,4,1,3,2,1,4,2,2,3
"267",44638,11,1,5,17,4,2,5,2,1,2,1,1,5
"268",44638,11,1,8,29,4,2,5,4,1,3,2,1,2
"269",44638,11,1,10,37,5,1,4,3,1,5,2,4,3
"270",44638,11,1,11,41,5,1,5,1,1,3,2,2,3
"271",44638,11,1,12,45,2,2,1,2,1,5,5,5,1
"272",44638,11,1,14,53,5,5,5,3,1,2,2,3,3
"273",44638,11,1,15,57,5,3,5,3,1,3,2,4,5
"274",74435,16,1,1,1,1,4,3,3,1,1,5,3,1
"275",74435,16,4,4,16,NA,5,5,3,1,1,NA,5,1
"276",74435,16,1,5,17,1,4,1,5,1,3,4,4,1
"277",74435,16,4,5,20,NA,5,4,4,1,1,NA,3,1
"278",74435,16,1,6,21,3,4,3,3,1,1,3,1,1
"279",74435,16,4,6,24,NA,5,3,5,1,1,NA,5,1
"280",74435,16,1,7,25,1,5,1,3,1,1,3,5,1
"281",74435,16,1,8,29,1,3,1,5,1,5,5,4,1
"282",74435,16,1,11,41,NA,2,3,3,1,1,NA,5,1
"283",74435,16,4,11,44,NA,5,5,4,1,1,NA,4,1
"284",74435,16,1,12,45,1,4,1,2,1,2,4,2,2
"285",74435,16,4,12,48,1,1,1,5,1,5,5,5,1
"286",74435,16,1,13,49,1,3,1,1,1,2,5,5,1
"287",74435,16,4,13,52,NA,5,1,5,1,1,NA,5,1
"288",74435,16,1,14,53,1,3,1,3,1,3,5,5,1
"289",74435,16,1,15,57,1,3,1,4,1,5,5,5,1
"290",29431,1,1,1,1,3,4,2,2,1,2,3,3,3
"291",87314,10,1,1,1,5,2,2,4,1,4,2,5,2
"292",87314,10,4,5,20,1,3,2,3,2,3,3,3,3
"293",87314,10,1,6,21,2,NA,2,2,4,3,4,3,4
"294",87314,10,1,7,25,1,3,4,4,1,3,4,5,2
"295",87314,10,1,8,29,1,2,2,5,1,5,4,4,1
"296",87314,10,1,10,37,1,4,3,4,1,2,3,4,1
"297",87314,10,4,10,40,1,2,1,5,1,4,4,4,1
"298",87314,10,4,11,44,2,3,2,4,2,3,4,5,2
"299",87314,10,1,13,49,1,3,2,3,2,4,4,4,2
"300",87314,10,1,15,57,3,2,2,3,1,4,5,4,1
"301",47951,22,1,1,1,2,3,2,4,1,3,4,4,2
"302",47951,22,4,4,16,1,3,4,5,1,2,2,3,1
"303",47951,22,1,5,17,1,3,1,3,1,2,2,4,1
"304",47951,22,4,5,20,1,4,2,4,1,2,3,4,2
"305",47951,22,1,6,21,1,3,2,4,1,2,2,4,1
"306",47951,22,4,6,24,1,3,2,3,1,2,3,3,4
"307",47951,22,1,7,25,1,3,2,4,1,3,3,3,2
"308",47951,22,4,7,28,1,4,2,4,1,4,4,4,2
"309",47951,22,1,8,29,1,4,3,4,1,2,3,4,1
"310",47951,22,4,8,32,1,3,4,4,1,3,3,3,2
"311",47951,22,4,9,36,1,3,3,4,1,2,3,3,2
"312",47951,22,1,10,37,1,4,2,4,1,2,4,4,3
"313",47951,22,4,10,40,1,4,3,4,1,3,3,3,2
"314",47951,22,1,11,41,1,4,2,3,1,3,4,4,2
"315",47951,22,4,11,44,1,3,2,2,2,2,3,3,4
"316",47951,22,1,12,45,1,3,2,5,1,2,3,4,2
"317",47951,22,4,12,48,1,4,4,4,1,2,3,4,2
"318",47951,22,1,13,49,1,4,3,3,1,2,4,4,2
"319",47951,22,4,13,52,1,4,2,4,1,2,3,4,3
"320",47951,22,1,14,53,1,4,2,4,1,3,3,4,2
"321",47951,22,4,14,56,1,2,3,4,1,4,4,4,3
"322",47951,22,1,15,57,1,4,3,3,1,2,4,3,4
"323",3194,8,1,1,1,1,5,2,4,3,2,4,NA,1
"324",3194,8,1,2,5,NA,5,2,4,3,1,NA,5,4
"325",3194,8,4,2,8,3,2,2,5,3,5,5,5,1
"326",3194,8,1,4,13,1,4,3,4,3,1,5,5,2
"327",3194,8,4,4,16,NA,4,2,3,4,1,NA,5,1
"328",3194,8,1,5,17,2,3,2,4,3,4,5,5,3
"329",3194,8,1,6,21,NA,4,3,3,4,1,NA,4,1
"330",3194,8,4,6,24,3,3,4,4,4,2,3,3,3
"331",40883,4,2,1,2,2,4,3,2,3,2,5,4,4
"332",40883,4,4,1,4,NA,4,3,2,3,2,NA,4,4
"333",40883,4,1,2,5,1,2,2,2,2,3,3,4,3
"334",40883,4,4,3,12,NA,4,3,3,2,2,NA,4,2
"335",82413,9,2,1,2,3,2,1,2,1,5,3,4,2
"336",82413,9,1,2,5,NA,5,4,5,1,1,NA,3,1
"337",82413,9,1,3,9,2,4,3,2,3,2,3,3,3
"338",82413,9,1,5,17,1,4,2,4,1,3,3,4,1
"339",82413,9,1,6,21,1,2,1,3,1,4,3,5,2
"340",82413,9,1,8,29,1,4,3,3,1,3,3,3,1
"341",82413,9,1,12,45,1,2,2,3,1,3,4,5,1
"342",82413,9,1,14,53,1,5,2,3,1,2,3,3,2
"343",82413,9,1,15,57,1,5,1,2,1,2,3,3,3
"344",44255,6,4,1,4,1,1,5,5,1,4,4,4,2
"345",44255,6,4,2,8,2,1,5,5,1,5,4,4,1
"346",44255,6,4,5,20,3,3,4,2,3,2,3,2,3
"347",44255,6,1,6,21,1,4,4,3,1,1,3,3,3
"348",44255,6,1,8,29,NA,4,2,3,4,1,NA,2,4
"349",44255,6,1,12,45,1,3,3,3,1,4,5,4,3
"350",28861,9,2,1,2,2,4,1,3,2,2,4,4,2
"351",28861,9,1,3,9,1,5,2,3,1,1,3,3,1
"352",28861,9,4,3,12,1,2,2,4,1,5,5,5,1
"353",28861,9,1,5,17,1,2,2,3,2,4,3,5,2
"354",28861,9,4,5,20,NA,3,4,3,3,1,NA,1,3
"355",28861,9,4,7,28,1,2,2,4,1,3,3,3,1
"356",28861,9,1,8,29,1,4,2,3,1,1,3,4,1
"357",28861,9,4,13,52,NA,5,1,3,2,1,NA,4,3
"358",28861,9,1,15,57,NA,4,3,3,1,2,NA,3,2
"359",25579,5,1,1,1,3,1,1,4,1,3,4,5,2
"360",25579,5,4,1,4,NA,5,4,3,1,2,NA,2,2
"361",25579,5,1,5,17,1,1,1,3,1,4,3,4,2
"362",25579,5,1,6,21,1,2,2,3,1,4,4,3,3
"363",25579,5,1,7,25,1,5,1,2,1,1,1,4,3
"364",16497,4,2,1,2,3,3,3,3,2,3,4,3,3
"365",16497,4,1,13,49,1,3,3,1,1,3,4,3,5
"366",16497,4,1,14,53,2,4,3,1,4,2,3,5,5
"367",16497,4,1,15,57,1,3,1,4,2,3,3,3,2
"368",64875,7,2,1,2,1,5,4,3,1,2,5,3,3
"369",64875,7,4,4,16,2,2,1,3,2,4,3,3,3
"370",64875,7,1,5,17,NA,5,3,4,1,1,NA,4,2
"371",64875,7,1,6,21,2,3,3,4,2,3,4,4,3
"372",64875,7,1,7,25,2,5,3,4,2,1,4,4,2
"373",64875,7,1,8,29,2,2,3,3,3,4,3,4,3
"374",64875,7,1,9,33,2,5,3,4,2,2,3,3,2
"375",10623,9,1,1,1,1,5,4,5,2,1,5,4,1
"376",10623,9,4,2,8,1,1,1,2,1,5,4,4,1
"377",10623,9,4,3,12,1,4,3,3,2,2,4,5,2
"378",10623,9,4,4,16,1,2,1,4,1,5,4,5,2
"379",10623,9,1,7,25,NA,5,5,5,3,1,NA,2,3
"380",10623,9,1,9,33,NA,5,5,4,4,1,NA,1,4
"381",10623,9,4,10,40,2,2,4,2,3,4,4,4,5
"382",10623,9,1,12,45,NA,1,1,4,1,1,NA,4,3
"383",10623,9,4,13,52,1,5,5,3,4,1,3,3,4
"384",42579,15,2,1,2,4,4,2,1,1,3,5,5,3
"385",42579,15,4,1,4,NA,4,4,5,1,2,NA,3,1
"386",42579,15,4,2,8,1,3,5,5,1,4,2,3,2
"387",42579,15,4,3,12,1,3,1,4,1,3,4,4,3
"388",42579,15,1,4,13,1,5,1,3,1,1,1,3,1
"389",42579,15,4,4,16,1,3,3,5,1,1,2,3,2
"390",42579,15,4,5,20,1,2,1,5,2,3,4,4,4
"391",42579,15,1,6,21,1,5,2,3,1,1,3,3,3
"392",42579,15,4,6,24,3,2,1,5,4,3,5,3,5
"393",42579,15,1,7,25,1,3,2,3,1,3,4,3,5
"394",42579,15,4,7,28,NA,3,3,5,1,1,NA,3,3
"395",42579,15,1,8,29,1,5,2,3,4,1,2,3,5
"396",42579,15,1,9,33,1,1,1,4,1,4,4,4,2
"397",42579,15,1,13,49,1,4,3,4,1,2,3,3,4
"398",42579,15,1,14,53,1,3,1,5,1,4,4,3,3
"399",10579,17,2,1,2,3,3,1,1,2,3,2,3,3
"400",10579,17,4,1,4,NA,5,3,3,3,1,NA,3,3
"401",10579,17,1,2,5,1,4,3,2,2,2,3,3,2
"402",10579,17,1,3,9,1,3,2,2,3,3,4,3,2
"403",10579,17,1,5,17,2,4,3,3,3,1,4,4,2
"404",10579,17,4,5,20,NA,5,3,2,2,2,NA,4,2
"405",10579,17,1,6,21,NA,5,3,4,2,2,NA,4,2
"406",10579,17,4,6,24,NA,5,3,4,2,2,NA,4,2
"407",10579,17,1,7,25,2,4,3,2,3,2,4,3,2
"408",10579,17,4,7,28,NA,4,2,2,2,2,NA,4,3
"409",10579,17,1,8,29,2,5,2,3,3,2,4,4,2
"410",10579,17,4,9,36,2,3,3,3,2,3,4,4,2
"411",10579,17,1,11,41,1,4,3,3,2,2,4,4,2
"412",10579,17,1,12,45,1,4,4,3,3,2,5,4,2
"413",10579,17,4,12,48,1,5,3,3,2,3,4,4,2
"414",10579,17,1,13,49,1,3,3,4,2,3,5,4,1
"415",10579,17,1,14,53,1,4,3,3,3,3,4,4,2
"416",1180,4,1,1,0,5,2,2,4,1,3,3,5,1
"417",1180,4,1,1,1,1,4,3,3,2,3,3,3,3
"418",1180,4,4,1,4,NA,4,3,5,1,3,NA,3,3
"419",1180,4,4,3,12,NA,3,3,3,1,3,NA,3,4
"420",51446,11,1,1,1,2,3,5,4,2,3,4,3,3
"421",51446,11,4,1,4,3,3,3,3,1,4,3,4,2
"422",51446,11,1,2,5,3,4,3,4,2,2,2,2,2
"423",51446,11,1,3,9,NA,5,5,2,4,2,NA,3,4
"424",51446,11,1,4,13,2,5,2,3,3,2,3,2,3
"425",51446,11,1,5,17,2,2,4,4,2,4,4,1,3
"426",51446,11,1,6,21,2,4,4,5,3,2,4,1,3
"427",51446,11,1,7,25,2,2,2,4,1,4,4,4,1
"428",51446,11,1,8,29,2,3,4,4,2,4,4,3,3
"429",51446,11,1,9,33,3,5,4,4,3,2,3,3,3
"430",51446,11,1,11,41,4,3,2,2,4,2,2,2,4
"431",21156,2,1,1,1,2,2,3,3,2,3,2,4,2
"432",21156,2,1,6,21,2,3,3,4,1,3,3,3,3
"433",82671,3,2,1,2,4,4,3,4,1,4,3,4,1
"434",82671,3,1,2,5,1,3,2,3,1,3,4,4,2
"435",82671,3,1,3,9,1,3,2,3,1,3,3,4,1
"436",58472,1,1,1,1,3,2,3,3,2,3,3,3,3
"437",62268,8,4,1,4,2,1,1,2,2,5,3,2,2
"438",62268,8,4,2,8,1,4,3,3,2,1,1,3,4
"439",62268,8,1,3,9,NA,5,4,4,2,2,NA,3,3
"440",62268,8,4,3,12,2,3,3,3,2,2,2,3,3
"441",62268,8,1,5,17,2,4,2,3,2,3,2,NA,2
"442",62268,8,1,8,29,1,3,2,3,1,2,3,3,2
"443",62268,8,1,11,41,2,4,2,3,1,2,4,3,2
"444",62268,8,1,13,49,2,2,1,2,1,3,4,4,2
"445",73719,6,1,1,1,2,5,3,2,3,2,3,4,3
"446",73719,6,1,6,21,NA,5,3,3,3,1,NA,4,3
"447",73719,6,1,7,25,NA,4,1,5,2,3,NA,5,3
"448",73719,6,1,8,29,1,3,1,2,2,3,5,5,1
"449",73719,6,1,11,41,1,5,3,3,2,3,5,5,1
"450",73719,6,4,11,44,1,5,4,3,4,3,3,3,3
"451",46328,2,2,1,2,4,2,3,4,2,4,3,4,1
"452",46328,2,1,3,9,2,4,4,3,2,2,3,4,2
"453",53836,7,1,1,1,1,4,4,5,1,3,5,5,1
"454",53836,7,1,2,5,1,1,1,5,1,5,5,5,1
"455",53836,7,1,5,17,1,1,3,5,1,5,5,5,1
"456",53836,7,1,7,25,2,3,3,1,1,3,5,5,3
"457",53836,7,1,8,29,1,5,2,2,1,2,5,4,5
"458",53836,7,1,13,49,2,2,2,5,1,3,5,5,3
"459",53836,7,1,14,53,NA,4,1,5,1,2,NA,5,1
"460",13674,2,2,1,2,2,3,4,4,1,3,4,2,4
"461",13674,2,1,6,21,2,3,3,3,2,4,4,3,2
"462",34821,2,1,1,1,2,4,4,3,4,2,3,3,3
"463",34821,2,1,3,9,1,3,2,3,1,3,4,4,1
"464",79243,13,2,1,2,2,4,3,4,2,1,3,2,1
"465",79243,13,1,2,5,2,2,3,4,2,3,3,3,2
"466",79243,13,1,3,9,1,3,2,4,1,3,4,4,1
"467",79243,13,1,5,17,3,3,2,2,3,2,3,4,3
"468",79243,13,1,6,21,2,4,3,3,2,3,4,3,2
"469",79243,13,1,7,25,2,4,2,4,1,2,4,4,1
"470",79243,13,1,9,33,1,3,4,5,1,3,4,4,2
"471",79243,13,1,10,37,1,3,3,4,1,4,4,4,1
"472",79243,13,1,11,41,NA,4,5,4,2,1,NA,2,2
"473",79243,13,1,12,45,2,5,3,3,1,2,4,3,2
"474",79243,13,1,13,49,2,5,2,2,2,2,3,4,3
"475",79243,13,1,14,53,2,4,4,4,1,3,3,3,2
"476",79243,13,1,15,57,3,4,3,2,2,3,3,3,3
"477",31829,1,1,1,1,3,3,2,2,4,3,5,3,4
"478",32492,2,2,1,2,2,5,3,5,3,1,5,3,1
"479",32492,2,1,13,49,NA,5,1,1,3,1,NA,4,3
"480",6777,5,2,1,2,4,3,1,3,1,4,1,5,3
"481",6777,5,1,2,5,1,4,3,3,1,3,2,3,3
"482",6777,5,1,4,13,1,2,2,3,1,3,3,4,1
"483",6777,5,1,7,25,2,1,3,4,1,5,3,3,3
"484",6777,5,1,9,33,2,4,2,3,2,2,2,3,2
"485",63927,6,1,1,0,2,4,3,2,4,2,5,3,5
"486",63927,6,1,1,1,1,3,2,3,2,3,4,3,3
"487",63927,6,1,6,21,1,5,2,2,1,1,1,3,4
"488",63927,6,1,7,25,1,5,3,2,2,1,1,3,4
"489",63927,6,1,8,29,1,5,1,2,2,1,2,5,3
"490",63927,6,1,14,53,1,2,2,2,1,1,1,3,3
"491",85435,4,1,1,0,5,2,3,5,1,4,3,5,1
"492",85435,4,1,1,1,1,2,2,5,1,5,4,5,1
"493",85435,4,1,3,9,NA,5,2,5,1,3,NA,5,1
"494",85435,4,1,147,585,1,2,1,5,1,4,4,5,1
"495",47525,1,1,1,1,1,5,5,3,1,1,5,1,1
"496",70533,8,1,1,1,3,3,2,3,1,3,4,5,2
"497",70533,8,1,5,17,NA,5,2,2,2,2,NA,4,4
"498",70533,8,1,7,25,1,4,1,5,1,3,5,5,1
"499",70533,8,1,8,29,1,3,1,3,2,3,5,5,2
"500",70533,8,1,11,41,1,2,1,4,1,4,4,5,2
"501",70533,8,1,12,45,1,2,2,4,1,4,4,3,2
"502",70533,8,1,167,665,NA,5,4,4,1,1,NA,3,1
"503",70533,8,1,168,669,2,3,3,4,1,2,3,2,1
"504",66840,13,1,1,1,3,4,1,3,1,1,5,4,3
"505",66840,13,1,3,9,2,3,3,5,1,3,3,3,1
"506",66840,13,1,6,21,3,4,1,3,1,2,3,4,3
"507",66840,13,1,8,29,3,5,1,5,1,1,3,4,1
"508",66840,13,1,9,33,3,5,1,3,1,2,3,5,1
"509",66840,13,1,10,37,2,2,1,5,1,5,4,3,2
"510",66840,13,1,11,41,NA,5,4,4,1,3,NA,3,2
"511",66840,13,1,12,45,2,4,1,5,1,4,2,4,1
"512",66840,13,1,13,49,2,4,1,4,1,2,3,3,2
"513",66840,13,1,15,57,2,4,2,3,1,2,3,4,1
"514",66840,13,1,16,61,3,5,3,5,1,1,3,3,2
"515",66840,13,1,17,65,2,5,1,3,1,2,3,5,1
"516",66840,13,1,20,77,2,5,1,4,1,2,3,4,2
"517",20039,1,1,1,1,3,2,3,4,1,4,3,4,2
"518",51291,2,2,1,2,1,3,2,3,4,3,3,4,3
"519",51291,2,1,11,41,1,3,4,3,2,2,3,3,2
"520",64603,25,1,1,1,2,2,2,3,1,1,1,3,2
"521",64603,25,1,6,21,1,3,2,3,2,2,3,3,3
"522",64603,25,1,10,37,NA,4,2,3,1,1,NA,4,3
"523",64603,25,1,12,45,NA,3,2,3,3,1,NA,3,2
"524",64603,25,1,16,61,NA,4,3,2,1,1,NA,3,3
"525",64603,25,1,17,65,NA,4,3,3,3,1,NA,3,3
"526",64603,25,1,19,73,NA,5,4,5,2,1,NA,4,4
"527",64603,25,1,20,77,NA,3,2,4,3,1,NA,3,3
"528",64603,25,1,21,81,NA,2,3,3,2,3,NA,3,3
"529",64603,25,1,22,85,NA,4,3,3,4,1,NA,3,3
"530",64603,25,1,23,89,NA,3,3,4,1,4,NA,2,4
"531",64603,25,1,24,93,NA,4,3,3,4,1,NA,3,3
"532",64603,25,1,25,97,NA,4,3,3,2,1,NA,3,1
"533",64603,25,1,28,109,NA,3,3,4,3,1,NA,3,3
"534",64603,25,1,29,113,NA,4,4,2,3,1,NA,3,3
"535",64603,25,1,30,117,NA,3,3,3,3,1,NA,3,4
"536",64603,25,1,31,121,NA,3,2,4,3,1,NA,3,3
"537",64603,25,1,32,125,NA,3,2,2,2,1,NA,2,2
"538",64603,25,1,34,133,NA,3,4,4,3,1,NA,3,3
"539",64603,25,1,36,141,NA,4,3,3,3,1,NA,4,3
"540",64603,25,1,38,149,NA,3,2,3,3,1,NA,3,2
"541",64603,25,1,39,153,NA,3,3,3,3,1,NA,2,3
"542",64603,25,1,40,157,NA,3,3,3,2,1,NA,2,2
"543",64603,25,4,40,160,NA,3,2,3,2,1,NA,3,2
"544",64603,25,1,41,161,NA,3,2,3,3,1,NA,3,3
"545",98181,7,2,1,2,3,2,2,3,1,3,1,4,4
"546",98181,7,1,2,5,1,3,4,3,1,3,3,4,2
"547",98181,7,1,3,9,1,2,3,3,1,3,4,4,1
"548",98181,7,1,4,13,1,3,3,4,2,3,3,4,3
"549",98181,7,1,5,17,1,1,3,4,1,4,4,4,1
"550",98181,7,1,6,21,1,3,3,2,3,1,2,3,3
"551",98181,7,1,7,25,1,4,3,3,2,2,3,3,2
"552",9676,1,2,1,2,3,4,2,2,3,4,2,4,3
"553",59665,9,2,1,2,2,2,3,2,1,2,2,4,3
"554",59665,9,4,1,4,2,2,4,3,2,3,3,3,3
"555",59665,9,1,2,5,1,5,5,3,2,2,3,4,2
"556",59665,9,2,2,6,3,5,2,2,2,1,2,2,2
"557",59665,9,3,2,7,3,3,4,3,3,3,3,2,4
"558",59665,9,4,2,8,2,5,1,3,2,4,3,5,1
"559",59665,9,2,4,14,2,4,3,1,3,2,2,3,2
"560",59665,9,1,6,21,2,3,1,2,2,2,3,3,3
"561",59665,9,1,8,29,NA,5,5,2,1,1,NA,1,1
"562",60031,24,1,1,1,4,3,2,5,1,3,4,5,1
"563",60031,24,1,2,5,1,4,1,4,1,2,3,5,2
"564",60031,24,1,4,13,1,4,2,5,1,1,3,5,2
"565",60031,24,1,6,21,NA,5,2,1,3,1,NA,3,5
"566",60031,24,1,7,25,NA,5,3,5,2,1,NA,3,1
"567",60031,24,1,8,29,1,5,1,4,1,1,1,3,1
"568",60031,24,1,9,33,NA,5,1,5,1,1,NA,3,1
"569",60031,24,1,10,37,NA,5,1,5,1,1,NA,4,1
"570",60031,24,1,13,49,NA,5,1,4,2,1,NA,4,1
"571",60031,24,1,14,53,2,4,1,2,1,2,3,5,2
"572",60031,24,1,16,61,1,1,1,5,1,4,4,5,1
"573",60031,24,1,18,69,NA,5,4,3,3,1,NA,1,3
"574",60031,24,1,19,73,2,5,1,2,2,1,2,3,3
"575",60031,24,1,20,77,NA,5,3,5,3,1,NA,1,1
"576",60031,24,1,21,81,1,4,1,2,1,1,1,5,3
"577",60031,24,1,22,85,1,3,2,4,1,3,2,5,1
"578",60031,24,1,24,93,1,2,1,4,1,3,3,3,1
"579",60031,24,1,25,97,1,4,1,5,1,3,2,5,1
"580",60031,24,4,25,100,1,5,1,5,1,1,1,5,1
"581",60031,24,1,26,101,2,4,1,4,1,2,2,5,1
"582",60031,24,4,26,104,1,3,1,5,1,3,3,5,1
"583",60031,24,1,27,105,1,5,2,3,1,2,1,3,3
"584",60031,24,1,28,109,1,3,2,3,2,2,2,5,1
"585",60031,24,1,29,113,1,4,1,3,1,1,1,4,1
"586",91339,10,2,1,2,3,3,2,3,1,3,3,5,2
"587",91339,10,1,2,5,1,3,5,4,1,2,2,3,2
"588",91339,10,1,4,13,NA,5,2,3,1,1,NA,3,2
"589",91339,10,1,8,29,1,1,4,3,1,2,5,5,1
"590",91339,10,1,10,37,1,1,2,2,2,3,4,3,4
"591",91339,10,1,13,49,1,2,2,4,2,2,4,4,2
"592",91339,10,1,14,53,1,3,4,3,1,3,4,3,3
"593",91339,10,1,18,69,1,5,4,3,2,1,3,2,2
"594",91339,10,4,19,76,1,3,1,2,1,3,5,4,3
"595",91339,10,1,22,85,3,2,5,4,1,2,5,5,1
"596",60311,1,1,1,1,2,3,3,4,2,2,3,3,2
"597",77407,6,1,1,1,5,2,4,5,1,5,1,3,1
"598",77407,6,1,9,33,1,5,2,5,1,2,5,5,1
"599",77407,6,1,16,61,2,2,2,5,1,4,5,5,1
"600",77407,6,1,20,77,1,3,1,5,1,3,3,4,1
"601",77407,6,1,27,105,2,3,2,4,1,4,4,4,1
"602",77407,6,4,27,108,2,3,2,4,1,3,4,4,2
"603",37024,28,1,1,1,2,4,4,3,2,3,5,3,3
"604",37024,28,1,2,5,1,2,1,3,1,5,5,5,1
"605",37024,28,1,4,13,1,3,1,3,2,2,2,4,2
"606",37024,28,1,5,17,1,5,1,4,1,2,1,5,1
"607",37024,28,4,5,20,NA,3,2,3,1,1,NA,1,1
"608",37024,28,1,7,25,1,3,1,3,1,2,1,5,2
"609",37024,28,4,8,32,1,1,2,5,1,5,1,5,1
"610",37024,28,1,9,33,1,2,5,4,1,2,1,2,1
"611",37024,28,1,11,41,1,3,5,4,1,2,1,4,1
"612",37024,28,1,12,45,1,3,1,5,1,2,2,5,1
"613",37024,28,1,13,49,NA,5,2,3,1,1,NA,3,1
"614",37024,28,4,13,52,1,2,4,4,1,4,1,3,1
"615",37024,28,1,14,53,1,2,1,4,1,4,3,4,1
"616",37024,28,4,14,56,NA,5,3,3,3,1,NA,4,3
"617",37024,28,4,15,60,1,2,2,2,1,4,3,3,1
"618",37024,28,1,16,61,NA,5,1,3,1,1,NA,2,1
"619",37024,28,1,18,69,NA,5,1,5,1,1,NA,5,1
"620",37024,28,4,18,72,1,5,1,2,1,2,1,5,2
"621",37024,28,1,19,73,1,4,2,3,1,2,1,5,1
"622",37024,28,4,19,76,NA,5,1,2,3,1,NA,5,5
"623",37024,28,1,20,77,NA,5,1,1,3,1,NA,5,5
"624",37024,28,4,20,80,NA,4,1,1,1,1,NA,5,5
"625",37024,28,1,26,101,3,4,3,2,2,2,3,3,2
"626",37024,28,4,26,104,1,1,5,5,1,3,3,2,1
"627",37024,28,1,27,105,1,4,1,2,1,1,1,5,2
"628",37024,28,3,27,107,1,2,1,2,1,3,1,5,2
"629",37024,28,1,29,113,1,4,3,4,1,2,1,3,1
"630",37024,28,1,30,117,1,2,2,4,1,2,3,4,1
"631",25645,52,2,1,2,4,2,2,3,1,4,2,4,2
"632",25645,52,1,2,5,1,4,5,3,2,3,3,3,1
"633",25645,52,1,3,9,1,5,1,4,1,3,4,5,1
"634",25645,52,1,6,21,1,3,2,2,1,4,4,4,3
"635",25645,52,4,6,24,1,5,1,2,1,2,3,5,3
"636",25645,52,1,8,29,1,5,3,4,1,2,4,4,1
"637",25645,52,4,8,32,1,2,5,4,1,4,5,4,2
"638",25645,52,1,9,33,1,2,3,5,1,5,4,4,1
"639",25645,52,4,9,36,1,3,5,5,1,5,4,5,1
"640",25645,52,1,10,37,1,5,3,4,1,1,2,2,1
"641",25645,52,4,10,40,1,4,5,5,1,3,3,4,1
"642",25645,52,1,11,41,1,3,4,4,4,2,3,2,3
"643",25645,52,4,11,44,1,3,4,4,2,3,4,4,1
"644",25645,52,4,12,48,1,3,5,5,1,3,3,3,1
"645",25645,52,1,13,49,1,4,2,4,1,2,3,4,2
"646",25645,52,4,13,52,1,4,1,2,2,3,5,4,2
"647",25645,52,1,14,53,1,3,3,5,1,4,4,4,2
"648",25645,52,4,14,56,1,5,2,3,1,2,3,4,2
"649",25645,52,1,15,57,1,4,3,2,1,2,3,4,3
"650",25645,52,4,16,64,1,2,1,1,1,4,2,5,1
"651",25645,52,4,17,68,2,3,2,5,1,4,4,5,1
"652",25645,52,4,18,72,2,2,3,4,1,4,3,5,1
"653",25645,52,1,19,73,1,2,2,4,1,3,5,5,1
"654",25645,52,4,19,76,1,1,5,5,1,5,4,4,1
"655",25645,52,1,20,77,1,5,2,3,1,2,2,4,1
"656",25645,52,4,21,84,2,4,3,5,1,2,2,4,1
"657",25645,52,1,22,85,1,4,2,4,1,2,3,5,1
"658",25645,52,1,23,89,1,3,3,4,1,3,3,3,1
"659",25645,52,4,23,92,1,4,3,4,3,2,2,3,1
"660",25645,52,1,24,93,1,4,2,4,1,2,1,5,1
"661",25645,52,4,24,96,1,2,4,5,1,5,4,4,1
"662",25645,52,1,25,97,NA,3,5,5,1,1,NA,2,1
"663",25645,52,1,26,101,1,3,5,5,1,4,3,1,1
"664",25645,52,3,26,103,1,2,3,5,1,3,3,4,1
"665",25645,52,1,27,105,1,4,1,5,1,2,1,5,1
"666",25645,52,2,28,110,2,2,2,4,1,4,4,5,1
"667",25645,52,1,29,113,1,4,1,5,1,2,2,5,1
"668",25645,52,2,29,114,1,5,2,5,1,1,1,4,1
"669",25645,52,3,29,115,1,4,1,4,1,2,2,4,2
"670",25645,52,2,30,118,1,2,1,3,1,3,3,5,3
"671",25645,52,1,31,121,NA,4,5,5,1,1,NA,1,2
"672",25645,52,2,31,122,1,4,5,5,1,2,2,2,1
"673",25645,52,4,32,128,1,2,3,5,1,5,3,5,1
"674",25645,52,2,33,130,1,1,4,5,1,5,4,5,1
"675",25645,52,1,34,133,2,2,5,5,1,4,3,4,1
"676",25645,52,3,34,135,1,3,3,5,1,3,3,5,1
"677",25645,52,1,35,137,1,2,5,5,1,5,4,2,1
"678",25645,52,3,35,139,1,3,3,5,1,5,3,5,1
"679",25645,52,2,37,146,1,3,5,5,1,3,2,3,1
"680",25645,52,1,38,149,1,4,5,5,1,2,1,2,1
"681",25645,52,3,38,151,NA,5,3,4,1,1,NA,3,1
"682",25645,52,1,41,161,1,4,2,4,1,2,2,4,1
"683",44871,32,1,1,1,4,5,1,3,1,1,4,5,3
"684",44871,32,1,5,17,1,5,1,5,1,2,4,5,2
"685",44871,32,1,6,21,2,2,3,3,1,4,4,3,3
"686",44871,32,1,7,25,NA,5,1,3,1,1,NA,4,3
"687",44871,32,1,8,29,1,3,1,4,1,3,5,5,3
"688",44871,32,1,9,33,NA,4,1,4,1,2,NA,5,2
"689",44871,32,1,10,37,NA,5,3,4,1,1,NA,3,3
"690",44871,32,1,11,41,2,3,1,4,1,3,4,5,2
"691",44871,32,1,12,45,1,3,1,4,1,5,4,5,2
"692",44871,32,1,13,49,1,2,2,4,1,5,4,4,1
"693",44871,32,1,14,53,NA,5,1,3,1,1,NA,5,3
"694",44871,32,1,15,57,1,3,1,4,1,3,4,5,2
"695",44871,32,1,16,61,NA,5,2,4,1,1,NA,3,2
"696",44871,32,1,18,69,NA,5,3,4,1,1,NA,4,2
"697",44871,32,1,21,81,NA,5,4,5,1,1,NA,3,2
"698",44871,32,1,22,85,1,4,1,4,1,1,4,5,2
"699",44871,32,1,23,89,NA,5,1,5,1,1,NA,5,1
"700",44871,32,1,24,93,1,2,3,4,1,4,4,4,1
"701",44871,32,1,25,97,2,3,1,2,2,3,4,5,3
"702",44871,32,1,26,101,1,1,1,4,1,4,5,5,2
"703",44871,32,1,27,105,1,4,1,4,1,2,3,4,2
"704",44871,32,1,28,109,NA,5,1,3,1,1,NA,5,1
"705",44871,32,1,29,113,1,4,2,4,1,2,4,5,1
"706",44871,32,1,30,117,NA,5,1,3,1,1,NA,5,2
"707",44871,32,1,32,125,1,2,1,3,1,4,4,5,2
"708",44871,32,1,33,129,NA,4,3,4,1,1,NA,3,1
"709",44871,32,1,34,133,2,5,2,4,1,3,3,4,2
"710",44871,32,1,35,137,NA,5,1,4,1,1,NA,5,2
"711",44871,32,4,35,140,2,3,1,3,1,3,4,4,1
"712",44871,32,1,36,141,1,4,1,4,1,3,4,5,2
"713",44871,32,4,36,144,1,3,1,4,1,3,4,5,2
"714",44871,32,4,37,148,1,2,3,5,1,3,4,4,1
"715",57323,16,2,1,2,1,5,4,4,2,1,3,3,1
"716",57323,16,1,7,25,1,5,1,2,1,2,2,3,1
"717",57323,16,1,10,37,NA,2,3,2,2,4,2,2,2
"718",57323,16,1,39,153,NA,5,3,4,1,2,NA,2,2
"719",57323,16,4,46,184,2,5,2,2,1,2,2,3,3
"720",57323,16,1,48,189,NA,5,4,5,1,1,NA,2,1
"721",57323,16,1,50,197,2,3,2,2,1,3,2,4,2
"722",57323,16,3,53,211,2,5,2,3,2,2,2,3,2
"723",57323,16,4,53,212,2,5,2,2,2,2,2,3,3
"724",57323,16,2,60,238,2,2,2,3,1,3,2,3,2
"725",57323,16,3,60,239,2,5,2,2,2,2,2,3,2
"726",57323,16,4,60,240,2,5,2,2,1,2,2,2,2
"727",57323,16,2,67,266,2,4,2,3,2,2,2,3,2
"728",57323,16,2,69,274,2,2,2,2,2,4,2,3,2
"729",57323,16,4,69,276,2,5,2,2,2,2,2,3,2
"730",57323,16,2,78,310,2,5,2,2,2,2,2,3,3
"731",81362,9,1,1,1,1,1,1,2,1,4,5,4,2
"732",81362,9,1,2,5,1,5,3,1,5,1,3,5,4
"733",81362,9,1,3,9,1,5,2,2,1,2,2,4,3
"734",81362,9,1,4,13,1,3,1,2,3,2,3,5,3
"735",81362,9,1,6,21,1,2,3,3,3,1,4,4,3
"736",81362,9,1,7,25,1,5,1,1,3,1,4,4,5
"737",81362,9,4,7,28,1,2,2,2,1,2,5,4,2
"738",81362,9,1,10,37,1,5,3,1,2,1,3,3,5
"739",81362,9,1,14,53,1,3,1,2,2,2,4,5,5
"740",49155,28,1,1,1,2,4,3,3,1,2,4,4,3
"741",49155,28,1,3,9,NA,5,3,5,2,1,NA,4,2
"742",49155,28,1,4,13,1,3,2,5,1,3,5,4,1
"743",49155,28,1,5,17,2,4,2,3,3,2,4,3,3
"744",49155,28,1,6,21,2,5,1,1,3,1,3,3,3
"745",49155,28,1,7,25,1,2,4,5,1,5,5,4,1
"746",49155,28,1,8,29,3,4,2,4,3,2,3,4,3
"747",49155,28,1,9,33,2,2,1,4,1,4,4,4,1
"748",49155,28,1,10,37,1,3,1,5,1,3,5,3,1
"749",49155,28,1,11,41,1,3,4,4,2,3,5,3,1
"750",49155,28,1,12,45,1,5,3,3,2,1,5,4,2
"751",49155,28,1,13,49,3,5,2,3,3,1,3,3,3
"752",49155,28,1,14,53,1,3,1,4,1,3,5,4,1
"753",49155,28,1,15,57,1,3,3,4,1,4,5,3,2
"754",49155,28,1,16,61,1,2,4,5,1,4,5,3,1
"755",49155,28,1,17,65,3,3,1,3,4,3,3,4,3
"756",49155,28,1,18,69,NA,5,1,3,3,1,NA,5,4
"757",49155,28,1,19,73,1,4,2,2,2,2,5,5,3
"758",49155,28,1,20,77,1,2,1,5,1,4,5,5,1
"759",49155,28,1,21,81,1,3,3,5,1,5,5,3,1
"760",49155,28,1,22,85,1,4,1,4,2,1,5,4,1
"761",49155,28,1,23,89,1,2,1,4,1,4,5,4,1
"762",49155,28,1,24,93,1,2,1,5,1,5,5,4,1
"763",49155,28,1,25,97,1,3,1,5,1,3,5,3,1
"764",49155,28,1,26,101,1,4,1,4,1,2,5,5,2
"765",49155,28,1,27,105,1,5,5,5,2,2,4,1,1
"766",49155,28,1,28,109,1,2,4,5,1,5,5,4,1
"767",49155,28,1,29,113,1,3,3,5,1,3,5,3,1
"768",62367,16,1,1,1,4,3,1,2,1,3,3,5,3
"769",62367,16,1,2,5,1,2,2,2,1,3,3,5,2
"770",62367,16,1,3,9,1,4,1,4,2,2,3,5,2
"771",62367,16,1,4,13,1,2,1,4,1,4,3,5,2
"772",62367,16,1,5,17,2,4,1,4,2,2,3,4,3
"773",62367,16,1,6,21,2,2,2,3,2,3,3,5,3
"774",62367,16,1,7,25,3,4,2,3,2,3,2,4,3
"775",62367,16,1,8,29,3,4,1,2,3,2,2,5,3
"776",62367,16,1,9,33,1,1,2,4,1,2,4,4,2
"777",62367,16,1,10,37,1,5,1,4,1,2,3,5,1
"778",62367,16,1,11,41,1,2,1,4,1,3,3,5,1
"779",62367,16,1,12,45,1,5,2,2,1,3,3,5,4
"780",62367,16,1,13,49,3,5,2,2,5,1,2,5,4
"781",62367,16,1,14,53,1,5,1,2,2,3,4,5,3
"782",62367,16,1,15,57,1,2,2,4,1,4,4,5,3
"783",62367,16,1,17,65,1,4,2,4,1,3,4,4,2
"784",49914,11,1,1,1,2,4,3,3,3,3,4,3,2
"785",49914,11,1,4,13,2,4,1,3,1,3,2,4,2
"786",49914,11,2,6,22,1,2,2,4,1,5,4,4,2
"787",49914,11,2,10,38,NA,3,3,4,2,2,NA,3,2
"788",49914,11,3,11,43,2,3,3,3,1,3,3,5,2
"789",49914,11,1,12,45,1,3,5,5,1,3,4,4,2
"790",49914,11,4,19,76,3,3,1,2,3,2,2,2,3
"791",49914,11,1,20,77,1,4,1,2,2,3,4,4,2
"792",49914,11,2,21,82,2,3,2,2,2,3,2,3,3
"793",49914,11,4,21,84,2,3,3,4,2,2,2,4,3
"794",49914,11,2,23,90,1,4,2,2,2,3,4,4,3
"795",90116,16,1,1,0,2,2,2,4,1,4,1,5,1
"796",90116,16,1,1,1,NA,5,1,5,1,1,NA,5,1
"797",90116,16,1,2,5,1,1,3,5,1,5,4,5,1
"798",90116,16,1,3,9,1,2,1,3,1,4,3,5,1
"799",90116,16,1,4,13,1,1,1,5,1,5,4,5,1
"800",90116,16,4,4,16,1,2,1,4,1,5,4,5,1
"801",90116,16,1,5,17,1,5,1,3,1,1,3,5,2
"802",90116,16,1,6,21,1,3,1,5,1,3,3,5,1
"803",90116,16,4,6,24,1,2,1,5,1,4,4,5,1
"804",90116,16,4,7,28,NA,3,1,5,1,2,NA,5,1
"805",90116,16,1,8,29,1,3,1,5,1,1,4,5,1
"806",90116,16,4,8,32,1,1,1,5,1,5,4,4,1
"807",90116,16,4,9,36,1,2,1,5,1,5,4,5,1
"808",90116,16,1,10,37,1,1,1,5,1,5,3,5,1
"809",90116,16,4,10,40,NA,3,1,5,1,1,NA,5,1
"810",90116,16,4,11,44,1,3,1,4,1,4,4,5,3
"811",67931,32,1,1,1,3,1,1,3,2,4,2,5,5
"812",67931,32,1,2,5,1,1,1,4,1,5,5,4,3
"813",67931,32,1,3,9,2,3,1,4,1,5,4,5,5
"814",67931,32,1,4,13,1,4,1,3,2,3,4,4,4
"815",67931,32,1,5,17,1,3,1,4,1,5,5,5,4
"816",67931,32,1,6,21,1,3,1,3,1,3,4,3,5
"817",67931,32,1,7,25,1,3,1,4,1,5,5,4,4
"818",67931,32,1,8,29,NA,4,1,4,1,3,NA,5,3
"819",67931,32,1,9,33,1,3,1,3,3,3,4,4,5
"820",67931,32,1,10,37,1,4,1,3,1,4,5,3,5
"821",67931,32,1,11,41,2,2,1,4,1,5,5,5,3
"822",67931,32,1,13,49,1,4,1,4,1,3,5,5,2
"823",67931,32,1,14,53,1,5,1,1,4,1,4,4,4
"824",67931,32,1,15,57,1,1,1,4,1,5,5,5,1
"825",67931,32,1,16,61,1,1,1,5,1,4,4,4,3
"826",67931,32,1,17,65,1,1,2,4,1,5,5,5,4
"827",67931,32,1,18,69,1,2,1,4,1,4,5,5,3
"828",67931,32,1,20,77,1,2,1,4,1,4,5,5,1
"829",67931,32,1,21,81,1,2,1,5,1,5,5,5,1
"830",67931,32,1,22,85,1,2,1,5,2,4,5,5,1
"831",67931,32,1,23,89,NA,5,1,5,1,1,NA,5,1
"832",67931,32,1,24,93,1,2,1,5,1,4,4,5,1
"833",67931,32,1,25,97,1,2,1,5,1,4,5,5,1
"834",67931,32,1,26,101,1,2,1,5,1,4,5,5,3
"835",67931,32,1,27,105,1,3,1,3,1,4,5,5,5
"836",67931,32,1,28,109,1,4,1,3,1,4,5,5,3
"837",67931,32,1,29,113,1,2,1,5,1,5,4,5,2
"838",67931,32,1,30,117,1,3,1,5,1,2,5,5,2
"839",67931,32,1,31,121,1,1,1,4,1,5,5,5,1
"840",67931,32,1,32,125,1,3,1,5,1,4,5,5,1
"841",67931,32,4,32,128,NA,5,1,4,1,1,NA,5,3
"842",67931,32,1,33,129,1,4,1,4,1,4,5,5,3
"843",73712,1,1,1,1,2,5,2,4,1,3,4,5,2
"844",26333,9,1,1,1,3,5,3,2,1,1,1,2,4
"845",26333,9,1,7,25,3,4,3,3,1,4,2,2,3
"846",26333,9,1,9,33,2,4,3,5,1,4,2,3,2
"847",26333,9,1,10,37,2,2,2,5,1,4,2,4,2
"848",26333,9,1,11,41,3,5,2,5,3,2,2,3,4
"849",26333,9,1,15,57,2,3,3,4,2,3,2,2,4
"850",26333,9,1,17,65,2,3,3,3,2,5,2,3,2
"851",26333,9,1,20,77,NA,4,4,5,2,2,NA,2,2
"852",26333,9,1,25,97,3,3,3,4,2,4,2,3,4
"853",94923,10,2,1,2,3,3,2,3,2,2,2,4,2
"854",94923,10,1,2,5,2,4,2,3,1,3,4,4,3
"855",94923,10,1,3,9,1,3,2,3,2,3,4,3,2
"856",94923,10,1,4,13,2,3,2,4,2,2,4,4,3
"857",94923,10,1,5,17,2,2,2,3,2,3,4,3,2
"858",94923,10,1,6,21,1,2,1,4,2,3,3,2,1
"859",94923,10,1,8,29,1,3,2,4,3,3,4,3,2
"860",94923,10,1,9,33,1,2,3,3,3,3,4,4,2
"861",94923,10,1,11,41,NA,3,2,3,2,2,NA,3,2
"862",94923,10,1,12,45,2,2,2,3,3,3,4,2,3
"863",44421,3,2,1,2,3,4,2,3,1,2,3,5,3
"864",44421,3,1,6,21,1,5,3,3,2,1,3,3,3
"865",44421,3,1,13,49,1,5,2,3,1,1,3,4,2
"866",56782,5,1,1,0,4,1,2,2,1,5,1,5,4
"867",56782,5,1,1,1,2,2,2,4,1,5,3,4,2
"868",56782,5,3,1,3,1,3,4,3,1,3,3,3,4
"869",56782,5,4,1,4,2,2,4,3,2,3,3,3,2
"870",56782,5,1,10,37,1,3,3,2,2,3,4,5,1
"871",79375,6,1,1,1,1,3,1,4,1,3,3,3,3
"872",79375,6,1,4,13,1,5,3,2,3,1,3,3,5
"873",79375,6,1,5,17,1,5,4,3,1,2,3,3,3
"874",79375,6,1,9,33,NA,4,3,4,1,2,NA,3,1
"875",79375,6,1,21,81,1,5,3,3,1,1,3,3,1
"876",79375,6,1,23,89,1,4,3,3,1,3,3,3,1
"877",77364,2,1,1,1,3,3,3,5,1,2,4,4,1
"878",77364,2,1,10,37,1,4,5,5,1,1,2,5,1
"879",76636,3,1,1,1,3,4,2,2,4,1,5,4,5
"880",76636,3,1,3,9,2,5,2,2,3,1,4,3,4
"881",76636,3,1,4,13,NA,5,2,3,2,1,NA,4,3
"882",65562,30,1,1,1,3,4,3,2,1,1,1,3,1
"883",65562,30,1,2,5,2,4,4,2,4,2,4,1,3
"884",65562,30,1,3,9,1,3,5,5,1,4,5,3,3
"885",65562,30,1,4,13,NA,3,3,3,1,1,NA,3,1
"886",65562,30,1,5,17,1,2,1,3,1,4,3,5,3
"887",65562,30,1,8,29,2,3,3,3,1,3,3,3,1
"888",65562,30,1,18,69,1,3,3,3,3,3,4,3,4
"889",65562,30,1,23,89,3,3,1,2,3,2,3,2,3
"890",65562,30,1,29,113,1,4,2,2,3,2,1,3,5
"891",65562,30,4,29,116,1,3,3,3,2,5,5,3,3
"892",65562,30,4,30,120,1,5,1,1,1,1,1,1,5
"893",65562,30,1,32,125,3,5,1,2,3,1,3,3,5
"894",65562,30,1,35,137,1,4,3,2,3,3,3,3,2
"895",65562,30,1,36,141,3,1,3,4,1,5,5,5,2
"896",65562,30,1,37,145,1,4,2,4,1,3,3,3,2
"897",65562,30,1,38,149,1,5,3,3,2,1,3,3,2
"898",65562,30,1,39,153,1,2,3,5,1,3,5,3,2
"899",65562,30,2,51,202,1,5,3,3,4,2,3,2,4
"900",65562,30,2,56,222,1,2,5,3,1,3,5,3,1
"901",65562,30,2,57,226,1,3,3,3,3,2,3,3,1
"902",65562,30,1,58,229,1,3,3,2,3,2,3,3,3
"903",65562,30,4,60,240,1,3,3,5,2,4,5,4,3
"904",65562,30,2,62,246,1,5,3,3,3,2,5,3,3
"905",65562,30,1,66,261,1,4,5,2,1,2,3,3,2
"906",65562,30,2,67,266,1,2,2,4,1,4,4,4,1
"907",65562,30,4,70,280,1,1,5,5,1,5,5,3,1
"908",65562,30,4,72,288,3,5,1,1,2,1,3,3,5
"909",65562,30,2,74,294,NA,4,4,2,4,1,NA,2,4
"910",65562,30,1,83,329,1,4,3,3,2,2,3,3,2
"911",65562,30,4,88,352,1,5,3,3,5,2,5,4,2
"912",1996,5,2,1,2,1,5,4,2,1,1,3,3,4
"913",1996,5,1,3,9,1,5,2,3,2,1,2,4,3
"914",1996,5,1,5,17,NA,2,1,3,1,4,NA,4,3
"915",1996,5,1,12,45,NA,3,2,5,1,3,NA,3,1
"916",1996,5,1,14,53,1,3,3,3,2,2,3,3,4
"917",71951,2,1,1,1,NA,4,3,4,1,2,NA,4,1
"918",71951,2,4,7,28,1,2,2,2,1,3,1,NA,1
"919",58117,22,1,1,1,3,4,2,3,3,3,5,5,2
"920",58117,22,4,1,4,1,4,3,4,2,3,5,5,3
"921",58117,22,1,2,5,1,5,2,1,1,1,3,4,2
"922",58117,22,4,2,8,NA,5,2,3,1,1,NA,5,3
"923",58117,22,1,3,9,1,3,4,3,1,3,3,3,2
"924",58117,22,4,3,12,1,1,2,5,1,5,5,5,1
"925",58117,22,4,4,16,1,2,2,4,1,5,NA,5,1
"926",58117,22,1,7,25,1,2,3,2,1,3,2,4,3
"927",58117,22,4,7,28,1,5,1,1,2,1,1,5,5
"928",58117,22,1,10,37,1,3,3,3,1,3,3,5,3
"929",58117,22,4,10,40,NA,5,3,5,1,1,NA,3,2
"930",58117,22,1,11,41,1,2,3,4,1,4,3,3,2
"931",58117,22,1,13,49,1,1,1,3,1,5,5,5,2
"932",58117,22,4,17,68,NA,5,3,4,2,1,NA,3,2
"933",58117,22,1,21,81,1,3,3,2,2,2,2,3,4
"934",58117,22,3,22,87,1,4,2,3,2,2,3,2,3
"935",58117,22,2,23,90,1,5,3,3,2,1,1,4,4
"936",58117,22,3,24,95,NA,5,5,5,2,1,NA,2,2
"937",58117,22,4,24,96,1,2,4,4,1,3,3,3,2
"938",58117,22,1,25,97,1,5,1,3,1,1,1,4,3
"939",58117,22,1,30,117,1,2,3,3,2,3,3,3,2
"940",58117,22,3,36,143,2,5,2,3,1,1,2,3,3
"941",96023,1,1,1,1,2,2,2,5,1,4,3,4,1
"942",1119,6,2,1,2,1,5,1,2,2,1,5,3,5
"943",1119,6,1,3,9,1,3,1,4,1,3,3,4,2
"944",1119,6,1,8,29,1,3,2,3,2,4,3,4,4
"945",1119,6,1,9,33,4,5,4,3,2,1,2,3,1
"946",1119,6,1,15,57,NA,3,2,4,1,3,NA,3,3
"947",1119,6,1,16,61,1,5,5,1,5,1,1,2,3
"948",92291,7,1,1,1,3,3,3,3,1,2,3,2,2
"949",92291,7,1,2,5,NA,4,2,3,2,2,NA,2,3
"950",92291,7,1,3,9,1,4,2,3,2,2,3,3,2
"951",92291,7,1,4,13,1,4,1,2,2,2,4,3,4
"952",92291,7,1,5,17,2,2,4,3,3,4,3,2,3
"953",92291,7,1,6,21,2,4,4,3,2,3,2,3,3
"954",92291,7,1,7,25,1,3,3,5,1,3,3,3,2
"955",38630,24,1,1,0,4,3,1,2,2,3,1,5,5
"956",38630,24,1,1,1,1,5,1,3,1,3,3,5,3
"957",38630,24,1,2,5,NA,5,3,5,4,1,NA,2,3
"958",38630,24,1,3,9,NA,5,1,3,1,1,NA,5,3
"959",38630,24,1,4,13,NA,5,1,5,1,1,NA,5,2
"960",38630,24,1,5,17,1,3,2,5,1,3,4,3,1
"961",38630,24,1,6,21,1,5,1,3,2,1,5,5,3
"962",38630,24,4,6,24,1,2,2,1,3,4,4,5,5
"963",38630,24,1,7,25,1,4,1,3,2,3,4,5,2
"964",38630,24,4,7,28,1,5,4,3,2,1,3,5,1
"965",38630,24,1,8,29,NA,5,3,5,1,1,NA,3,1
"966",38630,24,4,8,32,1,3,3,3,1,3,4,5,1
"967",38630,24,1,9,33,1,5,1,1,1,2,5,5,4
"968",38630,24,4,9,36,NA,5,3,5,1,1,NA,5,1
"969",38630,24,1,10,37,NA,5,5,5,1,1,NA,2,3
"970",38630,24,4,10,40,NA,5,3,3,1,1,NA,3,1
"971",38630,24,1,12,45,1,2,1,1,1,5,5,5,2
"972",38630,24,1,13,49,1,3,1,3,1,3,5,5,3
"973",38630,24,1,15,57,NA,5,3,3,4,1,NA,3,1
"974",38630,24,1,16,61,1,4,1,1,2,3,4,5,5
"975",38630,24,1,17,65,NA,5,1,3,2,1,NA,4,3
"976",38630,24,1,18,69,1,2,1,3,1,4,5,5,1
"977",38630,24,1,21,81,1,5,2,3,2,2,3,3,3
"978",38630,24,1,30,117,1,5,1,3,2,2,4,5,3
"979",95084,45,1,1,1,3,4,1,3,2,2,4,5,1
"980",95084,45,1,2,5,1,2,3,4,1,5,5,5,2
"981",95084,45,1,3,9,1,2,4,4,1,4,4,5,3
"982",95084,45,1,4,13,1,2,4,5,1,5,4,5,3
"983",95084,45,1,5,17,1,2,2,4,1,4,5,5,1
"984",95084,45,1,6,21,1,3,2,3,1,3,5,5,2
"985",95084,45,1,7,25,1,4,2,4,1,2,4,5,1
"986",95084,45,1,8,29,1,3,2,4,1,4,4,5,2
"987",95084,45,1,9,33,1,4,1,5,1,2,5,5,2
"988",95084,45,1,10,37,1,4,1,3,1,2,4,5,1
"989",95084,45,1,11,41,1,3,2,5,1,3,5,5,1
"990",95084,45,1,12,45,1,3,2,4,1,5,5,5,1
"991",95084,45,1,13,49,1,4,2,5,1,3,4,5,2
"992",95084,45,1,14,53,NA,4,3,4,1,1,NA,4,4
"993",95084,45,1,15,57,1,3,1,4,1,4,5,5,3
"994",95084,45,1,17,65,1,5,1,4,1,1,5,5,3
"995",95084,45,1,18,69,1,5,1,5,1,2,5,5,2
"996",95084,45,1,19,73,1,4,1,5,1,2,5,5,2
"997",95084,45,4,19,76,1,3,2,4,1,3,5,5,2
"998",95084,45,4,21,84,1,4,5,5,2,1,4,4,2
"999",95084,45,1,22,85,1,4,2,4,1,3,5,5,2
"1000",95084,45,4,22,88,1,2,4,5,1,5,5,5,2
"1001",95084,45,1,24,93,1,5,3,5,1,2,5,5,3
"1002",95084,45,1,25,97,1,4,1,4,1,4,5,5,3
"1003",95084,45,1,26,101,2,3,2,3,1,2,4,5,3
"1004",95084,45,1,27,105,1,3,2,5,1,4,5,4,1
"1005",95084,45,4,27,108,NA,5,2,4,1,2,NA,4,1
"1006",95084,45,1,28,109,1,5,2,4,1,2,4,4,1
"1007",95084,45,1,29,113,1,5,2,4,1,2,5,5,2
"1008",95084,45,1,30,117,1,5,2,4,1,2,5,5,2
"1009",95084,45,1,32,125,1,4,1,4,1,4,5,5,2
"1010",95084,45,1,33,129,1,4,3,4,1,2,4,5,1
"1011",95084,45,1,34,133,1,3,2,4,1,2,4,5,2
"1012",95084,45,4,34,136,NA,4,1,5,1,1,NA,5,2
"1013",95084,45,1,35,137,1,3,1,5,1,5,5,5,1
"1014",95084,45,4,35,140,1,2,4,5,1,4,5,5,1
"1015",95084,45,1,36,141,1,4,2,4,1,3,5,5,1
"1016",95084,45,1,37,145,1,1,3,5,1,5,5,5,1
"1017",95084,45,1,38,149,1,2,4,5,1,5,5,5,2
"1018",95084,45,1,41,161,1,2,1,2,2,3,5,5,4
"1019",95084,45,4,41,164,NA,5,1,2,1,1,NA,5,4
"1020",95084,45,1,42,165,1,2,1,5,1,4,5,5,2
"1021",95084,45,2,42,166,1,5,1,2,1,1,5,5,4
"1022",95084,45,3,42,167,1,3,1,2,2,3,4,5,4
"1023",95084,45,4,42,168,NA,4,4,4,1,1,NA,4,4
"1024",32812,12,2,1,2,2,3,3,3,1,2,2,3,1
"1025",32812,12,1,2,5,3,5,5,3,3,2,3,2,3
"1026",32812,12,4,3,12,NA,5,3,3,2,1,NA,4,3
"1027",32812,12,1,14,53,1,5,1,2,4,3,3,3,5
"1028",32812,12,1,15,57,2,3,2,3,1,2,3,3,3
"1029",32812,12,4,16,64,NA,5,3,3,1,1,NA,2,3
"1030",32812,12,1,20,77,1,5,1,3,1,1,4,4,2
"1031",32812,12,3,24,95,NA,5,4,3,1,1,NA,4,2
"1032",32812,12,3,26,103,1,3,3,3,2,4,4,4,3
"1033",32812,12,1,27,105,NA,5,3,5,1,1,NA,3,2
"1034",32812,12,2,29,114,NA,5,3,4,1,1,NA,4,1
"1035",32812,12,3,29,115,1,3,1,3,1,3,4,5,1
"1036",97480,95,2,1,2,5,2,3,4,1,5,2,4,3
"1037",97480,95,2,1,2,2,4,3,4,2,2,3,5,1
"1038",97480,95,3,1,3,1,5,4,2,2,1,3,2,3
"1039",97480,95,4,1,4,2,4,3,4,2,4,3,3,2
"1040",97480,95,1,2,5,2,4,3,2,2,3,4,4,5
"1041",97480,95,2,2,6,1,4,1,4,1,5,5,5,2
"1042",97480,95,3,2,7,2,2,4,3,2,5,4,5,3
"1043",97480,95,4,2,8,2,1,4,4,2,5,4,3,3
"1044",97480,95,1,3,9,1,5,2,3,5,2,4,2,5
"1045",97480,95,2,3,10,4,3,5,5,2,5,4,4,2
"1046",97480,95,3,3,11,2,3,5,3,2,3,3,4,4
"1047",97480,95,4,3,12,2,5,3,3,3,2,5,3,3
"1048",97480,95,1,4,13,2,2,2,4,2,3,4,3,4
"1049",97480,95,2,4,14,2,2,3,4,2,5,4,4,2
"1050",97480,95,3,4,15,NA,5,5,3,3,1,NA,3,3
"1051",97480,95,1,5,17,2,4,5,3,4,2,2,2,4
"1052",97480,95,2,5,18,2,5,4,2,5,1,4,2,5
"1053",97480,95,3,5,19,NA,5,5,4,5,1,NA,1,4
"1054",97480,95,4,5,20,NA,5,5,3,5,1,NA,1,4
"1055",97480,95,1,6,21,NA,5,3,4,3,1,NA,3,3
"1056",97480,95,2,6,22,1,5,4,4,2,1,4,3,3
"1057",97480,95,3,6,23,1,5,1,3,2,2,4,5,2
"1058",97480,95,4,6,24,3,4,5,3,3,2,2,3,3
"1059",97480,95,1,7,25,1,3,2,3,2,3,3,2,2
"1060",97480,95,2,7,26,NA,5,5,4,2,1,NA,1,2
"1061",97480,95,3,7,27,1,5,5,3,4,1,3,2,3
"1062",97480,95,4,7,28,1,4,5,4,3,2,5,3,3
"1063",97480,95,1,8,29,NA,5,5,2,5,1,NA,1,5
"1064",97480,95,2,8,30,1,5,5,3,5,1,4,3,5
"1065",97480,95,3,8,31,NA,5,2,3,4,1,NA,3,3
"1066",97480,95,4,8,32,1,5,5,4,4,1,4,1,5
"1067",97480,95,1,9,33,NA,5,4,2,5,1,NA,3,5
"1068",97480,95,2,9,34,1,3,5,4,2,5,5,4,3
"1069",97480,95,3,9,35,1,5,5,4,3,3,4,2,4
"1070",97480,95,4,9,36,NA,5,4,4,2,1,NA,1,3
"1071",97480,95,1,10,37,1,5,5,2,5,1,4,1,4
"1072",97480,95,2,10,38,1,3,2,4,3,3,4,2,4
"1073",97480,95,3,10,39,1,5,5,4,2,2,5,4,4
"1074",97480,95,4,10,40,NA,5,1,5,2,1,NA,4,2
"1075",97480,95,1,11,41,1,5,1,2,2,1,5,4,5
"1076",97480,95,2,11,42,3,5,3,2,4,1,3,5,5
"1077",97480,95,3,11,43,1,5,1,1,2,2,5,5,5
"1078",97480,95,4,11,44,1,2,5,5,2,3,4,4,3
"1079",97480,95,1,12,45,2,5,5,4,2,1,4,3,3
"1080",97480,95,2,12,46,1,2,5,4,2,3,3,2,2
"1081",97480,95,3,12,47,2,2,4,4,2,3,4,3,3
"1082",97480,95,4,12,48,NA,5,2,3,2,1,NA,3,3
"1083",97480,95,3,13,51,1,5,1,4,1,1,5,4,4
"1084",97480,95,4,13,52,4,2,5,1,5,2,2,2,5
"1085",97480,95,2,14,54,NA,5,5,5,2,1,NA,2,3
"1086",97480,95,3,14,55,NA,4,5,2,3,1,NA,1,3
"1087",97480,95,4,14,56,3,3,4,4,2,3,4,2,1
"1088",97480,95,3,15,59,1,4,5,4,4,2,3,2,4
"1089",97480,95,4,15,60,2,4,5,4,3,2,2,4,4
"1090",97480,95,1,16,61,3,5,5,2,4,2,2,1,3
"1091",97480,95,2,16,62,2,4,4,3,4,2,2,4,4
"1092",97480,95,3,16,63,1,3,2,3,2,3,5,3,2
"1093",97480,95,4,16,64,2,4,4,3,2,2,3,3,3
"1094",97480,95,2,17,66,NA,5,2,4,3,1,NA,2,4
"1095",97480,95,3,17,67,2,5,5,4,3,2,4,3,3
"1096",97480,95,4,17,68,2,4,5,4,2,2,4,3,4
"1097",97480,95,1,18,69,1,5,4,3,2,2,5,5,2
"1098",97480,95,2,18,70,1,2,4,5,1,3,5,4,2
"1099",97480,95,3,18,71,1,4,5,5,1,3,4,5,1
"1100",97480,95,4,18,72,NA,5,5,5,1,2,NA,4,2
"1101",97480,95,2,19,74,NA,5,5,4,3,1,NA,1,3
"1102",97480,95,3,19,75,2,4,2,4,2,2,3,5,4
"1103",97480,95,4,19,76,4,5,5,4,3,2,3,2,2
"1104",97480,95,2,20,78,3,4,2,3,2,2,3,4,3
"1105",97480,95,3,20,79,4,2,4,4,2,3,3,3,2
"1106",97480,95,4,20,80,NA,5,5,5,2,1,NA,2,3
"1107",97480,95,1,21,81,1,5,5,5,3,3,5,4,3
"1108",97480,95,2,21,82,3,5,5,3,3,1,2,2,3
"1109",97480,95,3,21,83,1,3,3,4,2,3,4,5,1
"1110",97480,95,4,21,84,1,5,5,5,5,1,1,1,2
"1111",97480,95,1,22,85,1,2,3,4,1,3,5,4,2
"1112",97480,95,2,22,86,3,1,3,5,1,5,2,4,2
"1113",97480,95,4,22,88,2,2,2,3,1,5,4,5,2
"1114",97480,95,2,23,90,2,3,2,1,2,2,4,4,4
"1115",97480,95,3,23,91,1,2,1,5,2,4,5,5,2
"1116",97480,95,4,23,92,2,5,1,3,3,1,4,5,2
"1117",97480,95,2,24,94,3,4,5,4,2,3,2,2,3
"1118",97480,95,3,24,95,3,5,1,4,3,2,3,3,3
"1119",97480,95,4,24,96,3,4,4,3,2,2,3,3,4
"1120",97480,95,2,25,98,1,3,2,5,2,4,4,4,2
"1121",97480,95,3,25,99,2,3,1,3,2,4,5,5,1
"1122",97480,95,4,25,100,3,4,4,3,3,1,3,4,3
"1123",97480,95,2,26,102,2,5,1,5,2,1,3,4,2
"1124",97480,95,3,26,103,1,5,1,5,1,1,4,4,2
"1125",97480,95,4,26,104,2,5,2,4,2,3,2,2,2
"1126",97480,95,2,27,106,1,4,4,2,3,2,4,3,5
"1127",97480,95,3,27,107,2,3,4,4,2,3,4,4,2
"1128",97480,95,2,28,110,NA,5,5,5,1,1,NA,1,1
"1129",97480,95,3,28,111,1,5,3,3,4,1,3,4,4
"1130",97480,95,4,28,112,1,5,4,3,3,2,4,4,2
"1131",53224,14,2,1,2,3,2,4,3,3,4,3,4,2
"1132",53224,14,2,1,2,2,2,2,3,2,3,2,3,2
"1133",53224,14,2,2,6,NA,5,2,3,3,3,NA,3,2
"1134",53224,14,1,3,9,1,2,2,3,2,3,4,2,2
"1135",53224,14,2,3,10,2,2,2,4,2,4,4,3,2
"1136",53224,14,2,4,14,NA,5,5,1,1,1,NA,1,1
"1137",53224,14,4,4,16,5,3,2,2,3,4,5,5,5
"1138",53224,14,1,5,17,NA,5,5,5,3,1,NA,1,3
"1139",53224,14,3,5,19,NA,5,5,3,4,1,NA,2,3
"1140",53224,14,2,7,26,NA,2,2,4,4,3,NA,4,2
"1141",53224,14,2,8,30,5,1,1,1,3,5,3,5,4
"1142",53224,14,3,8,31,3,3,5,3,2,3,2,3,2
"1143",53224,14,1,10,37,4,5,3,1,3,3,4,5,3
"1144",53224,14,3,10,39,1,5,1,3,2,1,1,5,2
"1145",7668,4,2,1,2,1,3,1,2,1,3,3,5,2
"1146",7668,4,1,2,5,2,2,1,3,1,3,3,3,1
"1147",7668,4,1,6,21,NA,4,5,5,1,2,NA,2,2
"1148",7668,4,3,37,147,3,1,4,3,2,3,3,3,4
"1149",9627,13,2,1,2,2,3,3,3,1,4,3,5,4
"1150",9627,13,2,2,6,NA,2,3,3,1,1,NA,3,3
"1151",9627,13,3,2,7,NA,1,4,3,3,1,NA,1,5
"1152",9627,13,4,2,8,NA,4,2,2,2,1,NA,3,3
"1153",9627,13,2,3,10,1,2,2,5,1,1,1,3,2
"1154",9627,13,3,3,11,1,1,3,5,2,1,3,1,3
"1155",9627,13,4,3,12,NA,3,3,3,2,1,NA,1,5
"1156",9627,13,1,4,13,1,3,1,5,1,1,3,5,1
"1157",9627,13,2,4,14,1,3,3,5,2,1,5,5,5
"1158",9627,13,3,4,15,1,5,3,3,2,1,1,1,5
"1159",9627,13,4,4,16,NA,5,1,3,2,1,NA,1,5
"1160",9627,13,4,5,20,NA,5,3,3,2,1,NA,2,5
"1161",9627,13,1,8,29,1,4,3,5,1,2,5,5,5
"1162",50553,3,2,1,2,1,5,1,4,1,3,5,4,1
"1163",50553,3,4,1,4,NA,5,4,4,1,4,NA,4,3
"1164",50553,3,1,3,9,1,3,4,5,1,4,3,4,1
"1165",89784,89,1,1,0,3,3,3,5,1,4,2,4,2
"1166",89784,89,1,1,1,2,4,2,4,1,3,3,3,2
"1167",89784,89,1,2,5,2,5,2,4,1,3,3,4,2
"1168",89784,89,2,2,6,2,3,3,4,2,3,3,4,2
"1169",89784,89,3,2,7,2,2,2,4,1,3,3,3,2
"1170",89784,89,4,2,8,3,1,5,4,2,5,3,3,2
"1171",89784,89,1,3,9,2,5,3,4,1,3,3,3,1
"1172",89784,89,3,3,11,2,5,2,4,2,1,3,3,1
"1173",89784,89,1,4,13,2,2,3,4,2,5,4,4,1
"1174",89784,89,3,4,15,2,5,3,4,1,2,2,3,1
"1175",89784,89,1,5,17,2,5,3,3,2,2,3,3,2
"1176",89784,89,2,5,18,NA,5,2,5,1,1,NA,4,1
"1177",89784,89,3,5,19,2,3,2,4,2,3,3,4,2
"1178",89784,89,4,5,20,2,2,4,5,2,4,4,4,2
"1179",89784,89,1,6,21,NA,4,2,5,1,1,NA,5,2
"1180",89784,89,2,6,22,2,3,3,3,2,3,2,4,2
"1181",89784,89,3,6,23,3,2,2,5,1,3,3,4,2
"1182",89784,89,1,7,25,2,4,2,4,2,2,3,4,2
"1183",89784,89,2,7,26,2,4,3,4,2,1,2,3,2
"1184",89784,89,1,8,29,2,3,3,3,3,2,3,4,2
"1185",89784,89,2,8,30,2,2,4,4,1,4,3,4,2
"1186",89784,89,3,8,31,2,3,3,4,2,3,3,3,2
"1187",89784,89,1,9,33,2,4,4,4,1,3,4,3,1
"1188",89784,89,2,9,34,2,3,2,4,1,3,4,4,1
"1189",89784,89,4,9,36,2,2,2,4,2,4,4,4,1
"1190",89784,89,1,10,37,2,3,2,4,2,2,3,4,1
"1191",89784,89,2,10,38,2,2,2,4,2,4,4,4,2
"1192",89784,89,4,10,40,2,2,2,4,2,4,4,3,2
"1193",89784,89,1,11,41,2,3,2,2,2,2,3,4,2
"1194",89784,89,2,11,42,2,4,2,2,2,1,3,4,3
"1195",89784,89,3,11,43,2,3,4,4,2,2,3,3,2
"1196",89784,89,4,11,44,3,1,4,4,2,4,3,4,1
"1197",89784,89,1,12,45,2,2,3,4,2,2,3,4,3
"1198",89784,89,3,12,47,2,3,3,4,2,3,3,2,2
"1199",89784,89,4,12,48,3,4,3,4,1,2,2,2,1
"1200",89784,89,1,13,49,2,4,2,4,2,2,3,4,2
"1201",89784,89,2,13,50,2,2,2,4,2,3,4,4,2
"1202",89784,89,3,13,51,2,4,3,3,2,3,3,3,2
"1203",89784,89,4,13,52,2,1,1,3,1,4,3,5,2
"1204",89784,89,1,14,53,2,4,2,4,2,3,4,4,1
"1205",89784,89,2,14,54,2,2,3,4,1,4,4,4,2
"1206",89784,89,3,14,55,2,5,2,4,1,2,3,4,2
"1207",89784,89,4,14,56,2,2,2,4,2,3,3,4,1
"1208",89784,89,1,15,57,2,2,3,4,3,2,4,4,2
"1209",89784,89,2,15,58,2,4,2,2,1,2,4,4,3
"1210",89784,89,3,15,59,2,3,2,4,2,3,3,4,2
"1211",89784,89,4,15,60,NA,5,2,4,2,1,NA,4,1
"1212",89784,89,1,16,61,2,4,3,4,1,3,4,4,2
"1213",89784,89,2,16,62,2,2,3,4,2,4,4,4,2
"1214",89784,89,3,16,63,2,2,4,4,1,4,3,4,1
"1215",89784,89,1,17,65,2,4,3,4,3,2,3,3,2
"1216",89784,89,3,17,67,2,4,3,3,4,2,2,3,2
"1217",89784,89,4,17,68,2,4,2,4,2,2,3,4,2
"1218",89784,89,1,18,69,2,3,3,4,2,4,3,4,2
"1219",89784,89,3,18,71,2,2,3,4,1,4,4,4,1
"1220",89784,89,1,19,73,2,3,2,3,3,2,4,4,2
"1221",89784,89,2,19,74,4,3,2,2,3,2,2,4,2
"1222",89784,89,4,19,76,2,2,2,4,4,3,3,4,4
"1223",89784,89,1,20,77,1,5,2,3,2,1,2,4,2
"1224",89784,89,2,20,78,2,2,2,4,2,4,4,4,2
"1225",89784,89,3,20,79,NA,5,2,3,2,1,NA,4,2
"1226",89784,89,1,21,81,2,4,2,3,4,2,3,3,3
"1227",89784,89,2,21,82,2,4,2,2,3,2,3,4,3
"1228",89784,89,3,21,83,2,4,1,3,2,2,3,4,2
"1229",89784,89,3,22,87,2,3,2,3,4,2,3,4,3
"1230",89784,89,1,23,89,NA,5,1,2,2,1,NA,4,3
"1231",89784,89,2,23,90,2,4,2,3,2,3,4,4,2
"1232",89784,89,4,23,92,2,5,2,4,3,2,4,4,2
"1233",89784,89,1,24,93,2,3,2,4,4,4,3,4,2
"1234",89784,89,3,24,95,2,4,2,3,3,2,4,4,2
"1235",89784,89,1,25,97,2,4,2,4,2,2,4,4,2
"1236",89784,89,2,25,98,2,1,1,4,2,4,4,4,2
"1237",89784,89,3,25,99,2,5,2,4,2,1,3,4,2
"1238",89784,89,1,26,101,2,3,3,4,2,3,3,4,2
"1239",89784,89,3,26,103,NA,4,3,4,4,3,NA,4,2
"1240",89784,89,4,26,104,2,3,4,2,4,2,3,4,4
"1241",89784,89,1,27,105,3,4,2,3,3,2,2,4,3
"1242",89784,89,4,27,108,2,2,4,4,2,4,4,4,2
"1243",89784,89,1,28,109,2,2,1,4,1,3,3,4,1
"1244",89784,89,2,28,110,2,2,2,4,1,4,4,4,2
"1245",89784,89,4,28,112,2,2,4,4,2,4,4,4,2
"1246",89784,89,1,29,113,2,2,2,4,1,4,4,4,2
"1247",89784,89,1,30,117,NA,4,1,2,2,1,NA,4,2
"1248",89784,89,2,30,118,2,4,4,4,2,2,3,4,2
"1249",89784,89,3,34,135,3,4,2,3,2,2,2,3,2
"1250",89784,89,2,35,138,NA,5,5,5,2,2,NA,5,2
"1251",89784,89,3,36,143,NA,5,4,4,1,1,NA,4,1
"1252",89784,89,3,42,167,NA,4,5,5,1,2,NA,5,2
"1253",89784,89,1,43,169,2,3,2,4,2,3,3,4,1
"1254",76821,81,1,1,1,3,2,3,4,2,3,4,3,2
"1255",76821,81,1,3,9,2,3,2,1,4,3,3,3,3
"1256",76821,81,4,8,32,2,2,1,3,2,4,4,3,1
"1257",76821,81,4,10,40,1,4,1,3,1,1,3,5,1
"1258",76821,81,1,11,41,1,3,1,4,1,2,4,3,2
"1259",76821,81,1,13,49,3,4,2,3,1,2,2,3,2
"1260",76821,81,4,13,52,1,4,1,4,2,3,5,5,2
"1261",76821,81,1,14,53,1,1,1,4,1,4,5,5,1
"1262",76821,81,4,14,56,NA,5,1,4,2,1,NA,5,2
"1263",76821,81,1,15,57,2,4,1,3,1,3,4,5,2
"1264",76821,81,1,17,65,1,4,2,3,1,3,5,4,2
"1265",76821,81,1,18,69,1,2,2,4,2,4,5,4,2
"1266",76821,81,4,18,72,NA,4,3,5,1,1,NA,4,1
"1267",76821,81,4,19,76,1,5,2,4,2,1,3,4,2
"1268",76821,81,1,22,85,1,3,1,4,1,3,5,4,1
"1269",76821,81,4,24,96,1,2,1,3,1,4,5,4,2
"1270",76821,81,1,25,97,1,2,1,4,1,4,5,5,2
"1271",76821,81,3,25,99,3,1,4,5,1,4,4,1,1
"1272",76821,81,4,25,100,2,3,3,4,1,4,5,3,2
"1273",76821,81,3,26,103,NA,5,4,3,3,1,NA,2,3
"1274",76821,81,4,26,104,5,2,2,1,2,3,3,3,4
"1275",76821,81,1,27,105,3,5,1,3,1,2,4,3,3
"1276",76821,81,2,27,106,1,2,1,5,1,4,5,5,1
"1277",76821,81,4,27,108,1,5,1,3,2,2,5,5,2
"1278",76821,81,1,29,113,1,2,2,3,2,4,5,4,1
"1279",76821,81,2,29,114,1,2,2,4,1,4,5,4,2
"1280",76821,81,2,32,126,1,2,2,5,1,3,5,5,1
"1281",76821,81,3,32,127,1,4,1,3,2,1,5,5,2
"1282",76821,81,4,32,128,NA,5,1,3,1,1,NA,4,3
"1283",76821,81,1,34,133,1,3,1,5,1,3,5,4,3
"1284",76821,81,2,34,134,1,5,5,5,1,1,5,3,1
"1285",76821,81,3,34,135,2,4,5,4,1,2,5,3,2
"1286",76821,81,4,34,136,2,3,4,3,2,3,5,4,3
"1287",76821,81,3,36,143,1,2,5,5,1,3,5,3,1
"1288",76821,81,2,37,146,1,3,5,4,1,3,5,3,2
"1289",76821,81,3,37,147,1,5,2,4,1,2,5,4,2
"1290",76821,81,2,38,150,NA,5,2,2,2,1,NA,4,3
"1291",76821,81,3,38,151,NA,5,1,4,2,1,NA,5,2
"1292",76821,81,1,39,153,1,2,1,4,1,4,5,4,2
"1293",76821,81,2,39,154,1,3,2,4,2,4,5,5,2
"1294",76821,81,3,39,155,NA,4,1,4,1,1,NA,5,1
"1295",76821,81,1,41,161,2,4,3,3,2,1,5,3,2
"1296",76821,81,2,42,166,2,2,2,3,1,3,5,3,3
"1297",76821,81,3,42,167,1,4,1,3,2,2,5,4,2
"1298",76821,81,4,42,168,1,5,1,4,4,1,5,4,2
"1299",76821,81,1,43,169,1,4,2,1,3,1,5,1,4
"1300",76821,81,2,43,170,1,5,1,3,2,1,5,5,2
"1301",76821,81,3,43,171,NA,4,1,1,2,1,NA,3,5
"1302",76821,81,3,48,191,1,3,3,2,5,2,5,2,3
"1303",76821,81,1,49,193,1,3,2,2,4,2,5,4,3
"1304",76821,81,2,49,194,1,5,2,3,2,1,5,5,3
"1305",76821,81,3,49,195,1,1,1,4,4,4,5,4,3
"1306",76821,81,4,49,196,1,5,1,4,2,2,5,5,2
"1307",76821,81,1,50,197,1,3,2,4,2,3,5,5,2
"1308",76821,81,2,50,198,1,2,4,4,2,5,5,4,2
"1309",76821,81,3,50,199,1,4,2,4,2,3,5,4,2
"1310",76821,81,2,51,202,1,3,1,4,1,4,5,5,1
"1311",76821,81,2,52,206,NA,5,4,4,1,1,NA,3,2
"1312",76821,81,2,53,210,1,1,3,4,1,5,5,4,2
"1313",76821,81,2,54,214,1,5,1,2,1,1,5,5,3
"1314",76821,81,3,54,215,NA,5,1,4,2,1,NA,5,3
"1315",76821,81,2,55,218,NA,5,5,5,1,1,NA,2,2
"1316",76821,81,3,55,219,1,2,1,4,1,4,5,5,1
"1317",76821,81,1,56,221,1,2,2,5,1,4,5,4,1
"1318",76821,81,2,56,222,1,2,1,4,1,4,5,5,1
"1319",76821,81,3,56,223,1,2,2,3,2,4,5,4,2
"1320",76821,81,3,58,231,3,4,1,2,3,2,3,4,2
"1321",76821,81,1,59,233,1,5,5,4,3,1,5,3,2
"1322",76821,81,2,59,234,2,4,4,3,4,3,4,4,1
"1323",76821,81,2,60,238,3,2,4,4,3,3,3,2,2
"1324",76821,81,3,60,239,3,3,4,4,3,2,3,2,2
"1325",76821,81,3,61,243,2,4,5,4,1,2,4,2,1
"1326",76821,81,3,62,247,1,3,3,5,1,3,5,4,1
"1327",76821,81,4,62,248,1,3,2,5,2,3,5,4,1
"1328",76821,81,1,63,249,1,3,3,5,1,4,5,3,1
"1329",76821,81,2,63,250,1,3,2,4,1,4,5,4,1
"1330",76821,81,4,63,252,1,4,5,4,1,2,5,3,2
"1331",76821,81,1,64,253,3,4,3,4,2,2,2,2,1
"1332",76821,81,1,65,257,1,3,2,3,1,4,5,3,2
"1333",76821,81,3,67,267,1,3,3,2,1,2,4,3,2
"1334",76821,81,1,70,277,3,3,4,3,1,3,4,3,2
"1335",28355,77,1,1,1,4,2,2,4,1,4,3,4,2
"1336",28355,77,4,3,12,2,3,5,4,3,3,3,3,3
"1337",28355,77,1,4,13,NA,4,3,4,2,2,NA,2,2
"1338",28355,77,4,5,20,2,5,3,4,2,2,3,2,2
"1339",28355,77,4,6,24,2,3,4,3,2,3,3,4,2
"1340",28355,77,4,7,28,4,4,4,2,3,2,3,2,4
"1341",28355,77,1,8,29,3,4,2,2,3,2,5,2,5
"1342",28355,77,4,10,40,2,3,4,4,2,3,3,4,2
"1343",28355,77,3,11,43,3,4,4,2,3,2,2,2,3
"1344",28355,77,4,11,44,2,5,4,2,4,1,3,2,5
"1345",28355,77,1,12,45,2,4,3,3,3,2,3,2,4
"1346",28355,77,2,13,50,3,4,4,2,4,3,3,2,3
"1347",28355,77,3,13,51,3,3,4,2,3,3,3,2,4
"1348",28355,77,2,14,54,2,3,2,4,2,3,3,4,2
"1349",28355,77,3,15,59,2,5,3,3,2,2,3,3,3
"1350",28355,77,2,16,62,3,3,3,2,2,4,4,4,4
"1351",28355,77,2,18,70,4,5,5,3,4,1,1,2,3
"1352",28355,77,3,18,71,2,5,2,4,1,2,3,3,2
"1353",28355,77,1,19,73,1,3,2,4,1,3,4,4,2
"1354",28355,77,2,20,78,2,3,3,4,1,4,3,4,2
"1355",28355,77,3,20,79,2,4,3,4,1,2,3,3,2
"1356",28355,77,1,21,81,2,3,2,3,2,4,3,4,2
"1357",28355,77,2,21,82,2,3,5,4,1,2,3,4,2
"1358",28355,77,3,21,83,2,2,2,4,1,3,3,4,2
"1359",28355,77,4,21,84,2,3,5,4,2,3,3,3,2
"1360",28355,77,2,24,94,2,3,5,4,2,2,3,3,2
"1361",28355,77,3,24,95,2,3,4,3,2,3,3,3,3
"1362",28355,77,4,24,96,3,2,4,4,2,3,3,3,2
"1363",28355,77,2,25,98,2,4,1,4,1,2,3,3,2
"1364",28355,77,4,25,100,2,2,3,4,2,4,3,4,3
"1365",28355,77,2,26,102,2,3,4,3,2,3,3,4,2
"1366",28355,77,3,26,103,2,5,3,4,2,2,2,4,2
"1367",28355,77,1,27,105,2,4,3,3,2,2,3,3,3
"1368",28355,77,2,27,106,3,4,4,3,2,2,3,3,2
"1369",28355,77,1,28,109,2,3,2,4,2,3,4,4,2
"1370",28355,77,2,28,110,2,3,3,4,2,4,3,4,2
"1371",28355,77,3,29,115,3,3,2,3,2,4,3,4,3
"1372",28355,77,4,29,116,3,4,3,2,3,2,3,3,4
"1373",28355,77,1,30,117,2,4,2,2,2,3,3,4,3
"1374",28355,77,2,30,118,1,4,4,4,2,4,3,2,2
"1375",28355,77,4,31,124,2,2,3,4,2,4,4,4,1
"1376",28355,77,4,32,128,3,3,3,2,3,3,3,3,4
"1377",28355,77,1,33,129,2,2,2,2,1,4,4,3,3
"1378",28355,77,2,33,130,3,3,4,2,2,3,3,2,4
"1379",28355,77,3,33,131,3,4,3,2,3,3,2,4,4
"1380",28355,77,4,33,132,3,2,3,4,2,4,3,4,2
"1381",28355,77,2,34,134,2,3,1,4,1,3,4,4,1
"1382",28355,77,1,35,137,2,3,3,3,2,4,3,2,3
"1383",28355,77,2,35,138,3,3,3,3,2,2,3,3,3
"1384",28355,77,3,35,139,3,3,3,4,2,3,3,4,3
"1385",28355,77,3,36,143,2,3,2,3,1,4,4,3,3
"1386",28355,77,4,36,144,2,3,3,4,2,4,4,2,2
"1387",28355,77,2,37,146,2,4,4,4,2,2,3,3,2
"1388",28355,77,3,39,155,2,4,3,4,2,3,3,3,3
"1389",28355,77,4,39,156,3,5,2,4,2,1,3,1,2
"1390",28355,77,4,40,160,1,5,1,4,1,1,2,2,2
"1391",28355,77,4,41,164,2,3,4,3,2,4,3,3,3
"1392",28355,77,2,42,166,3,3,2,3,1,4,3,4,3
"1393",28355,77,3,42,167,3,4,3,4,2,4,3,4,2
"1394",28355,77,2,43,170,3,3,3,4,2,3,3,3,2
"1395",28355,77,1,44,173,3,3,2,4,1,4,3,4,2
"1396",28355,77,4,46,184,2,3,2,4,2,3,3,3,2
"1397",28355,77,1,47,185,2,3,2,3,2,2,4,3,3
"1398",28355,77,2,47,186,3,3,4,5,2,2,3,3,2
"1399",28355,77,3,47,187,2,3,4,4,2,3,3,4,2
"1400",28355,77,4,47,188,3,4,1,4,1,2,3,2,2
"1401",28355,77,1,48,189,1,3,4,4,2,3,3,3,2
"1402",28355,77,2,48,190,3,2,3,4,2,4,3,3,2
"1403",28355,77,1,49,193,3,4,2,4,2,3,3,4,2
"1404",28355,77,4,49,196,1,4,4,4,2,3,3,2,2
"1405",28355,77,1,50,197,3,3,3,3,2,3,3,3,4
"1406",28355,77,2,54,214,2,3,3,4,1,4,3,4,2
"1407",28355,77,2,55,218,2,3,3,4,3,3,3,4,2
"1408",28355,77,3,55,219,2,4,3,3,2,3,3,3,2
"1409",28355,77,4,55,220,3,2,3,3,2,4,2,3,2
"1410",28355,77,1,56,221,2,3,2,4,2,3,4,3,2
"1411",28355,77,1,57,225,4,4,4,3,2,2,2,3,2
"1412",39941,53,1,1,1,2,4,2,4,1,2,3,4,1
"1413",39941,53,4,1,4,1,2,1,5,1,4,4,4,1
"1414",39941,53,1,2,5,1,3,3,4,1,5,3,5,2
"1415",39941,53,4,2,8,1,5,4,4,1,1,1,5,1
"1416",39941,53,1,3,9,NA,5,2,5,1,1,NA,3,1
"1417",39941,53,4,3,12,1,4,2,4,1,3,3,5,2
"1418",39941,53,1,4,13,1,2,2,4,1,4,4,5,1
"1419",39941,53,4,4,16,1,4,2,4,1,2,4,4,1
"1420",39941,53,1,5,17,1,3,2,5,1,3,5,5,1
"1421",39941,53,1,6,21,3,5,3,2,1,1,2,4,1
"1422",39941,53,1,7,25,1,3,2,3,1,3,3,4,1
"1423",39941,53,4,7,28,1,5,3,1,4,1,3,1,4
"1424",39941,53,1,8,29,1,2,2,5,1,3,3,3,1
"1425",39941,53,1,9,33,NA,5,3,4,1,1,NA,3,1
"1426",39941,53,1,10,37,1,1,1,4,1,5,5,5,1
"1427",39941,53,3,10,39,NA,5,2,5,1,1,NA,5,1
"1428",39941,53,4,10,40,NA,5,3,5,1,1,NA,4,1
"1429",39941,53,3,11,43,1,3,3,5,1,2,3,5,2
"1430",39941,53,4,11,44,NA,5,4,5,1,1,NA,5,1
"1431",39941,53,1,12,45,1,3,2,5,1,3,4,5,1
"1432",39941,53,2,12,46,1,3,2,4,1,3,3,4,2
"1433",39941,53,3,12,47,1,3,1,4,1,4,5,5,1
"1434",39941,53,4,12,48,1,1,1,4,1,3,3,5,1
"1435",39941,53,1,13,49,1,3,3,3,2,3,3,5,1
"1436",39941,53,3,13,51,NA,5,3,4,1,1,NA,5,1
"1437",39941,53,4,13,52,1,5,3,5,1,3,5,5,1
"1438",39941,53,1,14,53,1,3,2,5,1,3,4,5,2
"1439",39941,53,2,14,54,1,2,2,5,1,1,4,5,1
"1440",39941,53,3,14,55,NA,5,1,4,1,2,NA,4,2
"1441",39941,53,1,15,57,2,3,2,5,1,3,3,4,1
"1442",39941,53,3,15,59,NA,3,1,5,1,1,NA,5,2
"1443",39941,53,1,16,61,1,2,1,2,1,3,3,3,4
"1444",39941,53,2,16,62,NA,4,3,5,1,1,NA,5,3
"1445",39941,53,3,16,63,NA,5,3,5,1,3,NA,5,1
"1446",39941,53,2,17,66,1,1,1,4,1,4,4,4,1
"1447",39941,53,3,17,67,1,3,2,4,1,1,5,5,1
"1448",39941,53,4,17,68,1,1,1,5,1,4,3,5,1
"1449",39941,53,1,18,69,1,1,1,5,1,5,4,4,1
"1450",39941,53,2,18,70,1,4,1,5,1,1,4,5,1
"1451",39941,53,3,18,71,1,5,1,5,1,1,4,5,1
"1452",39941,53,4,18,72,1,5,1,5,1,1,3,5,1
"1453",39941,53,1,19,73,1,3,1,5,1,3,4,5,1
"1454",39941,53,4,19,76,1,4,1,3,1,3,4,5,1
"1455",39941,53,2,20,78,1,5,2,5,1,1,3,5,1
"1456",39941,53,4,21,84,NA,5,2,5,1,1,NA,5,1
"1457",39941,53,4,22,88,NA,5,3,5,1,1,NA,5,1
"1458",39941,53,2,23,90,1,3,1,3,1,3,3,3,1
"1459",39941,53,1,26,101,1,2,1,4,1,3,4,5,1
"1460",39941,53,2,27,106,1,5,1,4,1,1,3,5,1
"1461",39941,53,3,28,111,1,5,1,3,1,3,3,5,3
"1462",39941,53,4,28,112,1,5,1,2,1,1,3,5,3
"1463",39941,53,4,32,128,1,3,3,4,1,3,3,5,1
"1464",39941,53,1,33,129,1,5,1,5,1,1,3,4,2
"1465",882,96,1,1,1,4,2,2,5,1,4,1,3,2
"1466",882,96,4,1,4,4,2,5,2,1,5,2,3,2
"1467",882,96,1,2,5,2,5,1,4,2,2,5,4,3
"1468",882,96,1,3,9,2,2,1,5,2,4,4,4,2
"1469",882,96,3,3,11,1,1,1,4,1,5,5,5,1
"1470",882,96,1,4,13,1,2,1,5,1,4,4,4,2
"1471",882,96,1,5,17,1,4,1,5,1,3,5,5,2
"1472",882,96,2,5,18,1,5,1,4,1,1,5,5,3
"1473",882,96,3,5,19,1,3,2,4,1,3,5,4,2
"1474",882,96,4,5,20,1,3,1,4,1,2,5,4,2
"1475",882,96,1,6,21,2,2,1,5,1,4,5,4,2
"1476",882,96,2,6,22,2,3,2,5,1,4,4,4,1
"1477",882,96,3,6,23,1,1,1,2,4,3,5,4,4
"1478",882,96,1,7,25,1,2,1,5,1,4,5,4,2
"1479",882,96,3,7,27,2,5,1,4,2,1,4,4,3
"1480",882,96,3,8,31,2,4,2,4,3,2,4,4,2
"1481",882,96,4,8,32,1,5,4,4,1,2,5,4,1
"1482",882,96,1,9,33,2,1,2,2,2,3,4,4,3
"1483",882,96,3,9,35,1,3,5,3,1,3,4,3,3
"1484",882,96,4,9,36,1,3,2,3,1,3,5,4,3
"1485",882,96,3,10,39,2,1,2,5,1,3,4,4,2
"1486",882,96,4,10,40,1,3,2,4,2,5,5,5,3
"1487",882,96,1,11,41,2,3,2,4,2,4,4,4,3
"1488",882,96,2,11,42,1,2,2,4,1,4,5,5,2
"1489",882,96,3,11,43,1,3,2,2,1,3,5,5,4
"1490",882,96,1,12,45,1,2,2,4,1,4,5,4,1
"1491",882,96,1,13,49,2,3,3,5,1,3,4,4,1
"1492",882,96,2,13,50,2,4,2,3,2,2,4,4,3
"1493",882,96,4,13,52,2,2,2,4,1,4,4,4,1
"1494",882,96,4,15,60,1,1,4,4,2,4,5,3,3
"1495",882,96,1,16,61,2,2,1,4,1,4,4,4,2
"1496",882,96,1,17,65,1,2,2,4,1,4,5,5,2
"1497",882,96,2,17,66,2,4,3,4,1,2,4,4,2
"1498",882,96,3,17,67,1,2,2,3,1,4,5,4,2
"1499",882,96,4,17,68,1,2,3,5,1,4,5,5,1
"1500",882,96,1,18,69,3,2,1,4,1,3,4,4,2
"1501",882,96,2,18,70,2,4,2,3,1,4,4,4,2
"1502",882,96,3,18,71,1,5,4,3,1,2,4,1,2
"1503",882,96,4,19,76,2,5,3,3,1,2,4,4,1
"1504",882,96,1,20,77,2,2,5,5,1,3,4,3,3
"1505",882,96,2,20,78,3,3,4,5,1,3,5,3,1
"1506",882,96,3,20,79,1,2,1,5,1,3,5,5,1
"1507",882,96,3,21,83,1,3,2,4,1,3,5,4,1
"1508",882,96,4,21,84,1,2,1,4,1,4,5,4,1
"1509",882,96,1,22,85,1,1,2,5,1,5,5,5,1
"1510",882,96,2,22,86,2,2,2,4,2,4,4,3,1
"1511",882,96,4,22,88,1,2,1,5,1,5,5,5,1
"1512",882,96,1,23,89,1,1,3,5,1,5,5,4,1
"1513",882,96,2,23,90,1,2,2,4,1,5,5,4,1
"1514",882,96,1,24,93,1,3,1,5,1,5,5,4,3
"1515",882,96,2,25,98,1,5,2,3,1,1,1,4,3
"1516",882,96,3,25,99,1,4,1,3,2,1,3,4,3
"1517",882,96,4,25,100,1,1,3,4,1,5,5,4,1
"1518",882,96,1,26,101,1,3,1,3,1,2,5,5,3
"1519",882,96,3,26,103,1,5,1,2,2,1,5,5,3
"1520",882,96,1,27,105,2,4,1,4,1,2,4,4,3
"1521",882,96,2,27,106,2,5,1,2,1,2,4,4,3
"1522",882,96,3,27,107,2,1,5,4,1,4,3,3,1
"1523",882,96,4,27,108,3,3,5,2,2,4,3,3,3
"1524",882,96,2,28,110,2,3,3,4,1,3,4,3,3
"1525",882,96,3,28,111,1,4,2,3,2,2,4,3,4
"1526",882,96,4,28,112,2,1,2,5,1,4,4,4,1
"1527",882,96,2,29,114,2,4,4,4,1,2,3,3,3
"1528",882,96,4,29,116,1,4,1,4,1,1,5,4,3
"1529",882,96,3,30,119,1,1,4,5,1,5,5,5,2
"1530",882,96,4,30,120,1,3,2,4,1,3,5,4,1
"1531",882,96,1,31,121,1,1,1,5,1,5,4,4,1
"1532",882,96,3,31,123,NA,4,2,1,2,1,NA,3,4
"1533",882,96,1,32,125,1,4,3,5,1,1,3,4,1
"1534",882,96,3,32,127,2,2,4,5,1,5,4,4,1
"1535",882,96,4,32,128,NA,5,5,4,1,1,NA,1,1
"1536",882,96,4,33,132,1,4,2,3,1,3,4,4,3
"1537",882,96,4,34,136,1,2,4,5,1,5,5,5,1
"1538",882,96,1,35,137,2,5,4,5,1,1,4,4,3
"1539",882,96,4,35,140,1,2,4,5,1,4,4,4,1
"1540",882,96,2,36,142,NA,5,5,5,1,1,NA,1,1
"1541",882,96,1,37,145,1,2,2,5,1,4,5,4,1
"1542",882,96,3,37,147,1,1,4,5,1,4,4,4,1
"1543",882,96,4,37,148,1,2,5,5,1,4,3,3,1
"1544",882,96,4,38,152,2,2,5,5,1,4,4,3,1
"1545",882,96,2,39,154,2,3,5,5,1,3,4,3,1
"1546",882,96,4,39,156,2,2,2,4,1,4,4,4,1
"1547",882,96,1,40,157,1,2,1,5,1,4,4,4,1
"1548",882,96,4,40,160,1,2,1,5,1,4,4,4,1
"1549",882,96,4,41,164,2,1,2,5,1,4,4,4,1
"1550",882,96,1,42,165,1,2,2,5,1,4,4,3,1
"1551",882,96,1,43,169,1,3,3,5,1,3,4,3,1
"1552",882,96,3,43,171,1,5,4,5,1,1,4,3,1
"1553",882,96,1,44,173,2,3,3,3,2,3,3,3,3
"1554",882,96,3,44,175,1,1,1,4,1,4,4,4,2
"1555",882,96,4,44,176,2,3,2,4,1,3,4,4,1
"1556",882,96,2,45,178,2,3,4,4,2,2,4,2,3
"1557",882,96,2,46,182,2,3,5,4,1,2,3,1,3
"1558",882,96,4,47,188,1,1,2,5,1,5,5,4,2
"1559",882,96,1,48,189,2,5,5,4,1,1,1,2,2
"1560",882,96,4,48,192,1,2,3,4,1,4,5,4,1
"1561",64696,19,1,1,0,3,3,1,2,2,3,4,5,4
"1562",64696,19,1,1,1,2,2,3,3,2,4,4,4,3
"1563",64696,19,4,1,4,1,2,2,3,1,3,4,4,3
"1564",64696,19,1,4,13,1,3,1,1,1,3,4,4,5
"1565",64696,19,1,6,21,1,2,3,4,1,4,4,5,2
"1566",64696,19,4,7,28,1,3,2,4,1,4,4,4,1
"1567",64696,19,1,8,29,1,5,2,4,1,2,4,5,1
"1568",64696,19,4,10,40,2,4,2,2,2,4,4,4,4
"1569",64696,19,4,11,44,NA,5,4,3,2,2,NA,4,4
"1570",64696,19,1,12,45,1,2,4,5,1,5,5,5,2
"1571",64696,19,4,13,52,1,5,1,3,1,3,4,5,2
"1572",64696,19,1,14,53,1,5,1,2,1,2,4,5,4
"1573",64696,19,3,14,55,2,4,2,2,3,4,3,5,5
"1574",64696,19,4,15,60,1,2,3,3,1,3,5,5,3
"1575",64696,19,2,16,62,1,3,2,3,2,4,4,5,4
"1576",64696,19,4,16,64,1,3,1,2,1,4,4,5,4
"1577",64696,19,3,17,67,1,1,3,4,1,5,5,5,2
"1578",64696,19,4,17,68,1,4,2,3,1,3,3,5,2
"1579",64696,19,1,23,89,1,3,3,3,3,4,4,4,4
"1580",83106,18,4,1,4,1,3,1,5,1,5,5,5,1
"1581",83106,18,1,2,5,NA,5,1,5,1,1,NA,5,1
"1582",83106,18,4,2,8,NA,5,1,3,1,1,NA,5,2
"1583",83106,18,1,3,9,1,2,2,5,1,5,5,5,1
"1584",83106,18,1,4,13,1,2,3,4,1,5,5,5,1
"1585",83106,18,4,4,16,1,2,2,5,1,4,5,5,1
"1586",83106,18,3,5,19,1,3,1,5,1,4,4,5,1
"1587",83106,18,4,5,20,NA,5,1,5,1,1,NA,5,1
"1588",83106,18,1,6,21,1,2,1,5,1,5,4,5,1
"1589",83106,18,4,6,24,1,2,2,5,1,4,5,5,1
"1590",83106,18,1,7,25,NA,5,1,5,1,1,NA,5,1
"1591",83106,18,4,7,28,NA,5,2,5,1,1,NA,5,2
"1592",83106,18,1,8,29,1,5,1,5,1,4,5,5,1
"1593",83106,18,2,8,30,1,2,2,5,1,4,5,5,1
"1594",83106,18,4,8,32,1,3,1,5,1,5,5,5,1
"1595",83106,18,2,9,34,1,5,5,5,1,1,NA,5,1
"1596",83106,18,2,10,38,1,2,3,5,1,4,5,5,1
"1597",83106,18,1,12,45,NA,5,2,5,1,1,NA,5,1
"1598",96859,19,1,1,1,3,3,3,3,1,4,3,3,2
"1599",96859,19,2,358,1430,3,3,2,5,2,3,5,4,1
"1600",96859,19,4,358,1432,1,1,2,4,1,4,4,5,1
"1601",96859,19,1,359,1433,2,1,1,3,1,5,4,4,1
"1602",96859,19,1,360,1437,1,1,1,5,1,4,4,5,1
"1603",96859,19,1,361,1441,1,1,1,4,1,4,5,5,1
"1604",96859,19,1,362,1445,1,3,3,4,1,2,3,3,2
"1605",96859,19,4,362,1448,1,5,2,3,1,1,4,4,2
"1606",96859,19,4,363,1452,1,2,1,4,1,3,5,5,2
"1607",96859,19,1,364,1453,1,3,1,4,1,4,4,5,1
"1608",96859,19,1,365,1457,NA,5,3,5,1,3,NA,4,1
"1609",96859,19,1,366,1461,2,3,3,3,1,2,4,4,1
"1610",96859,19,4,366,1464,1,2,3,3,1,4,4,4,1
"1611",96859,19,1,367,1465,1,2,1,4,1,3,5,4,1
"1612",96859,19,4,368,1472,2,1,1,3,1,5,4,4,2
"1613",96859,19,4,369,1476,3,3,3,4,2,2,3,4,1
"1614",96859,19,1,370,1477,1,2,1,4,1,5,5,5,2
"1615",96859,19,4,370,1480,1,2,2,3,1,3,5,4,2
"1616",96859,19,1,371,1481,1,4,1,2,1,3,4,5,1
"1617",37388,39,1,1,0,4,1,1,1,1,5,4,NA,4
"1618",37388,39,1,1,1,2,2,1,2,1,2,2,5,4
"1619",37388,39,3,1,3,1,4,4,4,1,3,3,5,2
"1620",37388,39,4,1,4,NA,3,5,5,1,1,NA,3,1
"1621",37388,39,4,2,8,1,1,4,5,1,5,1,5,1
"1622",37388,39,1,3,9,1,3,5,5,1,3,1,4,1
"1623",37388,39,3,4,15,1,5,3,3,1,1,3,4,3
"1624",37388,39,1,6,21,1,3,4,4,1,4,1,4,1
"1625",37388,39,1,7,25,NA,5,3,3,1,1,NA,3,3
"1626",37388,39,2,7,26,NA,4,1,3,1,1,NA,5,3
"1627",37388,39,3,7,27,NA,5,2,3,1,1,NA,5,3
"1628",37388,39,4,7,28,2,3,3,5,1,3,4,5,3
"1629",37388,39,1,8,29,1,5,1,1,1,1,1,5,3
"1630",37388,39,2,8,30,NA,3,5,5,1,1,NA,4,2
"1631",37388,39,3,8,31,NA,2,4,4,1,1,NA,2,3
"1632",37388,39,4,8,32,1,2,3,5,1,2,2,4,1
"1633",37388,39,4,9,36,3,5,5,4,1,2,1,4,3
"1634",37388,39,1,10,37,NA,5,2,5,1,1,NA,5,2
"1635",37388,39,2,10,38,2,5,1,3,1,3,1,5,3
"1636",37388,39,3,10,39,1,5,1,3,1,1,2,5,3
"1637",37388,39,4,10,40,NA,4,5,3,3,1,NA,1,3
"1638",37388,39,1,11,41,1,4,1,5,1,1,1,3,2
"1639",37388,39,2,11,42,1,5,2,4,1,2,1,4,3
"1640",37388,39,3,11,43,3,3,2,1,3,1,1,3,5
"1641",37388,39,1,12,45,1,3,1,3,1,1,1,5,3
"1642",37388,39,2,12,46,NA,3,3,3,1,1,NA,3,4
"1643",37388,39,3,12,47,1,5,4,3,1,1,1,5,4
"1644",37388,39,3,15,59,NA,4,2,1,3,1,NA,3,5
"1645",37388,39,4,18,72,4,5,5,3,1,1,1,1,4
"1646",37388,39,3,19,75,3,5,3,5,3,1,1,4,3
"1647",37388,39,4,19,76,1,5,5,5,2,1,1,3,3
"1648",37388,39,1,27,105,1,3,5,5,1,1,3,5,3
"1649",37388,39,3,27,107,3,5,3,5,1,1,3,5,3
"1650",37388,39,4,27,108,1,3,2,5,1,2,1,5,4
"1651",37388,39,1,28,109,1,3,3,4,1,1,1,4,3
"1652",37388,39,2,28,110,3,3,1,1,2,1,2,4,4
"1653",37388,39,3,28,111,1,4,3,4,1,2,1,4,3
"1654",37388,39,3,29,115,2,3,3,5,1,1,2,5,2
"1655",37388,39,4,29,116,1,5,5,5,1,1,1,5,1
"1656",38264,3,2,1,2,1,5,3,3,3,1,4,3,4
"1657",38264,3,1,5,17,1,3,1,3,1,3,5,4,2
"1658",38264,3,1,6,21,1,4,1,3,1,3,3,4,2
"1659",36738,2,2,1,2,3,3,3,1,3,4,2,5,1
"1660",36738,2,1,2,5,NA,5,5,5,3,1,NA,4,2
"1661",39519,36,1,1,1,1,3,2,2,3,2,3,3,3
"1662",39519,36,4,1,4,2,3,2,2,3,2,2,1,3
"1663",39519,36,4,2,8,NA,3,3,2,4,1,NA,2,4
"1664",39519,36,4,3,12,NA,3,3,2,5,1,NA,3,4
"1665",39519,36,1,4,13,1,4,3,2,4,1,1,3,4
"1666",39519,36,4,4,16,2,4,3,2,4,2,2,3,3
"1667",39519,36,1,5,17,3,1,2,3,2,3,2,3,3
"1668",39519,36,4,5,20,2,4,2,1,5,1,3,2,5
"1669",39519,36,1,6,21,3,5,3,3,3,1,3,2,4
"1670",39519,36,4,6,24,2,2,2,2,3,3,4,3,2
"1671",39519,36,1,7,25,2,2,2,2,2,4,3,3,3
"1672",39519,36,4,7,28,2,4,3,1,3,1,4,4,5
"1673",39519,36,4,10,40,2,3,3,2,1,3,3,3,4
"1674",39519,36,3,11,43,2,2,2,2,1,3,5,4,3
"1675",39519,36,4,11,44,NA,2,2,3,1,1,NA,2,3
"1676",39519,36,1,12,45,1,3,3,3,1,2,5,3,3
"1677",39519,36,2,12,46,2,2,2,3,1,4,4,3,3
"1678",39519,36,4,12,48,3,3,2,3,1,2,3,4,2
"1679",39519,36,1,13,49,2,1,3,3,1,4,4,3,3
"1680",39519,36,2,13,50,3,1,2,3,1,3,2,3,3
"1681",39519,36,1,14,53,1,3,2,2,1,3,5,4,3
"1682",39519,36,2,14,54,2,3,2,3,1,3,4,2,2
"1683",39519,36,2,15,58,NA,3,4,3,1,2,NA,2,3
"1684",39519,36,3,15,59,NA,4,4,3,2,1,NA,3,4
"1685",39519,36,4,17,68,1,4,2,3,1,2,5,5,2
"1686",39519,36,1,18,69,1,2,2,3,1,3,4,3,2
"1687",39519,36,1,19,73,1,3,3,3,1,3,5,3,2
"1688",39519,36,2,23,90,2,5,5,2,2,2,5,3,3
"1689",39519,36,3,23,91,1,5,3,2,2,1,5,3,2
"1690",39519,36,1,25,97,1,3,3,2,1,3,4,3,3
"1691",39519,36,2,25,98,2,2,3,4,1,4,4,3,3
"1692",39519,36,1,26,101,1,3,4,2,1,2,4,3,3
"1693",39519,36,2,26,102,2,2,3,3,2,2,4,3,3
"1694",39519,36,4,26,104,3,4,3,2,1,1,4,3,3
"1695",39519,36,1,27,105,1,2,3,3,1,3,4,3,2
"1696",39519,36,1,28,109,1,4,3,3,1,2,5,3,4
"1697",8951,5,1,1,0,4,3,2,4,1,3,4,4,2
"1698",8951,5,1,1,1,1,2,3,4,1,3,2,3,2
"1699",8951,5,4,1,4,2,5,4,2,4,2,2,3,4
"1700",8951,5,1,2,5,NA,5,2,3,2,2,NA,4,2
"1701",8951,5,1,4,13,2,3,4,4,2,2,3,3,2
"1702",61632,6,1,1,1,5,2,1,3,1,5,4,4,2
"1703",61632,6,4,1,4,2,2,3,4,2,4,4,4,1
"1704",61632,6,1,2,5,1,4,4,4,2,4,3,4,4
"1705",61632,6,1,4,13,1,2,2,4,1,5,4,4,2
"1706",61632,6,1,5,17,1,3,3,4,1,4,4,4,2
"1707",61632,6,4,5,20,1,1,2,4,1,5,4,5,1
"1708",85019,112,1,1,0,4,3,1,4,1,3,3,4,2
"1709",85019,112,3,1,3,NA,2,3,4,2,2,NA,3,3
"1710",85019,112,4,1,4,NA,3,3,4,1,1,NA,3,2
"1711",85019,112,1,2,5,2,3,2,3,2,4,4,4,2
"1712",85019,112,3,2,7,NA,5,5,4,1,2,NA,2,2
"1713",85019,112,4,2,8,2,3,3,3,1,2,4,3,2
"1714",85019,112,1,3,9,NA,5,5,5,1,1,NA,1,2
"1715",85019,112,2,3,10,2,5,2,2,1,3,4,4,2
"1716",85019,112,3,3,11,2,2,2,3,1,4,4,4,2
"1717",85019,112,4,3,12,NA,4,3,3,1,2,NA,3,3
"1718",85019,112,1,4,13,NA,4,3,4,1,1,NA,3,2
"1719",85019,112,2,4,14,NA,4,3,3,1,2,NA,3,3
"1720",85019,112,3,4,15,NA,3,4,2,1,2,NA,3,3
"1721",85019,112,1,5,17,NA,4,4,4,1,1,NA,3,3
"1722",85019,112,2,5,18,NA,3,3,3,1,2,NA,3,3
"1723",85019,112,3,5,19,NA,3,3,3,1,2,NA,3,3
"1724",85019,112,4,5,20,2,2,1,2,1,2,4,3,2
"1725",85019,112,1,6,21,NA,5,5,5,1,1,NA,2,1
"1726",85019,112,2,6,22,NA,3,3,3,1,1,NA,3,3
"1727",85019,112,3,6,23,2,2,3,4,1,4,4,3,2
"1728",85019,112,4,6,24,NA,4,3,3,1,1,NA,3,3
"1729",85019,112,1,7,25,NA,4,4,4,1,2,NA,3,2
"1730",85019,112,2,7,26,NA,3,3,3,1,3,NA,3,3
"1731",85019,112,3,7,27,NA,3,3,2,1,2,NA,3,3
"1732",85019,112,4,7,28,NA,3,3,4,1,3,NA,3,2
"1733",85019,112,1,8,29,NA,3,3,3,1,2,NA,3,2
"1734",85019,112,2,8,30,NA,4,3,5,1,3,NA,4,2
"1735",85019,112,3,8,31,NA,4,4,4,1,2,NA,4,2
"1736",85019,112,4,8,32,NA,4,3,3,1,2,NA,3,2
"1737",85019,112,1,9,33,2,2,3,3,1,4,4,3,2
"1738",85019,112,2,9,34,NA,3,2,3,1,3,NA,3,2
"1739",85019,112,3,9,35,NA,5,5,5,1,2,NA,2,1
"1740",85019,112,4,9,36,1,2,4,5,1,4,4,4,1
"1741",85019,112,1,10,37,NA,4,1,4,1,2,NA,3,1
"1742",85019,112,2,10,38,NA,3,3,3,1,2,NA,4,2
"1743",85019,112,3,10,39,NA,3,2,3,1,1,NA,4,2
"1744",85019,112,4,10,40,NA,3,3,4,1,2,NA,3,3
"1745",85019,112,1,11,41,NA,5,5,5,1,2,NA,2,1
"1746",85019,112,2,11,42,NA,3,2,3,1,2,NA,3,2
"1747",85019,112,3,11,43,2,1,2,4,1,4,4,4,2
"1748",85019,112,4,11,44,2,2,2,4,1,2,4,4,2
"1749",85019,112,1,12,45,NA,5,5,5,1,2,NA,2,3
"1750",85019,112,2,12,46,NA,3,4,4,1,2,NA,3,3
"1751",85019,112,3,12,47,NA,4,3,3,2,2,NA,3,3
"1752",85019,112,4,12,48,NA,3,3,3,2,2,NA,3,3
"1753",85019,112,1,13,49,NA,5,4,5,1,2,NA,2,2
"1754",85019,112,2,13,50,NA,4,3,4,1,2,NA,3,3
"1755",85019,112,3,13,51,NA,2,4,4,1,2,NA,3,2
"1756",85019,112,4,13,52,NA,5,4,5,1,2,NA,2,2
"1757",85019,112,1,14,53,NA,4,4,4,1,2,NA,2,2
"1758",85019,112,2,14,54,2,2,2,3,1,4,4,3,3
"1759",85019,112,3,14,55,NA,4,4,4,1,2,NA,3,3
"1760",85019,112,4,14,56,NA,4,3,3,1,2,NA,3,2
"1761",85019,112,1,15,57,2,2,2,4,1,3,4,4,2
"1762",85019,112,3,15,59,NA,3,3,3,1,3,NA,3,2
"1763",85019,112,4,15,60,NA,4,2,3,1,2,NA,3,2
"1764",85019,112,1,16,61,NA,2,2,3,1,2,NA,2,2
"1765",85019,112,2,16,62,NA,4,4,3,1,2,NA,2,3
"1766",85019,112,3,16,63,NA,4,4,3,1,2,NA,3,3
"1767",85019,112,4,16,64,NA,3,3,2,1,3,NA,3,3
"1768",85019,112,2,17,66,NA,4,3,2,2,1,NA,3,3
"1769",85019,112,3,17,67,NA,4,3,2,2,1,NA,2,4
"1770",85019,112,4,17,68,NA,2,3,3,1,3,NA,3,3
"1771",85019,112,1,18,69,NA,4,4,4,1,1,NA,2,1
"1772",85019,112,2,18,70,NA,4,2,3,1,2,NA,3,3
"1773",85019,112,3,18,71,NA,4,4,3,1,2,NA,3,2
"1774",85019,112,4,18,72,NA,4,3,4,1,1,NA,3,2
"1775",85019,112,1,19,73,NA,4,3,3,1,3,NA,3,3
"1776",85019,112,2,19,74,1,2,3,4,1,4,5,4,1
"1777",85019,112,3,19,75,2,2,3,4,1,4,4,4,2
"1778",85019,112,4,19,76,2,4,3,4,1,5,4,5,2
"1779",85019,112,1,20,77,NA,5,5,2,1,1,NA,2,2
"1780",85019,112,2,20,78,2,1,3,4,1,4,4,4,2
"1781",85019,112,3,20,79,NA,4,3,3,1,2,NA,3,3
"1782",85019,112,4,20,80,NA,4,2,3,1,3,NA,3,3
"1783",85019,112,1,21,81,NA,4,4,4,1,2,NA,3,2
"1784",85019,112,2,21,82,NA,4,3,3,1,2,NA,3,3
"1785",85019,112,3,21,83,NA,4,4,4,2,2,NA,2,3
"1786",85019,112,4,21,84,NA,2,2,3,1,2,NA,3,2
"1787",85019,112,1,22,85,NA,4,3,3,2,1,NA,3,4
"1788",85019,112,2,22,86,NA,4,3,2,1,2,NA,2,3
"1789",85019,112,3,22,87,NA,2,3,3,2,2,NA,3,3
"1790",85019,112,4,22,88,NA,4,3,2,1,2,NA,3,3
"1791",85019,112,1,23,89,2,2,3,4,1,4,4,3,3
"1792",85019,112,2,23,90,NA,4,3,3,2,2,NA,3,3
"1793",85019,112,3,23,91,NA,4,2,2,2,2,NA,3,3
"1794",85019,112,4,23,92,NA,4,2,3,1,2,NA,3,4
"1795",85019,112,1,24,93,NA,4,3,3,1,2,NA,3,2
"1796",85019,112,2,24,94,NA,4,3,3,1,2,NA,3,3
"1797",85019,112,3,24,95,NA,4,3,4,2,2,NA,2,3
"1798",85019,112,4,24,96,NA,4,3,3,1,2,NA,3,2
"1799",85019,112,1,25,97,NA,4,3,3,3,2,NA,3,3
"1800",85019,112,2,25,98,NA,4,4,3,2,2,NA,3,2
"1801",85019,112,3,25,99,NA,4,3,3,1,2,NA,3,3
"1802",85019,112,4,25,100,NA,4,2,3,2,2,NA,3,3
"1803",85019,112,1,26,101,NA,4,3,2,2,2,NA,3,3
"1804",85019,112,2,26,102,NA,4,4,3,2,2,NA,3,3
"1805",85019,112,3,26,103,NA,4,3,3,2,3,NA,3,3
"1806",85019,112,4,26,104,NA,3,3,3,2,2,NA,3,3
"1807",85019,112,1,27,105,NA,4,2,3,2,3,NA,3,2
"1808",85019,112,2,27,106,NA,5,2,3,1,2,NA,3,2
"1809",85019,112,3,27,107,NA,4,3,3,2,2,NA,3,3
"1810",85019,112,4,27,108,NA,3,3,3,2,3,NA,2,3
"1811",85019,112,1,28,109,NA,4,4,4,1,2,NA,3,3
"1812",85019,112,2,28,110,NA,4,3,3,1,2,NA,3,2
"1813",85019,112,3,28,111,NA,4,3,3,1,2,NA,3,3
"1814",85019,112,1,29,113,NA,3,2,3,1,3,NA,2,3
"1815",85019,112,2,29,114,NA,4,3,3,1,2,NA,3,3
"1816",85019,112,4,29,116,NA,4,3,3,1,2,NA,3,2
"1817",85019,112,1,30,117,NA,4,3,3,1,2,NA,3,3
"1818",85019,112,2,30,118,NA,4,3,3,2,2,NA,3,3
"1819",85019,112,3,30,119,NA,4,3,3,1,2,NA,3,3
"1820",10506,35,1,1,1,4,2,3,3,1,4,3,4,2
"1821",10506,35,1,2,5,2,2,2,3,1,3,3,3,2
"1822",10506,35,4,3,12,3,2,4,2,1,3,3,3,2
"1823",10506,35,1,4,13,2,4,3,3,2,2,3,4,2
"1824",10506,35,4,4,16,2,2,2,4,1,4,3,3,2
"1825",10506,35,1,5,17,3,2,3,4,1,5,5,5,2
"1826",10506,35,4,5,20,1,1,1,5,1,5,4,4,1
"1827",10506,35,1,6,21,1,2,3,3,1,5,4,4,1
"1828",10506,35,4,6,24,3,1,1,2,1,5,4,5,2
"1829",10506,35,3,7,27,1,2,2,5,1,3,4,4,1
"1830",10506,35,4,7,28,1,3,2,5,1,2,4,4,1
"1831",10506,35,1,8,29,1,2,3,5,1,5,3,4,3
"1832",10506,35,3,8,31,1,3,3,4,1,2,4,4,2
"1833",10506,35,1,9,33,1,4,3,4,1,2,3,3,1
"1834",10506,35,2,9,34,2,4,1,4,1,2,3,4,1
"1835",10506,35,3,9,35,2,2,3,5,1,4,4,4,1
"1836",10506,35,2,10,38,2,3,2,3,1,3,4,4,2
"1837",10506,35,3,10,39,1,3,3,3,1,2,5,3,2
"1838",10506,35,4,10,40,1,2,1,3,1,5,4,4,1
"1839",10506,35,2,11,42,2,3,4,2,1,1,3,4,2
"1840",10506,35,3,11,43,1,1,2,5,1,5,5,4,2
"1841",10506,35,4,11,44,2,1,2,5,1,5,5,4,1
"1842",10506,35,2,12,46,2,2,3,4,1,4,4,4,2
"1843",10506,35,4,12,48,2,2,3,4,1,5,4,4,1
"1844",10506,35,1,13,49,1,2,1,3,1,5,5,4,2
"1845",10506,35,1,14,53,1,2,3,5,1,5,4,4,2
"1846",10506,35,2,14,54,1,4,3,4,1,2,3,4,3
"1847",10506,35,2,15,58,NA,2,1,3,1,2,NA,5,2
"1848",10506,35,2,16,62,2,3,1,2,1,2,4,3,3
"1849",10506,35,3,16,63,NA,4,2,4,1,2,NA,4,2
"1850",10506,35,2,18,70,1,2,1,4,1,4,4,4,2
"1851",10506,35,1,20,77,1,2,4,4,1,4,4,4,1
"1852",10506,35,2,20,78,1,1,1,3,1,5,4,3,3
"1853",10506,35,4,22,88,NA,4,3,5,1,2,NA,3,1
"1854",10506,35,4,25,100,2,2,1,3,1,4,5,5,2
"1855",50547,7,1,1,1,2,2,3,1,3,4,5,4,4
"1856",50547,7,2,1,2,1,5,1,3,4,4,4,5,2
"1857",50547,7,3,1,3,3,4,5,3,1,4,4,5,2
"1858",50547,7,4,1,4,NA,5,1,5,1,1,NA,2,1
"1859",50547,7,1,2,5,1,5,1,3,2,1,3,3,4
"1860",50547,7,3,2,7,1,2,2,4,2,4,4,4,1
"1861",50547,7,1,3,9,2,2,5,2,3,4,3,3,2
"1862",97159,24,1,1,1,1,2,1,1,1,1,3,1,3
"1863",97159,24,4,1,4,2,2,1,4,1,5,5,5,1
"1864",97159,24,1,2,5,1,1,3,2,1,5,5,5,2
"1865",97159,24,4,2,8,1,2,2,3,4,3,5,5,3
"1866",97159,24,1,3,9,1,2,1,5,1,5,5,5,3
"1867",97159,24,1,4,13,1,1,1,3,1,5,5,5,5
"1868",97159,24,1,5,17,2,3,1,3,2,4,3,5,3
"1869",97159,24,1,6,21,1,3,2,5,1,3,3,3,2
"1870",97159,24,4,6,24,NA,5,1,5,2,1,NA,4,3
"1871",97159,24,1,7,25,1,3,2,3,1,3,5,2,4
"1872",97159,24,1,10,37,NA,5,1,5,1,1,NA,5,2
"1873",97159,24,3,11,43,NA,5,2,2,5,1,NA,1,5
"1874",97159,24,1,12,45,1,3,2,3,2,2,4,3,4
"1875",97159,24,4,12,48,3,4,1,3,2,3,3,2,3
"1876",97159,24,1,13,49,1,1,1,4,2,5,5,3,3
"1877",97159,24,3,13,51,NA,5,1,3,2,1,NA,1,4
"1878",97159,24,3,14,55,NA,4,1,2,1,1,NA,5,4
"1879",97159,24,1,17,65,1,5,1,3,4,1,5,5,4
"1880",97159,24,2,19,74,NA,5,1,1,1,3,NA,1,4
"1881",97159,24,1,21,81,1,1,1,5,1,5,5,5,1
"1882",97159,24,3,23,91,1,3,1,5,1,1,5,5,1
"1883",97159,24,3,32,127,1,2,1,2,2,5,1,3,4
"1884",97159,24,3,36,143,NA,5,1,1,1,1,NA,5,1
"1885",97159,24,4,51,204,1,1,5,2,1,1,5,5,1
"1886",77391,12,1,1,1,2,5,3,4,1,1,5,3,4
"1887",77391,12,2,1,2,1,3,4,5,2,3,3,1,4
"1888",77391,12,1,3,9,1,2,1,3,1,4,5,1,1
"1889",77391,12,1,4,13,2,1,1,3,1,4,3,2,3
"1890",77391,12,2,10,38,2,3,1,3,1,3,4,5,3
"1891",77391,12,1,11,41,1,5,2,5,1,1,4,3,1
"1892",77391,12,2,11,42,3,2,1,4,1,2,4,3,1
"1893",77391,12,1,18,69,1,3,2,4,1,1,4,4,2
"1894",77391,12,2,21,82,1,5,2,3,1,1,4,3,2
"1895",77391,12,2,29,114,1,1,5,5,1,1,3,1,1
"1896",77391,12,2,30,118,1,3,3,5,1,1,3,3,1
"1897",77391,12,2,38,150,1,2,4,5,1,1,4,3,1
"1898",287,5,1,1,0,1,5,2,3,1,1,5,5,2
"1899",287,5,1,1,1,1,5,3,3,1,1,1,3,2
"1900",287,5,4,2,8,1,5,3,5,1,3,2,3,1
"1901",287,5,4,3,12,NA,5,2,2,2,1,NA,4,3
"1902",287,5,1,4,13,1,5,2,3,1,1,1,4,2
"1903",44257,44,1,1,1,3,2,2,5,1,4,5,4,1
"1904",44257,44,4,1,4,2,2,2,5,1,4,3,3,2
"1905",44257,44,1,2,5,2,1,2,3,1,4,4,4,2
"1906",44257,44,4,2,8,1,1,2,3,1,3,3,4,3
"1907",44257,44,1,4,13,2,1,4,5,1,4,4,4,2
"1908",44257,44,3,5,19,2,1,3,3,1,4,3,4,3
"1909",44257,44,4,5,20,2,2,3,5,1,3,3,4,2
"1910",44257,44,3,6,23,1,2,2,5,1,3,4,4,2
"1911",44257,44,1,7,25,1,1,1,3,1,4,3,4,2
"1912",44257,44,2,7,26,3,4,3,3,1,3,3,2,2
"1913",44257,44,3,7,27,1,1,1,3,1,5,3,4,1
"1914",44257,44,2,8,30,1,1,1,5,1,5,3,3,1
"1915",44257,44,3,8,31,1,1,2,3,1,4,3,4,1
"1916",44257,44,1,9,33,1,1,2,4,1,4,4,5,1
"1917",44257,44,2,9,34,1,2,3,4,1,3,3,3,1
"1918",44257,44,3,9,35,1,1,3,4,1,5,3,3,1
"1919",44257,44,4,9,36,1,3,3,3,1,4,3,3,3
"1920",44257,44,4,12,48,NA,2,2,4,1,4,NA,3,3
"1921",44257,44,1,13,49,NA,3,3,4,1,3,NA,3,3
"1922",44257,44,2,13,50,2,3,3,4,2,3,3,3,3
"1923",44257,44,4,13,52,NA,4,3,2,1,2,NA,3,3
"1924",44257,44,1,14,53,1,3,2,4,1,3,3,4,2
"1925",44257,44,2,14,54,NA,3,3,3,2,2,NA,4,2
"1926",44257,44,3,14,55,2,3,3,4,1,3,3,3,2
"1927",44257,44,2,15,58,2,3,3,3,2,3,3,3,2
"1928",44257,44,2,16,62,2,2,3,5,1,3,3,3,1
"1929",44257,44,1,17,65,NA,2,2,5,1,2,NA,4,2
"1930",44257,44,3,17,67,NA,2,2,3,1,3,NA,4,3
"1931",44257,44,4,17,68,1,3,2,3,1,2,2,4,3
"1932",44257,44,1,18,69,1,3,3,3,1,3,4,3,2
"1933",44257,44,2,18,70,3,3,3,2,1,2,3,2,3
"1934",44257,44,3,18,71,1,1,2,4,1,4,3,3,2
"1935",44257,44,1,19,73,1,1,3,5,1,4,3,3,1
"1936",44257,44,2,19,74,NA,3,2,2,1,2,NA,4,2
"1937",44257,44,4,19,76,2,2,4,3,1,3,3,3,2
"1938",44257,44,1,20,77,2,2,3,4,1,3,3,3,3
"1939",44257,44,2,20,78,1,4,4,2,4,1,2,2,4
"1940",44257,44,3,20,79,1,3,3,4,1,4,3,3,3
"1941",44257,44,3,21,83,1,3,3,1,3,3,3,3,4
"1942",44257,44,1,22,85,NA,3,2,3,2,3,NA,4,3
"1943",44257,44,2,22,86,NA,1,2,4,1,4,NA,4,2
"1944",44257,44,2,23,90,2,1,3,3,2,4,3,3,2
"1945",44257,44,1,27,105,1,1,3,4,1,4,3,4,1
"1946",44257,44,1,28,109,1,3,2,3,1,2,3,4,1
"1947",65365,11,2,1,2,4,3,2,4,1,5,1,4,2
"1948",65365,11,4,1,4,2,1,1,3,1,5,4,4,1
"1949",65365,11,1,2,5,1,2,1,4,1,5,3,4,1
"1950",65365,11,1,3,9,NA,4,2,2,1,1,NA,2,3
"1951",65365,11,1,4,13,2,4,2,3,1,2,2,5,1
"1952",65365,11,1,5,17,1,5,1,3,1,1,2,5,2
"1953",65365,11,1,6,21,1,1,1,3,1,3,3,5,2
"1954",65365,11,1,8,29,1,3,1,3,1,3,2,4,3
"1955",65365,11,3,11,43,1,3,1,4,1,4,3,5,1
"1956",65365,11,2,12,46,1,2,1,5,1,5,3,5,1
"1957",65365,11,1,14,53,1,4,2,3,1,3,2,5,2
"1958",44643,35,1,1,1,2,4,2,4,2,3,3,3,1
"1959",44643,35,4,1,4,2,3,4,2,1,3,2,3,2
"1960",44643,35,1,2,5,1,4,3,5,1,3,3,3,1
"1961",44643,35,4,2,8,1,4,2,3,1,2,3,3,2
"1962",44643,35,1,3,9,1,4,5,5,1,1,3,2,2
"1963",44643,35,3,3,11,2,3,4,4,2,3,3,3,2
"1964",44643,35,1,4,13,NA,5,1,4,1,2,NA,3,1
"1965",44643,35,3,4,15,3,4,3,3,1,1,2,3,1
"1966",44643,35,1,5,17,1,4,1,2,1,3,3,4,2
"1967",44643,35,2,5,18,1,3,2,4,1,3,3,5,1
"1968",44643,35,4,5,20,1,3,3,5,1,5,4,3,2
"1969",44643,35,1,6,21,1,4,3,4,1,1,3,3,1
"1970",44643,35,3,6,23,1,3,3,2,1,3,4,5,2
"1971",44643,35,4,6,24,1,4,4,3,1,2,3,4,2
"1972",44643,35,1,7,25,2,3,3,3,1,4,4,3,2
"1973",44643,35,1,8,29,1,2,1,4,2,3,4,4,2
"1974",44643,35,3,8,31,NA,5,5,5,1,1,NA,3,2
"1975",44643,35,1,9,33,1,2,5,5,1,4,4,4,1
"1976",44643,35,1,10,37,NA,5,3,4,1,2,NA,4,2
"1977",44643,35,4,10,40,1,3,1,2,2,2,3,4,2
"1978",44643,35,1,11,41,1,3,5,5,1,4,3,2,1
"1979",44643,35,2,11,42,1,3,3,2,1,4,3,2,3
"1980",44643,35,3,11,43,3,4,5,4,2,3,3,2,3
"1981",44643,35,4,11,44,2,5,2,3,2,3,4,4,2
"1982",44643,35,1,12,45,1,3,2,3,1,3,3,4,2
"1983",44643,35,1,13,49,NA,5,5,5,1,3,NA,4,1
"1984",44643,35,2,13,50,NA,4,1,2,1,1,NA,5,1
"1985",44643,35,3,13,51,NA,4,4,5,1,3,NA,5,1
"1986",44643,35,4,13,52,NA,3,4,5,1,2,NA,4,1
"1987",44643,35,2,14,54,1,5,4,5,2,1,5,4,1
"1988",44643,35,1,15,57,NA,5,3,4,1,3,NA,4,1
"1989",44643,35,2,15,58,2,2,1,4,1,4,4,4,2
"1990",44643,35,3,15,59,NA,5,5,5,2,1,NA,4,3
"1991",44643,35,3,16,63,2,4,4,4,3,4,5,4,1
"1992",44643,35,1,17,65,NA,5,5,5,1,1,NA,4,1
"1993",62043,2,1,1,1,3,2,3,4,1,3,2,5,3
"1994",62043,2,2,1,2,1,1,2,5,2,5,4,3,2
"1995",74950,2,2,1,2,1,1,1,5,1,5,4,4,1
"1996",74950,2,4,1,4,1,1,3,5,1,5,5,5,1
"1997",77137,89,2,1,2,2,3,2,3,2,2,3,4,2
"1998",77137,89,3,1,3,2,3,2,2,2,3,3,5,2
"1999",77137,89,4,1,4,2,3,2,3,2,3,3,4,3
"2000",77137,89,1,2,5,NA,5,2,3,3,2,NA,5,3
"2001",77137,89,2,2,6,1,3,2,2,2,3,3,4,3
"2002",77137,89,3,2,7,2,5,2,2,3,2,2,3,3
"2003",77137,89,4,2,8,2,3,2,3,2,3,3,4,2
"2004",77137,89,1,3,9,1,3,2,4,2,2,4,4,2
"2005",77137,89,2,3,10,3,2,2,3,3,2,3,3,4
"2006",77137,89,3,3,11,2,3,1,3,2,2,2,4,3
"2007",77137,89,4,3,12,NA,5,3,3,2,1,NA,3,4
"2008",77137,89,1,4,13,2,3,2,3,2,3,3,3,2
"2009",77137,89,2,4,14,2,3,2,3,2,3,3,4,4
"2010",77137,89,3,4,15,2,2,2,3,2,4,3,4,3
"2011",77137,89,4,4,16,3,2,3,4,2,4,3,4,3
"2012",77137,89,1,5,17,2,3,4,4,2,3,3,3,3
"2013",77137,89,2,5,18,2,4,2,3,2,2,3,4,3
"2014",77137,89,3,5,19,3,4,2,3,2,3,3,4,3
"2015",77137,89,4,5,20,2,2,2,4,2,3,4,3,2
"2016",77137,89,2,6,22,4,3,3,2,3,3,2,3,4
"2017",77137,89,3,6,23,NA,3,2,2,3,2,NA,4,4
"2018",77137,89,4,6,24,2,2,3,4,2,3,2,3,2
"2019",77137,89,2,7,26,2,3,3,3,2,2,4,4,3
"2020",77137,89,3,7,27,2,3,2,3,2,3,3,4,3
"2021",77137,89,4,7,28,2,3,3,3,2,3,3,3,3
"2022",77137,89,2,8,30,4,3,3,2,3,2,2,2,4
"2023",77137,89,3,8,31,3,3,3,2,4,2,3,3,5
"2024",77137,89,4,8,32,2,3,3,4,2,4,3,3,3
"2025",77137,89,1,9,33,2,5,1,1,5,1,2,3,5
"2026",77137,89,2,9,34,3,5,3,2,4,2,2,3,5
"2027",77137,89,3,9,35,2,4,3,3,2,3,2,3,3
"2028",77137,89,4,9,36,2,3,3,4,2,3,4,3,1
"2029",77137,89,2,10,38,3,3,4,4,2,3,3,2,1
"2030",77137,89,3,10,39,2,2,4,4,2,3,3,2,2
"2031",77137,89,4,10,40,2,3,4,5,1,4,3,3,2
"2032",77137,89,1,11,41,2,2,3,4,2,3,2,1,3
"2033",77137,89,2,11,42,2,4,2,3,1,2,4,3,3
"2034",77137,89,3,11,43,2,4,4,4,2,2,3,3,2
"2035",77137,89,4,11,44,2,2,3,3,2,4,4,4,2
"2036",77137,89,1,12,45,3,3,4,4,2,2,3,3,2
"2037",77137,89,2,12,46,2,2,3,4,2,2,2,4,3
"2038",77137,89,3,12,47,2,3,3,3,2,3,4,4,2
"2039",77137,89,4,12,48,1,5,3,3,2,2,3,2,3
"2040",77137,89,1,13,49,2,3,2,3,2,3,4,4,3
"2041",77137,89,2,13,50,NA,4,3,3,2,2,NA,3,2
"2042",77137,89,3,13,51,2,3,4,5,2,4,3,2,2
"2043",77137,89,4,13,52,2,3,2,4,2,3,4,5,3
"2044",77137,89,1,14,53,2,3,2,2,2,2,2,5,3
"2045",77137,89,2,14,54,2,3,1,1,2,3,4,5,4
"2046",77137,89,3,14,55,2,2,2,3,2,4,5,3,3
"2047",77137,89,4,14,56,2,3,3,4,2,4,4,3,2
"2048",77137,89,1,15,57,2,3,3,4,2,3,3,3,2
"2049",77137,89,2,15,58,NA,3,3,4,2,3,NA,4,2
"2050",77137,89,3,15,59,2,3,2,3,2,4,5,5,2
"2051",77137,89,4,15,60,2,1,2,3,2,4,4,4,2
"2052",77137,89,1,16,61,2,4,2,3,2,2,3,2,2
"2053",77137,89,2,16,62,2,3,3,3,2,3,3,3,3
"2054",77137,89,4,16,64,2,2,3,4,2,4,3,3,2
"2055",77137,89,2,17,66,NA,4,3,5,2,2,NA,4,2
"2056",77137,89,3,17,67,2,3,3,3,2,3,4,3,2
"2057",77137,89,4,17,68,2,2,1,3,2,4,3,4,2
"2058",77137,89,1,18,69,2,4,4,3,2,3,3,4,2
"2059",77137,89,2,18,70,2,3,2,2,2,2,4,5,3
"2060",77137,89,3,18,71,3,3,2,3,2,3,3,4,2
"2061",77137,89,4,18,72,2,3,3,4,2,3,3,3,2
"2062",77137,89,1,19,73,2,3,3,4,2,3,3,3,2
"2063",77137,89,3,19,75,2,3,2,3,2,4,4,4,3
"2064",77137,89,4,19,76,2,3,3,3,2,2,4,4,2
"2065",77137,89,2,20,78,2,3,2,3,2,2,3,5,3
"2066",77137,89,3,20,79,3,4,3,3,2,2,3,4,2
"2067",77137,89,4,20,80,2,3,3,4,2,3,3,3,2
"2068",77137,89,1,21,81,2,3,3,4,2,3,3,3,2
"2069",77137,89,2,21,82,2,3,4,4,2,3,4,3,2
"2070",77137,89,4,21,84,2,3,3,3,2,3,3,4,2
"2071",77137,89,1,22,85,NA,4,4,3,2,2,NA,3,2
"2072",77137,89,2,22,86,3,3,3,2,3,2,2,4,3
"2073",77137,89,3,22,87,2,2,2,3,2,3,3,3,2
"2074",77137,89,4,22,88,2,4,3,3,2,3,3,3,2
"2075",77137,89,1,23,89,2,3,2,4,2,3,3,4,2
"2076",77137,89,2,23,90,2,4,3,2,2,2,2,3,4
"2077",77137,89,3,23,91,2,2,2,4,2,4,4,3,2
"2078",77137,89,4,23,92,2,2,3,4,2,3,2,3,2
"2079",77137,89,2,24,94,2,2,3,3,2,3,4,3,3
"2080",77137,89,3,24,95,2,2,2,2,2,3,3,4,3
"2081",77137,89,4,24,96,1,5,3,4,2,2,2,2,2
"2082",77137,89,1,25,97,3,4,3,3,2,2,2,3,3
"2083",77137,89,2,25,98,2,3,4,4,2,3,2,3,3
"2084",77137,89,3,25,99,2,3,3,4,2,3,3,3,2
"2085",77137,89,4,25,100,2,3,2,3,2,4,4,3,3
"2086",8608,14,2,1,2,3,4,1,3,1,4,3,4,2
"2087",8608,14,2,2,6,1,3,1,2,1,4,3,5,3
"2088",8608,14,3,2,7,1,4,2,4,1,3,4,4,3
"2089",8608,14,1,3,9,1,4,2,3,1,2,2,4,1
"2090",8608,14,2,3,10,2,2,1,3,1,4,4,4,3
"2091",8608,14,3,3,11,NA,3,1,4,1,1,NA,4,2
"2092",8608,14,4,3,12,1,1,2,5,1,5,3,4,1
"2093",8608,14,2,4,14,1,2,2,2,1,3,3,5,3
"2094",8608,14,1,7,25,1,3,1,5,1,3,3,4,2
"2095",8608,14,1,8,29,1,5,1,4,1,1,1,4,3
"2096",8608,14,4,10,40,1,3,1,5,1,1,1,4,2
"2097",8608,14,2,11,42,1,5,1,4,1,1,2,3,2
"2098",8608,14,3,12,47,1,4,1,3,1,3,2,4,3
"2099",8608,14,4,12,48,1,5,3,4,1,2,2,2,2
"2100",16461,43,1,1,0,2,5,3,3,1,1,3,4,3
"2101",16461,43,1,1,1,2,2,2,3,1,4,3,3,2
"2102",16461,43,1,2,5,1,4,3,4,1,1,2,3,2
"2103",16461,43,4,2,8,2,3,2,3,1,3,2,3,2
"2104",16461,43,4,3,12,2,2,1,4,1,3,4,4,2
"2105",16461,43,1,4,13,1,3,2,4,1,3,3,4,3
"2106",16461,43,3,4,15,NA,4,3,4,1,2,NA,2,3
"2107",16461,43,4,4,16,2,3,3,3,1,3,3,3,3
"2108",16461,43,1,5,17,2,4,3,4,1,2,2,3,2
"2109",16461,43,4,5,20,2,2,2,3,1,3,4,3,2
"2110",16461,43,1,6,21,2,3,3,4,1,3,2,2,2
"2111",16461,43,2,6,22,2,2,4,3,1,4,4,3,2
"2112",16461,43,3,6,23,2,4,4,4,1,3,2,2,2
"2113",16461,43,4,6,24,2,2,2,2,1,3,4,4,4
"2114",16461,43,1,7,25,2,3,2,4,1,3,2,3,2
"2115",16461,43,3,7,27,2,2,2,5,1,3,3,4,2
"2116",16461,43,4,7,28,2,3,3,3,1,3,2,3,1
"2117",16461,43,1,8,29,NA,5,5,5,1,1,NA,3,1
"2118",16461,43,2,8,30,2,3,4,5,1,3,2,3,2
"2119",16461,43,4,8,32,2,4,2,4,1,3,3,4,2
"2120",16461,43,1,9,33,2,2,2,4,1,3,3,3,3
"2121",16461,43,2,9,34,2,2,2,4,1,4,4,4,2
"2122",16461,43,3,9,35,2,5,4,4,1,1,2,3,1
"2123",16461,43,4,9,36,2,3,2,3,1,2,2,2,2
"2124",16461,43,2,10,38,2,5,2,3,1,2,3,3,2
"2125",16461,43,4,10,40,3,2,3,4,1,3,2,3,2
"2126",16461,43,1,11,41,2,3,2,3,1,3,3,3,3
"2127",16461,43,3,11,43,NA,4,4,3,1,2,NA,2,3
"2128",16461,43,4,11,44,2,3,3,4,1,1,3,3,2
"2129",16461,43,1,12,45,3,4,4,4,1,3,2,3,2
"2130",16461,43,4,12,48,2,2,2,4,1,4,3,3,3
"2131",16461,43,1,13,49,2,3,2,3,1,2,2,3,2
"2132",16461,43,2,13,50,3,3,3,3,1,3,2,4,3
"2133",16461,43,3,13,51,2,3,2,3,1,3,3,3,2
"2134",16461,43,4,16,64,2,1,3,4,1,5,4,3,1
"2135",16461,43,2,17,66,2,3,4,4,1,4,4,4,2
"2136",16461,43,3,17,67,2,2,3,4,1,5,3,3,2
"2137",16461,43,2,18,70,2,5,2,3,1,1,3,3,1
"2138",16461,43,4,18,72,2,3,3,4,1,4,4,3,2
"2139",16461,43,1,19,73,3,4,2,4,1,2,3,3,3
"2140",16461,43,1,20,77,2,2,3,3,1,3,3,3,3
"2141",16461,43,3,21,83,3,3,2,4,2,4,3,3,3
"2142",16461,43,1,43,169,3,4,3,2,3,2,3,3,3
"2143",68513,41,1,1,0,1,3,1,2,1,3,5,2,3
"2144",68513,41,1,1,1,1,5,2,3,2,1,3,3,2
"2145",68513,41,2,1,2,1,2,2,2,2,4,3,3,2
"2146",68513,41,3,1,3,1,2,1,3,1,3,3,3,1
"2147",68513,41,4,1,4,NA,4,4,2,3,1,NA,2,2
"2148",68513,41,1,2,5,NA,3,1,4,2,3,NA,3,1
"2149",68513,41,2,2,6,1,2,2,1,2,2,3,3,3
"2150",68513,41,3,2,7,1,3,2,3,2,2,2,3,2
"2151",68513,41,4,2,8,NA,3,4,3,2,2,NA,1,1
"2152",68513,41,1,3,9,NA,3,3,3,2,1,NA,2,2
"2153",68513,41,2,3,10,NA,3,3,4,3,1,NA,1,2
"2154",68513,41,3,3,11,NA,3,3,3,1,1,NA,1,1
"2155",68513,41,4,3,12,NA,2,5,3,3,1,NA,1,3
"2156",68513,41,1,4,13,NA,3,3,3,3,1,NA,1,3
"2157",68513,41,2,4,14,NA,3,3,3,2,2,NA,1,2
"2158",68513,41,3,4,15,1,3,3,3,2,2,3,1,4
"2159",68513,41,4,4,16,1,4,3,1,1,2,2,1,1
"2160",68513,41,3,5,19,NA,3,3,3,2,1,NA,1,2
"2161",68513,41,4,5,20,NA,3,3,3,2,1,NA,1,2
"2162",68513,41,1,6,21,NA,2,3,3,2,1,NA,1,2
"2163",68513,41,4,6,24,NA,1,2,2,1,1,NA,1,3
"2164",68513,41,1,7,25,NA,5,4,3,1,1,NA,1,2
"2165",68513,41,2,7,26,NA,5,3,2,2,1,NA,1,3
"2166",68513,41,3,7,27,NA,2,3,2,3,1,NA,1,2
"2167",68513,41,4,7,28,NA,3,3,2,2,1,NA,2,3
"2168",68513,41,1,8,29,NA,4,3,1,3,1,NA,1,2
"2169",68513,41,2,8,30,NA,4,3,3,2,1,NA,1,3
"2170",68513,41,1,9,33,NA,4,3,3,2,1,NA,1,1
"2171",68513,41,2,9,34,NA,3,3,4,3,1,NA,1,2
"2172",68513,41,1,10,37,NA,4,3,3,2,1,NA,1,2
"2173",68513,41,2,10,38,NA,5,3,3,2,1,NA,1,3
"2174",68513,41,3,10,39,NA,2,4,4,1,2,NA,2,2
"2175",68513,41,4,10,40,NA,4,4,3,2,1,NA,1,2
"2176",68513,41,2,11,42,NA,5,4,3,3,1,NA,1,3
"2177",68513,41,3,11,43,NA,2,5,5,1,1,NA,1,2
"2178",68513,41,2,12,46,1,5,1,1,1,1,3,1,2
"2179",68513,41,2,16,62,1,2,2,3,2,3,3,3,2
"2180",68513,41,4,18,72,1,2,3,4,1,3,3,2,2
"2181",68513,41,1,23,89,NA,3,3,5,1,3,NA,3,1
"2182",68513,41,1,24,93,1,4,5,5,1,1,2,1,1
"2183",68513,41,4,24,96,NA,4,4,4,2,1,NA,1,1
"2184",49822,1,1,1,1,4,3,1,5,1,4,2,5,1
"2185",80862,1,2,1,2,5,2,1,3,1,5,2,5,3
"2186",5099,1,2,1,2,3,NA,1,4,1,3,2,4,2
"2187",24043,1,1,1,1,1,4,3,3,1,1,2,4,2
"2188",44848,1,2,1,2,4,3,3,3,3,3,3,4,3
