"SID","day","real_order","E_outgoing","E_quiet","C_lazy","C_reliable","N_worried","N_relaxed","N_depressed","A_rude","A_kind","authentic","SE","Happy","Lonely","pos_emotion","neg_emotion"
"6",1,2,3,3,2,4,2,3,1,1,4,3,3,2,2,NA,1
"6",25,1,2,4,2,3,2,3,1,NA,NA,4,3,3,1,NA,1
"6",37,4,1,4,3,4,3,3,1,NA,NA,4,3,3,2,NA,2
"12",2,5,2,5,3,3,2,3,3,2,5,4,2,3,1,3,3
"12",4,5,3,5,2,3,2,2,2,2,3,4,3,3,2,3,2
"12",5,6,2,4,2,4,2,3,2,1,4,3,3,3,1,NA,2
"12",8,6,2,5,4,3,3,3,3,1,3,4,2,2,2,3,2
"12",9,7,4,3,4,3,2,4,2,1,4,4,3,4,2,NA,2
"12",12,7,1,5,3,3,1,4,2,NA,NA,4,3,3,1,3,2
"12",13,1,3,3,2,3,2,4,2,1,4,4,3,4,2,NA,2
"12",17,2,2,5,5,3,2,4,2,NA,NA,4,3,3,2,NA,2
"12",20,2,3,3,2,3,2,3,2,2,4,3,3,3,2,3,3
"12",21,3,5,2,2,3,2,4,2,2,4,4,4,4,2,NA,2
"12",24,3,1,5,4,2,2,3,3,NA,NA,2,2,2,2,2,4
"12",25,4,1,5,5,2,4,3,4,NA,NA,3,3,2,1,NA,3
"12",28,4,4,2,2,3,2,4,2,1,4,4,4,3,1,4,2
"12",29,5,5,1,2,4,2,5,1,2,4,4,4,4,2,NA,2
"12",37,7,4,2,2,4,2,4,2,2,4,4,4,4,2,NA,2
"12",40,7,2,4,3,3,2,4,2,2,3,4,3,3,2,3,2
"12",53,4,4,2,2,4,3,3,2,1,4,3,3,3,2,NA,3
"17",1,2,4,2,2,4,2,3,2,3,5,3,4,4,4,4,2
"17",5,3,2,4,3,3,3,3,2,1,3,4,4,3,3,NA,3
"17",8,3,1,5,4,3,3,3,2,2,3,2,4,4,4,3,2
"17",9,4,3,4,2,4,2,4,1,1,3,3,4,3,3,NA,2
"17",12,4,1,5,3,3,3,3,1,1,2,3,4,4,3,4,1
"17",13,5,3,4,3,3,2,3,1,1,3,4,4,4,1,NA,1
"17",17,6,2,5,4,3,1,5,1,1,3,4,5,4,2,NA,1
"17",25,1,3,4,1,4,1,4,1,1,3,4,5,5,1,NA,1
"17",29,2,4,2,3,5,1,5,2,2,5,5,5,3,1,NA,2
"17",32,2,5,1,2,5,1,4,1,1,3,5,5,5,1,5,1
"17",33,3,5,2,2,4,1,5,1,1,3,5,5,5,1,NA,1
"17",36,3,2,5,5,1,2,3,3,1,1,2,2,1,5,1,3
"17",37,4,1,5,1,5,2,3,1,1,1,4,5,3,1,NA,2
"17",40,4,3,5,3,2,2,4,2,2,2,1,4,3,3,3,3
"17",41,5,2,4,4,3,1,4,1,1,1,4,4,3,2,NA,1
"17",45,6,2,5,5,4,1,4,1,1,1,5,5,4,1,NA,2
"17",53,1,3,4,2,4,1,5,1,1,5,5,5,4,1,NA,1
"19",2,1,2,4,2,3,2,4,2,2,5,3,4,3,2,3,2
"19",4,1,3,2,3,2,2,3,3,2,4,3,3,3,3,4,2
"19",5,2,2,3,2,4,4,3,2,2,2,2,3,3,2,NA,2
"19",9,3,2,4,2,4,2,4,2,2,2,3,4,3,3,NA,2
"19",12,3,4,2,4,3,2,4,2,2,3,4,3,4,2,4,2
"19",13,4,2,4,2,4,1,4,1,2,3,3,3,3,2,NA,2
"19",21,6,4,3,2,3,2,4,2,2,3,4,3,3,2,NA,2
"19",29,1,2,4,3,3,2,4,2,2,3,2,4,3,2,NA,2
"36",0,1,4,2,2,5,3,3,2,3,1,4,3,3,2,2,1
"36",4,1,1,5,4,3,5,1,5,1,2,3,1,1,5,1,5
"36",5,2,2,5,2,2,4,1,2,1,3,3,1,2,2,NA,3
"36",8,2,2,5,2,3,2,3,2,NA,NA,4,3,2,3,3,3
"36",9,3,2,3,2,3,4,2,4,1,3,2,3,3,4,NA,3
"36",13,4,2,5,3,2,3,2,2,1,4,3,2,2,2,NA,2
"36",16,4,1,5,2,3,2,2,2,NA,NA,3,3,2,3,2,2
"36",17,5,2,3,2,3,3,2,1,1,2,3,3,2,2,NA,2
"36",20,5,2,5,1,2,1,4,3,NA,NA,2,3,2,3,2,1
"36",21,6,2,2,3,3,2,4,1,1,2,3,3,3,1,NA,3
"36",24,6,1,5,2,1,1,2,2,NA,NA,2,3,1,2,2,1
"36",25,7,2,5,3,5,1,2,1,NA,NA,4,4,4,1,NA,2
"36",28,7,3,3,4,4,2,2,1,1,2,4,2,4,3,3,3
"36",29,1,1,4,2,3,3,1,1,1,3,3,2,1,2,NA,5
"41",0,2,4,3,2,3,2,5,1,4,2,4,4,4,1,4,2
"41",1,2,3,2,2,5,1,5,1,1,4,4,4,4,1,NA,1
"41",4,2,1,5,2,3,2,5,1,NA,NA,3,3,4,3,5,2
"45",0,5,3,5,2,3,4,2,2,2,5,3,3,2,2,3,3
"45",1,5,5,2,2,4,2,4,1,2,4,4,4,4,2,NA,2
"45",4,5,2,5,2,4,2,3,1,1,3,4,4,3,3,4,3
"45",5,6,5,1,1,5,2,3,1,1,4,4,4,4,2,NA,2
"45",8,6,3,4,2,3,2,4,2,2,3,3,4,4,2,4,1
"45",12,7,3,5,1,4,3,3,4,2,4,3,1,2,4,2,5
"45",13,1,2,4,2,5,2,4,2,2,4,4,4,4,2,NA,2
"45",17,2,2,4,1,4,4,2,2,2,4,4,3,3,2,NA,3
"45",20,2,5,1,3,3,2,5,1,2,3,4,4,4,1,5,1
"45",25,4,3,5,1,3,5,1,2,2,4,4,3,3,1,NA,4
"45",29,5,5,2,2,3,3,3,1,2,4,4,5,4,1,NA,2
"45",32,5,3,3,4,4,2,5,2,2,4,4,3,4,2,4,2
"45",36,6,5,3,2,3,3,2,2,2,4,4,3,3,2,3,3
"45",40,7,3,3,2,5,3,2,2,2,3,4,3,3,3,3,3
"45",41,1,3,3,1,5,4,2,1,2,4,4,4,4,2,NA,3
"45",44,1,4,1,1,5,5,1,3,4,2,5,4,2,1,3,5
"45",48,2,3,3,2,4,3,4,1,3,3,5,5,3,1,3,3
"46",0,2,3,3,2,4,2,4,1,2,4,4,5,4,2,4,2
"46",4,2,4,3,1,4,2,4,1,1,4,4,4,4,2,4,2
"46",5,3,4,2,1,4,2,4,1,1,4,5,4,4,1,NA,2
"46",8,3,2,5,3,4,1,4,1,NA,NA,4,4,4,3,4,2
"46",17,6,4,2,2,4,2,4,1,1,5,4,4,4,1,NA,2
"46",20,6,4,2,3,4,2,4,1,1,5,5,4,4,1,4,2
"46",29,2,2,5,2,3,2,3,1,1,4,3,4,4,3,NA,2
"46",32,2,4,3,2,3,1,3,1,1,4,4,4,4,1,4,2
"46",41,5,2,4,2,4,2,3,1,NA,NA,4,4,3,2,NA,2
"46",49,7,2,4,3,4,1,4,1,NA,NA,4,3,3,2,NA,1
"51",1,2,1,5,1,5,2,5,1,2,5,5,5,4,2,4,2
"51",4,2,1,5,1,4,2,3,3,1,5,5,3,3,2,3,3
"51",5,3,4,2,3,5,1,5,1,1,5,5,5,5,1,NA,1
"51",8,3,3,3,3,5,2,4,2,2,4,4,4,4,1,4,2
"51",9,4,3,4,1,5,2,4,1,1,5,4,5,5,1,NA,2
"51",12,4,3,3,2,2,3,3,2,1,5,5,3,3,1,3,3
"51",13,5,1,5,1,5,3,4,1,1,5,3,5,4,1,NA,2
"51",16,5,4,2,3,5,1,5,1,1,5,5,4,5,1,5,1
"51",17,6,3,3,1,3,3,4,1,1,4,4,4,4,1,NA,2
"51",20,6,1,5,5,1,2,4,1,2,4,5,3,4,2,4,2
"51",21,7,1,4,1,3,2,3,1,1,5,4,3,4,1,NA,2
"51",24,7,3,2,2,5,2,5,1,1,5,5,4,5,1,4,1
"51",25,1,3,3,3,4,3,2,2,2,4,5,4,3,1,NA,3
"51",28,1,2,4,2,3,5,3,3,2,4,3,2,3,1,2,3
"51",29,2,2,3,2,3,3,3,2,1,4,3,3,3,1,NA,3
"51",33,3,2,4,2,3,3,2,2,2,4,4,3,3,1,NA,1
"51",37,4,3,2,1,4,2,4,1,1,5,5,4,5,1,NA,3
"51",40,4,1,5,2,4,1,4,2,NA,NA,4,4,3,3,3,2
"51",41,5,4,2,1,3,3,3,1,1,3,4,5,4,1,NA,2
"51",44,5,3,4,2,5,1,5,1,1,5,5,5,5,1,5,1
"51",45,6,3,3,2,4,1,5,1,1,5,5,5,4,1,NA,2
"51",48,6,1,5,3,4,2,4,1,1,5,5,4,4,2,4,2
"51",49,7,2,4,2,4,2,4,1,1,5,3,4,4,1,NA,1
"51",52,7,3,3,2,4,4,4,1,1,5,5,4,4,1,4,2
"51",53,1,4,3,1,5,2,3,1,1,5,5,4,4,1,NA,1
"51",56,1,1,4,2,2,3,2,4,2,2,4,2,2,2,2,4
"51",57,2,4,4,3,3,2,3,1,2,3,4,3,4,3,NA,3
"52",1,3,4,3,2,4,2,4,1,2,4,4,4,4,2,NA,2
"52",4,3,4,3,3,3,2,3,2,2,3,3,3,4,2,4,2
"52",8,4,3,3,3,3,3,4,2,2,3,4,4,3,2,3,2
"52",9,5,4,3,3,4,3,4,2,2,3,3,4,3,2,NA,2
"52",12,5,4,2,2,4,2,3,2,NA,NA,4,4,4,1,4,2
"52",13,6,3,2,2,4,3,2,2,2,4,4,4,3,2,NA,2
"52",21,1,2,4,3,3,3,3,2,2,3,3,3,3,2,NA,3
"52",24,1,3,3,2,4,3,3,2,2,3,4,3,3,2,3,2
"52",28,2,4,2,2,3,2,4,2,2,3,4,4,4,2,4,2
"52",29,3,2,3,2,4,3,3,2,2,3,3,4,4,2,NA,2
"54",0,5,2,2,1,3,3,3,1,3,2,5,5,4,1,4,2
"54",1,5,3,3,2,4,1,5,1,NA,NA,5,5,5,1,NA,1
"54",4,5,5,2,2,5,1,5,1,1,4,5,5,5,1,5,1
"54",5,6,4,2,1,5,2,3,1,1,4,5,5,4,1,NA,1
"54",12,7,4,2,1,3,2,3,1,NA,NA,4,5,4,1,4,2
"54",13,1,4,3,1,4,1,3,1,1,3,5,4,4,1,NA,1
"54",16,1,3,3,2,4,1,3,1,NA,NA,5,5,4,1,4,1
"54",17,2,2,3,1,5,1,5,1,NA,NA,5,5,5,1,NA,1
"54",20,2,4,2,1,4,1,3,1,1,4,5,5,5,1,5,1
"54",21,3,4,3,1,4,1,3,1,1,3,5,5,4,1,NA,1
"54",24,3,3,3,1,5,1,1,2,1,3,4,5,3,1,3,1
"54",25,4,4,3,1,4,1,2,1,1,3,4,4,3,1,NA,1
"54",28,4,4,2,1,5,3,1,1,1,4,5,4,5,1,4,1
"54",32,5,3,3,2,4,1,5,1,NA,NA,5,5,5,1,5,1
"54",36,6,2,3,1,3,3,1,1,1,3,5,5,3,1,3,2
"54",40,7,3,4,1,5,1,4,1,NA,NA,4,5,4,1,4,1
"54",41,1,5,3,1,5,1,5,1,1,4,5,5,5,1,NA,1
"54",45,2,5,1,1,4,1,5,1,1,4,5,5,5,1,NA,1
"54",48,2,4,3,1,5,1,4,1,NA,NA,5,5,5,1,5,1
"54",49,3,4,3,1,5,1,4,1,1,4,5,5,5,1,NA,1
"54",52,3,3,3,1,4,1,3,1,1,2,3,5,3,1,4,1
"54",53,4,2,4,1,4,1,3,2,1,3,5,4,3,1,NA,2
"54",56,4,3,3,2,5,1,5,1,NA,NA,5,5,5,1,5,1
"54",60,5,5,1,1,5,1,5,1,1,4,5,5,5,1,5,1
"60",0,4,1,5,2,5,3,2,1,3,2,4,5,4,1,4,1
"60",1,4,3,3,1,5,5,2,1,1,2,3,2,3,1,NA,3
"60",4,4,5,3,1,2,1,5,1,2,3,4,3,5,1,5,1
"60",8,5,3,2,2,2,1,2,1,3,2,2,4,3,1,3,4
"60",16,7,2,1,4,3,3,1,1,3,5,2,3,2,1,3,4
"60",17,1,2,5,1,5,4,2,3,1,4,3,3,2,3,NA,3
"61",1,2,3,2,2,3,2,4,1,4,2,4,4,3,1,3,2
"61",4,2,2,4,2,2,3,2,1,1,2,2,3,2,1,2,4
"61",5,3,2,4,2,2,3,3,1,2,2,2,3,2,1,NA,3
"61",8,3,1,4,2,2,4,2,1,NA,NA,3,3,3,1,3,2
"61",9,4,3,3,2,3,2,3,1,1,4,4,4,3,1,NA,2
"61",12,4,5,2,5,3,1,4,1,2,4,3,4,4,2,5,2
"61",13,5,5,2,3,3,1,4,1,1,3,3,3,4,1,NA,1
"61",16,5,4,2,3,3,2,2,1,2,3,2,2,3,2,3,2
"61",17,6,3,2,3,3,2,2,2,1,5,4,2,4,2,NA,2
"61",20,6,4,2,5,3,1,4,2,2,3,4,3,4,2,4,2
"61",24,7,4,1,1,3,1,3,1,2,4,4,3,4,1,4,2
"61",25,1,2,3,2,3,1,3,1,1,3,3,4,4,1,NA,1
"61",28,1,3,1,1,4,1,3,1,2,3,2,3,3,1,4,2
"61",29,2,1,5,3,3,2,3,1,1,1,2,3,3,2,NA,1
"61",32,2,3,2,4,3,2,3,2,1,3,2,2,3,2,4,2
"61",33,3,2,3,2,3,3,2,1,1,3,3,3,3,1,NA,3
"61",37,4,3,3,2,3,2,2,1,1,3,3,3,3,1,NA,2
"61",40,4,1,4,3,2,2,4,2,1,2,3,3,4,2,4,2
"61",41,5,3,4,4,3,3,2,1,1,4,3,4,4,1,NA,2
"61",52,7,1,5,5,2,2,4,2,NA,NA,3,2,4,2,4,2
"61",53,1,2,3,4,3,3,3,1,1,2,3,4,2,1,NA,3
"61",56,1,4,1,2,4,1,3,1,2,4,3,4,4,1,4,1
"61",57,2,1,5,1,2,3,2,1,1,1,2,4,2,1,NA,2
"70",0,2,4,3,3,NA,2,3,2,2,1,5,4,4,1,3,3
"70",4,2,3,3,3,5,1,3,2,2,3,5,4,3,3,2,3
"70",5,3,5,1,1,4,1,4,1,1,4,5,4,4,1,NA,1
"70",8,3,3,4,4,3,2,5,2,1,3,4,3,3,2,4,1
"70",9,4,1,5,1,4,3,2,3,2,4,4,2,2,2,NA,3
"70",13,5,3,3,4,4,2,5,1,1,4,5,3,4,1,NA,1
"70",16,5,4,3,5,3,1,5,1,1,4,4,4,4,1,4,1
"70",17,6,5,1,3,5,1,5,1,1,5,5,5,5,1,NA,1
"70",20,6,5,1,1,5,1,5,1,1,5,5,4,5,1,5,1
"70",21,7,3,3,3,4,1,4,2,2,4,4,4,4,2,NA,3
"70",24,7,3,4,5,4,3,4,2,2,4,3,3,3,2,3,2
"70",25,1,5,1,1,5,1,3,1,1,4,4,4,4,1,NA,1
"70",29,2,5,2,1,5,3,3,2,1,5,4,4,4,1,NA,3
"70",32,2,2,4,3,3,4,4,4,1,4,5,2,2,1,3,4
"70",33,3,5,1,1,4,2,3,1,1,4,4,4,4,1,NA,1
"70",36,3,4,1,1,4,2,3,1,1,4,5,4,4,1,3,2
"70",37,4,4,1,1,4,1,4,1,1,4,4,4,4,1,NA,1
"70",40,4,5,1,1,5,2,4,1,1,4,5,4,4,1,5,1
"70",41,5,3,3,1,4,1,4,1,2,4,4,4,3,1,NA,1
"71",0,4,5,2,1,5,4,2,5,5,5,5,2,4,2,3,3
"71",4,4,1,5,1,5,5,1,3,1,3,3,3,2,2,2,3
"71",5,5,3,4,2,3,3,3,2,1,3,3,2,3,2,NA,2
"71",8,5,5,1,2,5,2,5,2,1,5,5,3,5,1,5,2
"71",9,6,1,5,5,3,4,3,3,NA,NA,3,2,3,4,NA,3
"71",13,7,4,2,3,4,3,3,2,1,5,3,3,4,2,NA,2
"71",16,7,5,2,2,5,4,2,3,1,5,2,4,3,3,5,3
"71",21,2,1,3,5,2,3,2,4,NA,NA,2,2,2,2,NA,4
"74",2,1,2,4,3,3,2,3,2,3,3,4,3,3,1,2,1
"74",5,2,2,3,1,3,5,1,2,NA,NA,4,3,2,1,NA,3
"74",9,3,5,1,1,5,2,5,1,1,4,5,4,5,1,NA,1
"74",12,3,1,5,3,5,2,3,3,NA,NA,4,4,3,1,2,2
"74",13,4,1,5,1,4,3,4,1,NA,NA,4,3,4,1,NA,1
"74",16,4,1,5,2,3,2,4,2,NA,NA,3,3,2,1,1,1
"74",32,1,1,5,3,5,4,4,1,1,5,5,3,3,1,3,1
"74",45,5,2,4,1,4,2,4,1,2,3,4,4,3,1,NA,2
"74",48,5,5,1,1,5,1,5,1,1,4,3,5,4,1,5,1
"74",49,6,2,4,3,3,1,3,1,1,3,4,3,3,1,NA,2
"74",56,7,5,1,1,5,1,3,1,1,4,5,4,3,1,3,1
"86",4,4,4,1,2,3,NA,4,1,1,4,2,4,4,1,3,2
"87",0,5,3,1,1,4,2,1,1,2,3,3,4,4,1,3,2
"87",1,5,1,3,1,4,2,1,1,2,3,2,3,3,1,NA,2
"87",5,6,4,2,2,3,1,3,1,1,3,3,4,4,1,NA,1
"90",2,5,2,4,4,2,4,3,2,1,4,2,2,3,2,2,2
"91",2,3,4,1,1,4,2,5,1,4,2,4,4,5,1,5,1
"91",4,3,5,1,2,4,1,4,1,2,4,4,5,5,1,5,2
"91",5,4,1,5,1,5,2,3,1,1,2,4,4,4,1,NA,1
"91",8,4,4,3,3,4,1,4,1,2,4,4,4,4,1,4,1
"91",9,5,3,2,2,4,1,4,1,2,3,4,4,4,1,NA,1
"91",12,5,5,2,2,4,1,4,1,2,4,5,4,5,1,4,4
"91",13,6,3,3,2,3,2,4,1,2,3,2,4,4,1,NA,2
"91",16,6,3,2,2,4,1,4,1,2,4,4,5,4,1,4,2
"91",17,7,2,3,2,3,1,4,1,2,4,4,3,4,1,NA,2
"91",20,7,2,4,1,4,2,3,1,NA,NA,4,4,4,1,3,1
"91",21,1,2,5,3,4,1,4,1,2,3,3,4,4,1,NA,2
"91",24,1,2,3,1,4,1,4,1,1,2,4,4,4,1,4,1
"91",25,2,4,3,2,3,1,4,1,2,NA,3,4,4,1,NA,1
"91",28,2,2,5,1,5,2,3,1,2,2,3,4,3,1,3,2
"91",29,3,4,4,2,3,2,3,1,2,2,4,4,3,1,NA,1
"91",32,3,1,4,1,4,2,4,1,NA,NA,4,4,4,1,4,1
"91",33,4,4,4,2,4,1,4,1,2,NA,3,5,4,1,NA,2
"91",36,4,4,3,3,3,1,4,1,2,3,3,4,4,1,4,2
"91",37,5,3,3,2,3,2,3,1,2,3,4,3,3,1,NA,2
"91",40,5,4,2,2,4,1,5,1,2,4,5,4,5,1,5,1
"91",41,6,3,3,1,4,2,4,1,2,3,4,4,4,1,NA,1
"91",44,6,4,3,3,4,1,5,1,2,3,4,5,5,1,5,2
"91",45,7,3,3,1,4,2,4,1,2,3,4,4,4,1,NA,3
"91",48,7,2,4,3,4,1,4,1,3,2,4,4,4,1,4,2
"91",49,1,3,4,2,4,1,4,1,2,3,4,4,4,1,NA,1
"91",52,1,2,4,3,4,2,4,1,NA,NA,4,4,4,1,3,2
"91",53,2,2,4,2,4,2,4,1,2,2,4,4,4,1,NA,2
"91",56,2,3,4,2,4,1,4,1,NA,NA,4,5,4,2,4,1
"91",57,3,4,4,2,4,2,4,1,2,2,4,4,4,1,NA,2
"94",2,5,4,3,1,4,1,4,1,4,1,5,4,4,1,4,1
"94",16,1,4,2,1,4,4,2,1,1,3,4,3,3,1,3,3
"94",20,2,1,5,1,4,2,3,1,NA,NA,3,4,2,1,2,2
"94",45,2,4,3,3,4,2,4,1,1,3,4,4,3,2,NA,3
"95",2,2,4,3,4,3,5,2,1,3,4,3,3,3,2,4,3
"95",5,3,2,3,4,4,2,3,1,4,2,2,3,3,1,NA,3
"95",9,4,5,1,5,1,5,2,1,5,2,3,1,1,3,NA,4
"95",13,5,4,1,3,2,3,2,1,4,2,1,3,3,1,NA,2
"95",17,6,2,2,5,1,5,2,1,4,1,3,1,2,2,NA,5
"95",29,2,3,2,5,1,2,4,1,4,2,4,3,3,2,NA,2
"95",37,4,5,1,4,4,3,3,1,5,2,4,5,4,1,NA,2
"95",41,5,3,1,5,2,3,1,1,5,2,1,3,3,1,NA,5
"95",45,6,5,2,1,5,1,2,1,2,5,3,3,3,1,NA,1
"95",53,1,2,5,5,3,3,3,1,5,2,4,5,3,1,NA,1
"95",57,2,3,3,5,4,5,3,1,5,2,2,2,2,3,NA,3
"97",1,5,1,4,3,3,1,3,1,1,5,2,5,3,1,3,3
"97",16,1,1,5,5,5,1,3,1,NA,NA,5,5,3,1,3,NA
"97",17,2,3,4,1,4,1,5,1,1,4,5,5,4,1,NA,1
"97",20,2,1,5,4,3,1,4,1,NA,NA,5,5,3,1,3,1
"97",21,3,1,4,3,1,1,3,1,3,3,1,5,2,1,NA,3
"97",24,3,1,5,3,5,1,5,1,NA,NA,5,5,4,1,4,2
"97",25,4,1,5,1,5,1,3,1,1,3,3,5,3,1,NA,1
"97",29,5,5,3,1,4,1,5,1,1,5,5,5,5,1,NA,1
"97",41,1,1,2,3,5,1,3,1,NA,NA,5,4,2,1,NA,3
"97",44,1,1,5,5,4,1,4,1,NA,NA,4,4,4,1,4,1
"97",45,2,2,4,1,2,2,2,1,1,4,3,4,3,1,NA,3
"97",48,2,5,1,1,5,1,5,1,1,5,5,5,5,1,5,1
"97",49,3,2,3,1,5,1,1,1,1,5,3,5,4,1,NA,1
"97",52,3,1,5,1,5,1,5,1,NA,NA,5,5,5,1,5,1
"97",53,4,3,3,1,5,1,3,1,1,5,4,5,5,1,NA,1
"97",57,5,5,3,1,5,1,4,1,1,5,5,5,4,1,NA,1
"102",1,2,2,4,2,3,3,2,1,3,3,3,3,3,2,4,2
"10107",1,5,4,2,2,5,2,4,1,5,2,4,4,4,1,5,2
"10107",20,2,3,3,2,3,3,3,2,1,3,5,4,3,2,3,3
"10107",21,3,3,NA,2,3,4,2,4,2,4,4,3,2,2,NA,4
"10107",25,4,3,3,4,5,2,4,1,1,4,5,4,4,1,NA,2
"10107",29,5,5,2,2,4,1,5,1,1,4,5,5,5,1,NA,1
"10107",37,7,2,4,3,4,1,4,1,1,3,5,4,4,2,NA,2
"10107",40,7,4,2,1,4,1,5,1,1,4,4,5,5,1,5,1
"10107",44,1,3,3,2,5,2,4,2,2,4,4,4,4,1,4,2
"10107",49,3,4,3,2,4,2,3,2,1,4,4,4,4,1,NA,2
"10107",57,5,4,2,2,4,1,3,1,3,5,4,3,4,1,NA,1
"10111",1,5,3,3,2,4,2,4,1,2,4,4,4,4,1,4,2
"10111",16,1,2,3,4,3,1,5,1,1,2,5,5,5,1,4,1
"10111",17,2,2,3,1,4,1,3,1,1,2,3,4,4,2,NA,1
"10111",20,2,2,4,2,4,2,4,1,1,3,4,4,5,1,3,3
"10111",21,3,2,3,2,4,1,4,1,1,2,4,4,5,2,NA,1
"10111",24,3,2,3,2,3,4,3,1,1,3,3,3,4,2,2,2
"10111",25,4,3,3,2,3,2,4,1,1,3,3,4,5,2,NA,1
"10111",28,4,4,4,2,4,2,4,1,1,4,3,5,5,1,4,1
"10111",29,5,2,4,3,4,1,4,1,1,3,3,5,5,1,NA,2
"10111",32,5,3,3,4,3,2,4,1,1,3,3,4,5,1,3,2
"10111",36,6,2,3,3,3,2,4,1,1,3,3,4,4,2,4,2
"10111",37,7,2,4,2,4,3,4,1,1,4,4,4,5,3,NA,2
"10111",40,7,3,4,3,3,2,4,1,1,3,4,4,5,2,4,2
"10111",41,1,3,4,2,4,2,3,1,1,4,4,5,5,2,NA,2
"10111",44,1,2,3,2,3,4,2,2,1,3,3,4,4,3,2,4
"10111",45,2,2,3,2,4,2,5,1,1,3,4,5,5,2,NA,1
"10111",48,2,2,4,4,4,2,4,1,1,3,3,4,5,2,3,2
"10111",49,3,2,4,3,4,2,3,1,1,4,4,4,5,2,NA,2
"10111",52,3,2,4,2,4,3,4,1,1,3,4,4,5,2,3,2
"10111",53,4,3,4,2,4,2,4,1,1,3,4,5,5,1,NA,2
"10111",56,4,4,2,3,4,3,4,1,1,4,4,5,5,1,4,2
"10111",57,5,2,4,3,3,4,3,1,1,4,3,4,4,3,NA,3
"10112",1,5,2,5,2,NA,1,4,3,1,4,3,2,4,3,4,2
"10112",5,6,1,5,2,5,4,4,3,NA,NA,4,3,3,2,NA,2
"10112",8,6,5,2,2,5,1,5,3,3,5,3,3,4,4,4,2
"10112",13,1,1,4,3,5,2,4,3,1,5,5,2,4,3,NA,2
"10112",16,1,1,4,2,5,1,3,4,NA,NA,5,3,3,4,3,3
"10112",17,2,4,3,2,5,3,4,3,2,5,4,3,4,2,NA,2
"10112",21,3,1,4,3,4,1,3,4,NA,NA,2,2,3,3,NA,2
"10112",24,3,2,3,4,3,3,4,4,3,3,3,1,2,4,2,3
"10118",2,1,2,4,3,4,4,2,3,2,5,3,3,3,3,2,2
"10118",4,1,2,4,3,4,4,2,3,NA,NA,4,3,2,3,2,2
"10118",5,2,3,2,2,4,3,2,2,1,3,3,3,2,2,NA,2
"10118",12,3,2,4,3,4,2,3,2,NA,NA,4,3,3,3,2,2
"10121",2,2,5,2,1,4,2,2,1,3,3,4,4,5,1,5,2
"10121",5,3,1,5,4,3,1,5,1,NA,NA,4,5,5,1,NA,2
"10121",9,4,2,4,3,3,3,2,3,2,3,4,3,3,2,NA,3
"10121",17,6,3,4,2,4,1,4,1,1,3,4,4,4,2,NA,1
"10121",21,7,4,2,1,5,2,3,1,1,3,4,4,4,1,NA,1
"10121",29,2,3,4,3,3,1,3,1,1,3,4,4,4,2,NA,2
"10121",45,6,3,2,2,5,1,3,1,1,4,4,4,4,1,NA,1
"10121",53,1,2,5,2,3,2,3,1,1,3,3,4,4,2,NA,2
"10121",57,2,2,5,1,3,3,2,1,1,3,4,3,3,1,NA,3
"10123",4,3,4,1,5,4,2,5,1,1,4,5,5,5,1,4,1
"10123",8,5,5,1,5,4,1,5,1,2,4,5,5,5,1,5,1
"10123",20,7,2,3,4,2,3,2,3,3,3,2,3,3,4,3,3
"10123",21,1,1,4,4,3,3,3,1,1,3,5,3,4,2,NA,1
"10123",29,3,1,4,2,2,4,3,4,NA,NA,4,1,2,5,NA,4
"10123",45,7,4,3,3,4,3,3,1,1,5,5,3,3,1,NA,NA
"10124",2,4,2,4,1,4,2,3,2,2,4,4,3,3,2,3,2
"10124",9,5,1,5,2,3,1,3,1,1,3,3,3,3,1,NA,3
"10124",12,5,5,2,2,5,1,4,1,1,5,5,4,4,1,5,1
"10124",17,7,4,2,2,5,2,3,2,1,3,4,4,4,2,NA,1
"10124",20,7,1,3,4,1,3,3,3,NA,NA,3,3,2,3,3,3
"10124",28,2,3,2,2,3,1,4,1,1,3,5,4,3,1,4,1
"10124",29,3,1,4,2,4,1,3,1,1,3,3,3,3,1,NA,3
"10124",52,1,1,5,1,4,3,3,2,NA,NA,4,3,3,1,3,2
"10124",57,3,2,4,3,3,2,3,1,NA,NA,3,3,3,2,NA,2
"10125",1,1,3,1,1,5,2,4,1,3,4,2,4,4,1,3,1
"10125",4,1,2,5,4,2,2,3,1,NA,NA,4,4,3,1,3,2
"10125",17,5,4,1,1,4,2,3,1,1,3,3,4,4,1,NA,1
"10125",21,6,4,2,2,3,3,3,1,1,4,5,4,4,1,NA,2
"10125",25,7,1,5,1,4,3,2,1,1,1,3,4,3,1,NA,2
"10126",2,4,3,3,3,3,3,3,2,3,4,4,4,3,2,2,4
"10126",49,2,3,3,3,3,5,1,1,1,4,3,3,2,3,NA,3
"10126",53,3,2,4,3,5,5,1,4,2,3,1,2,2,1,NA,4
"10126",57,4,3,3,1,3,2,4,2,1,3,1,4,3,3,NA,2
"10128",2,2,2,5,4,3,3,3,1,1,5,3,4,3,2,2,2
"10128",16,5,4,2,1,3,3,3,2,2,3,4,3,5,1,5,2
"10128",17,6,1,5,3,4,2,4,1,NA,NA,5,4,3,1,NA,2
"10128",21,7,3,3,3,4,3,4,2,2,4,3,3,3,2,NA,2
"10128",25,1,1,5,3,4,2,4,2,2,4,3,3,3,2,NA,2
"10128",29,2,4,2,3,4,3,3,3,2,3,4,3,3,2,NA,3
"10128",33,3,2,5,3,3,2,4,2,2,3,3,3,3,1,NA,2
"10129",1,1,1,5,4,4,1,5,2,1,5,4,4,4,1,3,3
"10129",8,2,5,1,1,4,1,2,1,1,4,4,4,3,1,4,2
"10129",12,3,2,4,3,5,2,3,2,1,4,3,3,3,4,2,3
"10129",16,4,5,2,1,5,2,4,1,1,4,4,4,5,1,5,2
"10129",25,7,1,5,5,2,3,5,3,NA,NA,4,2,2,3,NA,3
"10129",33,2,1,5,5,1,4,4,4,NA,NA,4,2,3,3,NA,3
"10129",40,3,4,2,4,4,5,2,3,2,4,5,3,4,1,4,3
"10129",45,5,1,1,1,4,3,4,1,NA,NA,5,5,4,1,NA,2
"10129",52,6,1,5,5,3,4,3,4,1,3,3,2,3,4,3,4
"10132",2,4,3,4,2,5,3,1,1,4,5,3,3,2,1,2,4
"10132",4,4,2,4,4,3,1,5,1,NA,NA,5,3,5,1,5,1
"10132",8,5,4,3,5,3,2,5,1,1,2,3,3,4,1,4,3
"10132",12,6,3,3,1,4,3,4,1,1,4,4,3,5,1,5,1
"10132",13,7,1,5,1,3,1,3,1,1,1,5,3,2,1,NA,1
"10132",16,7,1,3,3,3,2,5,1,1,2,5,3,3,1,3,1
"10132",20,1,3,2,1,4,4,5,2,1,4,5,3,3,1,3,3
"10132",21,2,1,5,2,3,3,3,1,1,3,4,3,1,1,NA,2
"10132",24,2,3,2,1,3,5,5,4,3,5,5,4,1,1,3,5
"10132",25,3,3,3,2,3,5,3,1,1,4,2,3,2,1,NA,3
"10132",28,3,1,3,3,3,3,5,1,NA,NA,5,3,1,1,1,3
"10132",29,4,1,5,2,3,5,3,4,1,2,3,3,1,4,NA,5
"10132",33,5,4,1,1,4,2,4,1,1,4,4,4,4,1,NA,2
"10132",49,2,2,4,3,3,4,4,1,1,3,5,3,1,1,NA,2
"10132",53,3,4,3,1,3,3,5,1,1,4,5,4,3,1,NA,1
"10136",2,2,3,3,1,3,3,1,2,3,2,4,2,2,2,2,3
"10136",4,2,1,5,3,3,3,3,3,NA,NA,4,2,2,3,3,3
"10136",5,3,2,4,3,3,2,2,2,1,3,3,2,2,1,NA,3
"10136",9,4,3,3,2,3,2,2,3,1,4,4,2,2,2,NA,2
"10136",17,6,1,4,3,4,2,3,3,2,4,3,3,2,1,NA,2
"10136",20,6,2,5,3,4,2,2,2,NA,NA,4,2,3,2,3,2
"10136",21,7,2,5,3,4,2,4,2,NA,NA,4,3,3,1,NA,2
"10136",24,7,2,5,3,4,2,4,2,NA,NA,4,3,3,3,3,2
"10136",25,1,2,4,3,3,2,2,3,2,4,4,2,2,3,NA,2
"10136",28,1,2,4,2,4,3,2,2,NA,NA,4,2,2,3,2,2
"10136",29,2,2,5,2,4,2,3,3,2,4,4,2,2,2,NA,5
"10136",36,3,3,3,3,4,2,3,2,2,4,4,3,3,2,3,2
"10136",41,5,2,4,3,4,2,3,2,1,4,4,2,2,2,NA,2
"10136",45,6,2,4,4,4,2,3,3,1,5,3,2,2,3,NA,2
"10136",48,6,3,5,3,4,2,3,2,1,4,4,3,3,1,3,3
"10136",49,7,3,3,3,4,1,4,2,1,5,4,3,3,1,NA,2
"10136",53,1,3,4,3,4,2,3,3,1,4,3,2,2,3,NA,3
"10139",0,5,3,2,2,5,1,4,1,5,3,4,5,5,1,5,2
"10139",1,5,3,4,3,3,3,3,2,1,3,3,4,4,1,NA,2
"10139",4,5,3,4,3,3,3,5,1,NA,NA,3,5,4,1,3,2
"10139",12,7,3,3,3,3,4,3,1,NA,NA,5,5,3,1,4,3
"10143",1,7,3,3,5,3,3,4,2,2,4,4,3,4,2,NA,2
"10143",4,7,4,3,3,4,2,3,1,3,3,3,2,3,2,3,3
"10143",5,1,2,4,3,2,2,4,2,3,2,3,2,2,2,NA,3
"10143",9,2,2,5,5,3,4,2,4,NA,NA,4,1,2,3,NA,5
"10143",13,3,2,5,2,2,3,3,3,2,3,3,3,3,3,NA,3
"10143",17,4,4,2,4,1,3,4,2,2,4,4,3,5,1,NA,3
"10143",21,5,2,4,4,1,3,5,3,2,4,4,2,3,2,NA,3
"10143",25,6,4,2,2,4,1,4,1,2,4,4,2,5,1,NA,1
"10143",29,7,4,3,4,3,3,4,2,2,4,4,1,3,2,NA,2
"10143",33,1,2,5,4,3,3,4,3,3,3,2,1,2,3,NA,4
"10143",41,3,2,3,2,2,4,2,4,4,2,3,1,2,2,NA,5
"10144",1,4,3,2,3,4,2,3,2,2,2,3,3,3,1,NA,2
"10144",21,2,3,3,3,3,3,4,1,2,3,4,3,3,2,NA,2
"10145",2,3,4,4,3,4,1,4,1,4,3,4,4,4,1,4,1
"10145",5,4,3,3,2,4,2,3,1,1,4,4,3,3,2,NA,1
"10145",9,5,3,3,2,4,1,3,1,1,3,4,4,3,1,NA,1
"10147",1,1,3,2,3,3,3,3,2,3,3,2,3,3,2,3,2
"10149",4,5,5,1,1,2,2,2,2,2,3,4,5,5,1,4,2
"10149",8,6,1,4,3,3,4,3,2,1,1,5,3,3,2,3,2
"10149",9,7,2,5,4,3,3,4,2,NA,NA,4,3,2,1,NA,3
"10149",12,7,2,3,3,3,3,3,2,2,2,3,3,3,1,3,3
"10149",17,2,3,4,2,NA,2,3,2,2,2,3,2,2,NA,NA,3
"10149",29,5,2,3,2,3,2,3,1,1,3,3,3,4,1,NA,2
"10149",41,1,2,4,2,3,2,3,1,2,4,4,3,3,1,NA,2
"10149",49,3,3,2,1,4,2,2,1,2,4,3,5,4,1,NA,2
"10150",1,3,2,5,3,4,3,2,3,2,3,4,4,3,3,2,3
"10150",21,3,1,5,3,4,3,3,3,NA,NA,4,4,4,2,NA,3
"10150",25,4,3,4,1,5,3,5,2,NA,NA,4,4,5,3,NA,1
"10150",29,5,3,3,1,5,1,2,2,1,5,5,4,4,3,NA,3
"10150",41,1,3,5,3,5,1,3,2,1,5,5,5,5,3,NA,NA
"10150",44,1,3,5,4,3,3,3,4,1,3,3,2,3,4,3,3
"10155",2,2,4,2,3,4,1,4,2,4,3,NA,4,4,1,3,3
"10155",9,4,2,4,4,4,2,3,2,2,3,3,3,3,2,NA,3
"10157",1,3,3,4,4,5,1,5,1,1,5,5,4,4,1,NA,1
"10157",5,4,5,1,1,5,1,5,1,1,5,5,5,5,1,NA,1
"10157",17,7,5,1,3,5,1,5,1,1,5,5,5,5,1,NA,1
"10157",25,2,3,3,3,5,3,1,1,2,5,5,5,4,1,NA,2
"10157",29,3,2,5,2,4,5,2,1,1,5,5,5,4,1,NA,3
"10157",49,1,3,2,2,5,3,5,1,2,5,5,5,5,1,NA,1
"10157",53,2,2,4,1,5,1,5,1,NA,NA,5,5,4,1,NA,2
"10161",2,3,3,3,4,2,4,4,1,2,4,3,3,3,4,3,3
"10161",21,1,4,3,3,3,2,3,2,2,4,3,3,4,4,NA,3
"10164",1,4,2,4,4,3,3,3,4,2,3,2,2,2,2,2,2
"10164",9,6,3,3,2,4,1,3,1,1,4,5,4,5,1,NA,1
"10172",2,4,1,4,3,2,1,4,2,2,3,4,3,3,1,3,3
"10172",5,5,3,2,3,3,2,4,2,2,3,5,4,4,1,NA,2
"10172",9,6,3,3,2,4,1,4,1,1,4,5,4,4,1,NA,1
"10172",17,1,2,3,2,4,3,2,3,3,3,3,3,2,1,NA,4
"10172",21,2,3,4,3,3,2,3,2,2,4,3,4,3,1,NA,3
"10172",25,3,2,4,2,4,1,4,1,2,4,4,4,3,1,NA,3
"10172",33,5,3,3,4,4,2,5,1,1,4,5,4,5,1,NA,2
"10172",37,6,4,3,3,4,1,4,1,1,4,4,4,4,1,NA,2
"10172",41,7,1,4,5,2,2,4,2,NA,NA,5,3,4,2,NA,3
"10172",45,1,2,5,3,3,2,3,1,2,4,3,4,3,1,NA,2
"10172",49,2,2,5,2,4,3,2,2,2,3,5,3,3,1,NA,3
"10172",53,3,3,4,4,3,2,4,1,2,3,4,4,4,1,NA,3
"10172",57,4,3,4,3,3,3,2,2,3,3,3,4,3,1,NA,4
"10174",1,4,3,3,2,3,4,2,4,3,5,2,1,3,3,2,3
"10175",2,3,1,5,3,3,1,5,3,2,5,1,3,2,1,1,1
"10175",49,1,1,5,1,4,3,1,3,NA,NA,4,2,1,2,NA,2
"10186",2,1,4,3,1,5,3,3,1,4,1,5,3,4,1,5,2
"10186",5,2,3,4,3,3,3,3,1,1,2,3,2,3,1,NA,3
"10186",13,4,3,2,2,4,1,3,1,1,3,4,3,4,1,NA,1
"10186",25,7,5,1,3,3,3,4,1,2,3,5,3,4,1,NA,1
"10186",33,2,2,4,2,3,2,3,2,2,2,3,3,4,1,NA,2
"10198",0,5,2,4,3,3,5,2,4,2,5,4,2,2,3,2,4
"10198",1,5,3,3,2,3,3,3,2,1,4,5,4,4,2,NA,2
"10198",21,3,1,5,2,3,4,2,1,1,1,4,3,3,1,NA,2
"10198",25,4,1,5,3,3,4,2,2,1,1,3,3,1,1,NA,4
"10198",29,5,1,5,1,5,3,2,2,1,2,4,4,3,2,NA,1
"10198",53,4,1,2,2,3,3,2,1,1,1,4,4,4,1,NA,2
"10200",0,3,4,2,3,5,1,5,1,5,3,5,4,4,1,5,1
"10200",1,3,5,2,2,5,1,5,1,1,4,5,4,5,1,NA,1
"10200",9,5,3,5,2,5,1,5,1,NA,NA,5,5,5,1,NA,1
"10204",1,5,1,5,5,1,1,3,1,1,5,5,3,5,1,3,1
"10206",1,4,3,3,2,5,2,3,1,3,4,4,5,4,1,4,2
"10206",17,5,2,5,2,4,4,2,2,NA,NA,4,3,3,3,NA,4
"10206",25,7,3,4,1,5,1,5,1,1,5,5,4,4,3,NA,2
"10206",29,1,3,3,1,5,2,3,2,1,5,4,5,4,1,NA,1
"10206",41,4,4,2,1,5,2,4,1,1,4,4,4,5,1,NA,2
"10206",45,5,4,2,2,3,2,4,1,1,4,4,4,5,1,NA,2
"10208",1,4,1,4,1,4,3,3,1,3,5,4,4,4,1,4,2
"10208",9,5,3,3,3,3,1,5,1,2,3,3,5,5,1,NA,1
"10208",21,1,2,4,1,4,3,3,1,3,3,3,4,4,1,NA,3
"10208",29,3,1,5,1,4,1,5,1,3,3,3,5,5,1,NA,2
"10208",33,4,2,5,1,5,1,3,1,3,3,3,5,3,1,NA,2
"10208",37,5,5,2,1,3,2,5,1,2,4,4,5,5,1,NA,2
"10208",41,6,3,5,4,3,2,4,1,NA,NA,3,5,4,1,NA,1
"10208",45,7,4,4,1,4,1,5,1,2,2,3,4,4,2,NA,3
"10208",49,1,2,4,1,3,2,4,1,2,3,3,5,3,1,NA,2
"10208",57,3,2,4,2,4,1,3,1,2,3,3,5,4,1,NA,1
"10210",1,1,4,2,3,4,2,4,1,3,3,5,4,4,1,4,1
"10217",2,1,3,3,2,4,3,3,4,1,3,3,2,2,1,1,4
"10217",41,4,2,3,4,3,2,3,2,1,3,3,3,3,1,NA,2
"10227",1,1,1,2,2,3,2,3,1,2,1,2,3,3,2,3,1
"10227",21,2,2,3,2,3,3,3,2,1,3,2,3,2,1,NA,2
"10227",37,6,1,4,2,4,3,3,1,NA,NA,3,4,4,2,NA,3
"10227",45,1,1,3,2,3,2,3,3,NA,NA,2,3,2,3,NA,3
"10227",53,3,1,4,3,3,3,3,3,NA,NA,3,2,3,3,NA,3
"10228",2,5,3,2,2,4,4,3,1,3,1,4,4,4,1,3,1
"10228",5,6,3,3,4,4,2,3,1,1,3,3,3,3,1,NA,1
"10228",9,7,3,2,3,4,1,3,1,1,4,3,3,3,1,NA,2
"10228",13,1,3,3,3,4,3,4,2,1,3,3,3,2,1,NA,3
"10228",17,2,4,1,3,4,1,4,1,1,4,4,4,4,1,NA,1
"10228",21,3,1,3,3,3,3,2,3,1,2,3,3,2,1,NA,3
"10228",25,4,2,4,3,3,2,3,2,1,3,3,3,2,2,NA,1
"10233",2,1,4,4,2,4,3,2,3,3,2,5,2,2,2,2,4
"10234",2,1,2,2,3,4,3,2,1,2,2,3,3,2,2,3,2
"10234",4,1,3,2,4,3,3,3,2,2,3,3,3,2,2,3,2
"10234",5,2,2,5,5,4,2,3,2,1,3,3,3,2,2,NA,3
"10234",6,2,1,5,2,2,2,2,2,3,2,3,2,1,2,2,2
"10234",7,2,3,3,4,2,4,3,3,3,3,3,2,2,2,2,3
"10234",8,2,4,5,1,5,1,3,2,2,3,5,3,5,1,5,2
"10234",14,4,2,4,3,3,2,1,3,2,2,3,2,3,3,2,2
"10234",21,6,2,3,1,3,3,2,2,2,3,3,3,2,4,NA,2
"10234",29,1,1,5,5,1,1,2,1,NA,NA,5,3,3,1,NA,1
"10236",1,5,3,3,2,5,1,5,1,4,4,3,5,4,1,3,1
"10236",5,6,2,4,1,5,2,4,1,1,3,5,4,3,1,NA,2
"10236",13,1,1,4,2,5,2,5,1,1,3,3,4,4,1,NA,2
"10236",21,3,1,5,2,3,5,1,3,NA,NA,2,2,1,2,NA,5
"10236",25,4,1,5,3,3,1,5,2,NA,NA,4,3,3,1,NA,2
"10236",29,5,1,5,1,3,1,4,1,1,1,5,4,4,1,NA,1
"10236",33,6,1,5,1,3,1,5,1,NA,NA,4,4,4,1,NA,1
"10236",37,7,1,5,1,4,1,5,1,NA,NA,5,5,5,1,NA,1
"10236",49,3,1,5,1,4,1,4,2,NA,NA,3,4,3,3,NA,3
"10236",53,4,2,4,1,5,2,2,1,2,3,1,3,2,2,NA,3
"10240",2,5,3,3,2,5,2,3,1,3,3,5,4,4,1,4,1
"10240",5,6,2,3,5,3,2,4,1,1,2,4,3,4,1,NA,1
"10240",13,1,1,5,2,3,2,3,1,NA,NA,3,4,3,2,NA,2
"10240",29,5,2,1,4,5,1,3,1,1,5,3,4,3,1,NA,2
"10240",37,7,3,1,2,3,4,2,2,1,4,3,2,2,2,NA,3
"10240",49,3,2,2,2,4,2,4,2,1,4,3,4,3,1,NA,2
"10240",53,4,3,3,4,3,3,3,1,1,4,5,5,4,1,NA,1
"10244",1,5,2,3,3,3,2,4,2,2,3,2,3,3,2,3,2
"10258",1,4,5,2,4,3,1,5,1,5,1,5,5,5,1,5,1
"10258",33,5,2,5,2,5,1,5,1,1,5,5,5,5,1,NA,1
"10268",1,4,3,4,4,3,3,3,2,2,5,3,4,3,2,3,3
"10268",5,5,5,2,1,5,1,3,1,1,5,5,5,5,1,NA,2
"10268",13,7,2,3,1,4,2,3,2,1,2,3,2,2,3,NA,3
"10268",17,1,2,5,1,5,1,4,1,1,1,5,3,4,1,NA,1
"10268",20,1,1,3,2,1,1,3,1,NA,NA,4,4,4,1,5,1
"10268",25,3,2,3,1,5,2,3,1,1,1,3,3,3,1,NA,1
"10268",32,4,5,1,2,5,1,5,1,1,1,5,4,5,1,5,1
"10268",33,5,2,2,5,2,1,4,1,1,1,5,3,4,1,NA,1
"10268",41,7,2,3,5,4,1,4,1,1,1,5,4,4,1,NA,1
"10268",45,1,2,3,1,5,1,5,1,1,2,5,4,3,1,NA,1
"10268",49,2,1,5,2,3,1,3,1,NA,NA,2,3,3,1,NA,1
"10268",52,2,4,2,4,3,1,4,1,1,1,5,3,4,1,4,1
"10268",53,3,4,2,1,4,1,4,1,1,3,5,3,4,1,NA,1
"10268",56,3,1,5,3,4,3,3,3,NA,NA,3,2,1,2,1,3
"10268",60,4,4,2,2,3,1,2,1,1,3,4,3,3,2,3,1
"10270",2,3,4,2,2,4,2,3,1,4,2,5,4,4,1,4,2
"10270",5,4,3,4,5,3,1,3,2,1,3,5,3,3,3,NA,1
"10270",9,5,3,5,1,5,1,4,1,1,4,4,5,5,1,NA,1
"10270",21,1,4,3,2,4,3,2,1,1,4,5,4,4,2,NA,1
"10270",24,1,2,5,1,5,3,2,1,1,3,5,4,3,1,3,3
"10270",29,3,2,5,3,4,1,4,1,1,4,4,4,3,2,NA,2
"10270",32,3,4,2,5,4,2,4,1,1,5,5,5,5,1,5,3
"10270",33,4,5,2,3,4,1,5,1,1,4,5,5,4,1,NA,1
"10270",36,4,5,3,5,5,1,5,1,1,4,5,5,5,1,5,1
"10270",37,5,1,5,3,2,1,4,1,1,2,3,3,3,2,NA,2
"10270",40,5,3,4,5,4,1,5,1,1,3,4,3,4,3,3,1
"10270",41,6,2,3,4,2,3,4,4,1,3,3,2,2,4,NA,1
"10270",44,6,3,3,4,4,1,4,2,1,4,5,4,4,2,4,2
"10270",48,7,3,3,5,3,1,5,1,1,3,3,3,3,2,3,1
"10270",49,1,2,4,2,4,2,4,1,1,3,4,3,4,2,NA,1
"10270",52,1,3,4,1,4,2,2,2,1,5,4,4,3,1,3,3
"10270",53,2,4,3,3,4,2,5,1,1,4,5,3,3,1,NA,1
"10270",56,2,2,5,2,4,2,3,1,1,3,4,3,3,1,3,2
"10270",57,3,2,4,3,4,3,2,1,1,3,5,3,2,1,NA,3
"10274",1,2,1,5,1,5,3,3,1,4,4,4,4,4,1,NA,4
"10274",17,6,2,5,1,5,2,5,1,1,4,4,4,3,2,NA,2
"10274",21,7,4,2,3,3,3,3,1,2,4,4,4,4,1,NA,2
"10274",25,1,1,5,1,4,3,3,1,NA,NA,4,4,4,2,NA,2
"10274",29,2,3,3,1,5,3,4,1,1,5,5,4,4,1,NA,2
"10274",33,3,2,4,1,5,2,4,1,NA,NA,4,4,3,1,NA,1
"10274",37,4,1,5,3,3,3,4,1,NA,NA,4,4,3,1,NA,1
"10274",41,5,3,3,1,5,2,4,1,2,4,5,5,4,1,NA,1
"10274",45,6,5,3,1,5,2,4,1,1,4,4,4,4,1,NA,2
"10274",49,7,5,2,2,4,1,4,1,1,4,5,4,4,1,NA,1
"10274",53,1,1,5,1,5,3,3,1,NA,NA,5,4,3,1,NA,2
"10274",57,2,3,3,1,5,2,4,1,1,4,4,4,4,1,NA,1
"10281",2,5,1,5,4,3,1,4,2,1,3,4,3,3,1,3,2
"10281",25,4,2,5,1,3,1,2,1,1,2,3,2,2,1,NA,1
"10281",37,7,4,2,3,2,2,2,2,NA,2,3,2,2,1,NA,2
"10287",1,2,4,1,1,4,2,2,1,1,5,2,2,3,4,2,2
"10287",5,3,1,5,3,5,4,1,5,1,3,3,1,2,4,NA,5
"10287",9,4,2,5,2,4,3,2,1,1,2,1,3,3,5,NA,1
"10287",13,5,2,3,1,5,3,2,3,1,3,1,2,3,5,NA,3
"10287",21,7,1,2,3,4,3,3,3,1,4,5,3,4,1,NA,2
"10287",25,1,1,5,1,4,5,1,3,1,4,4,3,2,3,NA,4
"10287",28,1,2,2,2,4,2,2,1,1,5,5,4,4,1,4,2
"10287",37,4,1,5,3,3,5,1,2,1,3,1,3,2,4,NA,4
"10287",53,1,2,3,1,5,5,2,2,1,4,4,2,2,2,NA,4
"10288",1,4,2,4,3,4,3,3,1,2,4,3,4,3,2,3,3
"10288",9,6,1,5,3,4,2,5,2,NA,NA,2,3,3,4,NA,1
"10288",13,7,3,3,2,4,1,5,1,1,5,4,4,3,1,NA,2
"10288",17,1,2,4,2,3,3,3,3,2,4,3,3,3,3,NA,3
"10288",21,2,1,5,1,3,3,1,3,2,3,3,2,2,4,NA,3
"10288",25,3,5,2,4,4,1,5,1,1,5,5,5,5,1,NA,1
"10288",29,4,2,4,2,4,3,4,3,3,3,4,3,3,3,NA,2
"10288",33,5,4,2,1,4,1,4,1,2,4,5,4,4,1,NA,2
"10288",37,6,3,3,1,3,1,5,1,1,5,4,5,5,1,NA,1
"10288",41,7,3,3,4,3,1,4,2,1,5,3,4,3,1,NA,1
"10288",45,1,1,5,3,4,2,3,2,1,5,3,3,3,3,NA,2
"10288",49,2,1,5,2,3,3,3,3,3,3,3,2,1,3,NA,4
"10288",53,3,3,3,1,4,1,4,1,1,5,4,4,4,2,NA,2
"10288",57,4,4,3,3,3,2,4,1,1,5,3,4,3,1,NA,1
"10289",1,5,3,3,1,5,3,2,1,4,3,4,4,5,1,4,2
"10289",5,6,3,2,2,5,2,2,1,1,3,4,3,4,1,NA,2
"10289",9,7,2,4,1,5,2,4,2,1,3,3,4,3,3,NA,2
"10289",13,1,4,2,1,5,2,4,1,1,3,4,5,5,1,NA,1
"10289",17,2,2,4,1,4,3,4,2,2,3,4,4,3,3,NA,3
"10289",21,3,3,2,2,5,3,3,2,2,3,3,4,3,3,NA,3
"10289",25,4,3,4,2,4,3,3,2,3,2,4,4,4,1,NA,3
"10289",29,5,2,4,1,5,3,2,3,3,2,2,3,2,3,NA,4
"10289",33,6,2,1,2,4,2,4,1,1,4,3,4,4,1,NA,2
"10289",37,7,2,5,1,5,1,4,1,1,3,4,4,4,1,NA,1
"10289",41,1,3,2,1,5,1,4,1,1,3,4,5,4,1,NA,1
"10289",45,2,3,5,2,5,4,2,1,1,3,4,4,3,1,NA,3
"10289",49,3,1,5,2,5,4,2,5,3,2,3,3,2,4,NA,5
"10289",53,4,3,5,1,5,3,2,2,1,4,4,4,3,2,NA,2
"10289",57,5,4,2,2,5,3,4,1,1,4,4,4,4,1,NA,1
"10292",1,5,3,4,3,3,2,3,3,2,4,3,2,3,1,3,3
"10292",13,1,3,4,1,4,2,3,1,2,2,3,4,3,1,NA,2
"10292",22,3,5,2,2,4,2,4,1,1,4,5,5,5,1,5,1
"10292",38,7,2,3,3,3,2,4,2,NA,NA,4,4,5,1,4,2
"10292",43,1,3,3,3,5,2,3,1,2,3,4,3,4,1,4,2
"10292",45,2,3,3,5,4,2,5,1,1,4,4,4,5,1,NA,1
"10293",0,5,4,2,2,5,1,4,1,2,1,5,4,4,1,3,1
"10293",1,5,1,5,1,5,1,5,1,NA,NA,5,4,4,1,NA,1
"10293",5,6,5,1,3,5,1,5,1,1,4,5,5,5,1,NA,1
"10293",9,7,4,2,1,5,1,3,1,1,3,5,5,5,1,NA,1
"10293",13,1,5,1,1,5,1,5,1,1,4,5,5,4,1,NA,1
"10293",16,1,5,2,1,5,1,4,1,1,4,5,5,4,1,4,1
"10293",17,2,1,5,1,5,2,3,1,1,3,5,4,4,1,NA,2
"10293",21,3,3,3,1,5,1,5,1,1,3,5,4,4,1,NA,1
"10293",24,3,4,2,1,5,1,5,1,1,4,5,4,4,1,4,1
"10293",28,4,2,3,1,5,1,5,1,NA,NA,5,5,5,1,5,1
"10293",29,5,1,3,1,5,1,5,1,1,4,5,4,3,1,NA,1
"10293",32,5,5,1,1,4,1,5,1,1,4,5,4,5,1,5,1
"10293",36,6,5,2,1,5,1,5,1,1,4,5,5,5,1,5,1
"10293",37,7,5,1,1,5,1,5,1,1,3,5,4,5,1,NA,1
"10293",40,7,1,3,1,5,1,5,1,NA,NA,5,4,4,1,4,1
"10293",44,1,4,3,1,5,3,4,1,1,4,5,4,4,1,4,2
"10308",1,5,4,1,1,5,5,3,2,3,2,4,3,3,3,3,3
"10308",5,6,5,1,1,4,3,4,1,1,5,5,4,4,1,NA,2
"10308",9,7,5,3,1,5,5,4,1,2,4,5,4,3,1,NA,3
"10308",13,1,3,4,1,4,4,3,2,1,4,4,3,4,1,NA,1
"10308",17,2,5,3,1,5,4,4,1,1,5,5,5,5,1,NA,2
"10308",21,3,3,3,1,3,5,3,1,1,4,4,3,3,1,NA,1
"10308",25,4,5,3,1,4,4,4,1,1,5,4,5,5,1,NA,1
"10308",29,5,3,4,1,5,3,4,1,NA,NA,4,4,4,1,NA,1
"10308",33,6,3,3,1,4,5,3,3,1,4,2,2,3,2,NA,3
"10308",37,7,4,4,1,3,5,3,1,1,5,3,3,3,1,NA,2
"10308",41,1,5,2,1,5,3,4,1,2,5,5,4,5,1,NA,3
"10308",49,3,3,4,1,5,2,4,1,1,5,5,5,4,1,NA,1
"10308",53,4,1,5,1,4,4,1,4,1,4,1,2,3,1,NA,2
"10308",57,5,5,1,1,5,1,4,1,1,5,5,5,5,1,NA,1
"10309",1,1,3,5,2,5,2,4,1,2,4,3,4,3,2,2,1
"10310",1,3,1,5,3,2,4,2,1,3,1,5,4,4,2,3,2
"10310",25,2,4,4,3,2,3,3,1,3,2,4,3,3,3,NA,1
"10310",33,4,4,4,3,3,2,5,1,2,2,3,3,3,1,NA,1
"10310",37,5,4,2,2,4,2,5,1,2,2,5,4,4,2,NA,1
"10310",41,6,2,5,2,3,4,5,3,3,2,2,3,3,2,NA,3
"10310",57,3,3,3,3,2,4,4,2,2,2,3,3,3,2,NA,2
"10311",2,1,2,3,2,4,2,3,2,3,2,4,3,4,1,3,2
"10311",5,2,3,4,2,4,3,3,1,2,4,4,4,2,1,NA,3
"10311",9,3,3,3,2,3,2,3,2,1,4,3,2,4,2,NA,2
"10311",13,4,2,3,2,4,3,4,2,2,4,4,3,3,2,NA,2
"10311",17,5,3,2,2,3,2,3,2,2,4,4,3,3,3,NA,2
"10311",21,6,3,2,1,2,1,4,2,1,3,4,3,4,1,NA,2
"10311",29,1,3,3,2,3,2,4,3,1,4,3,3,3,2,NA,2
"10311",33,2,3,2,3,4,2,3,3,1,4,3,3,4,3,NA,2
"10311",41,4,2,3,2,3,2,3,2,NA,NA,2,3,4,2,NA,2
"10311",45,5,3,2,2,2,3,3,3,2,4,2,2,2,3,NA,3
"10318",2,5,2,4,2,5,3,3,1,3,3,4,4,4,1,3,2
"10318",21,3,1,5,3,3,3,3,2,1,3,3,3,3,2,NA,2
"10318",49,3,1,5,2,4,2,3,1,1,3,3,3,3,2,NA,2
"10319",0,2,5,1,2,5,4,2,1,4,1,5,4,5,1,4,2
"10319",1,2,5,2,2,4,2,4,1,2,3,4,2,3,1,NA,2
"10319",3,2,3,3,4,3,4,3,1,1,3,5,4,4,1,4,2
"10319",4,2,3,2,4,3,2,3,2,2,3,5,3,4,1,3,2
"10319",37,4,3,3,3,5,1,2,2,1,4,4,3,3,1,NA,2
"10322",1,2,3,3,1,3,3,4,1,1,3,3,3,3,1,NA,1
"10322",13,5,1,5,3,3,5,2,3,1,3,3,2,2,3,NA,3
"10322",17,6,2,5,4,3,3,3,1,1,3,3,3,3,1,NA,3
"10322",33,3,2,4,3,3,1,4,1,NA,NA,3,3,3,1,NA,1
"10324",1,5,2,3,3,4,1,5,1,3,4,5,4,3,3,3,2
"10324",37,7,1,4,5,5,1,5,1,1,2,5,4,4,1,NA,1
"10326",1,3,1,4,2,4,5,2,4,3,5,4,4,2,2,3,4
"10326",9,5,1,5,2,3,4,2,3,2,4,4,4,2,4,NA,4
"10326",13,6,1,5,2,4,3,3,2,NA,NA,3,4,3,3,NA,2
"10336",1,1,1,4,3,3,1,2,1,3,1,5,3,3,1,2,1
"10336",5,2,2,4,4,1,3,2,4,2,4,3,2,2,3,NA,3
"10336",9,3,4,3,5,3,3,5,1,1,5,5,5,5,1,NA,1
"10336",13,4,1,3,3,3,1,3,1,NA,NA,5,5,4,1,NA,1
"10336",17,5,4,2,1,5,3,3,1,1,3,5,5,4,1,NA,3
"10336",29,1,3,3,3,3,1,3,1,2,3,5,5,3,3,NA,2
"10337",2,5,1,5,4,3,4,2,1,1,3,1,3,3,3,3,4
"10337",5,6,3,3,3,3,3,3,3,1,3,3,3,3,3,NA,3
"10337",9,7,1,5,2,4,3,3,2,1,2,3,4,3,4,NA,2
"10337",17,2,4,2,1,4,3,3,1,NA,NA,3,4,4,1,NA,1
"10337",45,2,3,3,2,3,1,5,1,NA,NA,3,3,5,1,NA,1
"10337",53,4,2,3,3,3,4,3,2,1,3,3,3,3,1,NA,3
"10341",1,5,2,4,3,4,1,4,1,NA,NA,5,3,4,1,4,2
"10341",28,4,3,2,2,NA,1,2,1,1,1,4,4,4,1,4,1
"10349",1,2,3,4,2,5,2,3,3,3,5,5,4,3,2,3,1
"10349",4,2,3,4,3,5,3,4,2,1,5,5,4,3,1,3,3
"10349",5,3,1,5,2,4,2,1,1,1,3,3,3,3,1,NA,1
"10349",8,3,1,5,2,5,3,3,1,NA,NA,3,3,3,1,2,1
"10349",9,4,3,3,4,3,2,3,1,1,3,4,3,3,1,NA,1
"10349",12,4,5,1,2,5,1,5,1,1,5,5,5,5,1,5,1
"10349",16,5,5,2,2,5,1,4,1,1,NA,5,5,5,1,5,1
"10349",25,1,3,2,3,4,3,2,1,1,2,3,3,3,1,NA,1
"10349",28,1,1,5,1,5,5,1,2,1,1,2,2,1,2,1,4
"10349",37,4,3,3,3,5,3,3,1,1,3,4,3,3,1,NA,3
"10349",40,4,1,5,3,3,2,5,1,NA,NA,5,3,3,1,2,1
"10349",41,5,4,2,3,3,2,4,1,1,3,4,4,3,1,NA,1
"10349",49,7,5,1,1,5,2,3,1,1,5,5,5,5,1,NA,1
"10357",1,7,4,2,2,4,1,5,1,2,3,5,4,5,1,NA,NA
"10360",2,1,1,5,1,3,5,2,2,1,5,1,3,2,2,3,4
"10360",9,3,3,3,1,4,2,4,1,1,3,4,5,4,2,NA,2
"10360",29,1,4,3,2,4,4,3,2,1,3,3,4,3,1,NA,2
"10360",33,2,1,5,4,3,1,3,2,4,2,1,3,2,2,NA,4
"10360",57,1,3,3,2,3,3,4,1,NA,NA,3,3,3,2,NA,3
"10363",1,6,2,3,3,2,2,3,1,3,3,3,4,3,2,NA,2
"10363",5,7,2,4,2,2,3,3,2,NA,NA,3,4,3,2,NA,2
"10363",9,1,2,4,2,3,2,3,2,1,3,3,3,3,1,NA,2
"10363",13,2,2,4,1,3,4,2,2,1,4,3,2,3,3,NA,3
"10363",17,3,4,2,4,2,3,3,3,2,3,3,3,2,2,NA,3
"10363",21,4,3,4,4,3,3,3,2,2,2,3,2,2,1,NA,3
"10363",25,5,3,3,3,3,2,5,1,1,3,4,4,5,1,NA,1
"10365",0,2,3,3,1,5,5,2,2,4,1,5,3,3,1,3,2
"10365",1,2,3,5,1,5,3,3,1,1,3,5,3,3,2,NA,2
"10365",5,3,1,5,3,2,3,5,4,NA,NA,3,1,3,1,NA,3
"10365",9,4,1,5,1,5,3,3,1,NA,NA,3,3,4,1,NA,2
"10365",13,5,1,5,1,5,2,5,1,NA,NA,3,3,3,1,NA,2
"10365",17,6,3,3,2,3,1,5,1,1,4,5,3,3,3,NA,2
"10365",21,7,1,5,1,5,3,3,2,1,5,3,3,3,3,NA,2
"10365",24,7,4,2,2,5,5,1,3,1,4,4,3,3,2,3,3
"10365",25,1,3,4,1,5,2,3,2,1,4,5,3,3,1,NA,2
"10365",28,1,1,5,4,5,1,3,2,1,3,3,3,3,2,3,2
"10365",29,2,1,5,3,3,1,5,1,NA,NA,3,3,3,1,NA,1
"10365",32,2,3,3,3,5,1,3,1,1,4,3,3,3,3,3,2
"10365",33,3,2,5,1,5,4,1,1,1,5,5,3,3,2,NA,3
"10365",36,3,1,5,3,5,1,5,1,NA,NA,5,3,3,3,3,1
"10365",37,4,1,5,5,2,3,5,1,NA,NA,4,3,3,1,NA,3
"10365",40,4,1,5,3,3,1,3,1,NA,NA,3,3,3,1,3,2
"10365",45,6,5,2,1,5,2,1,1,1,5,5,4,5,1,NA,3
"10365",49,7,3,3,1,5,3,3,1,1,5,5,3,3,1,NA,1
"10365",57,2,1,5,3,3,1,3,4,NA,NA,3,1,1,3,NA,4
"10366",1,4,2,4,1,5,1,3,2,3,4,5,3,3,1,3,2
"10366",5,5,5,2,3,5,2,4,1,1,5,4,4,4,1,NA,1
"10366",9,6,4,2,4,5,3,4,1,1,4,4,3,4,1,NA,1
"10366",13,7,5,2,4,5,3,5,1,1,4,5,4,5,1,NA,3
"10366",17,1,4,2,2,5,1,4,1,1,5,5,4,4,1,NA,1
"10366",21,2,3,3,2,5,2,3,1,1,5,5,4,4,1,NA,1
"10366",25,3,2,4,2,5,1,4,1,1,4,5,3,3,1,NA,2
"10366",29,4,4,3,2,5,2,4,1,1,4,5,4,4,1,NA,2
"10366",33,5,2,4,1,5,2,5,1,1,5,4,5,4,1,NA,1
"10366",37,6,2,4,1,5,1,3,1,1,4,4,4,3,1,NA,1
"10366",41,7,3,3,2,5,1,5,1,1,5,5,4,4,1,NA,1
"10366",45,1,5,3,2,5,1,4,1,1,5,5,4,4,2,NA,2
"10366",49,2,3,4,2,5,2,5,1,1,4,5,4,4,1,NA,1
"10366",53,3,1,4,3,4,4,4,1,NA,NA,4,4,4,1,NA,2
"10366",57,4,4,3,1,5,3,4,1,1,5,5,4,4,1,NA,2
"10367",2,5,2,3,3,3,1,3,1,2,2,5,4,3,2,3,1
"10367",5,6,2,5,5,2,3,3,3,3,3,5,3,3,3,NA,3
"10367",12,1,1,5,3,4,3,3,2,NA,NA,5,3,3,3,3,2
"10367",53,4,3,5,1,3,5,2,4,1,3,5,2,2,3,NA,4
"10367",57,5,2,3,2,3,3,3,1,2,3,4,3,3,3,NA,3
"10372",2,5,5,2,3,4,3,4,1,5,2,4,4,4,2,5,2
"10372",2,5,2,4,3,5,1,4,2,2,3,5,3,2,4,3,2
"10372",3,5,1,5,4,2,3,2,2,1,3,3,3,2,4,2,3
"10372",4,5,4,4,3,3,2,4,2,2,3,3,4,5,3,5,2
"10372",5,6,3,4,3,4,5,2,2,2,4,2,4,3,3,NA,2
"10372",6,6,5,4,1,5,2,4,1,1,5,3,5,5,2,4,2
"10372",7,6,5,2,4,5,3,3,2,2,4,4,5,4,2,5,2
"10372",8,6,5,1,4,3,3,4,2,2,4,4,4,3,2,3,3
"10372",9,7,2,5,2,2,5,3,5,1,4,1,2,1,5,NA,5
"10372",10,7,5,3,5,4,2,5,2,4,4,5,4,4,3,4,2
"10372",11,7,3,3,5,4,4,3,2,2,3,3,3,3,3,3,2
"10372",12,7,2,5,3,3,3,3,3,2,5,5,1,2,4,2,3
"10372",13,1,3,2,2,3,4,4,2,2,4,4,2,3,4,NA,2
"10372",14,1,5,2,3,4,2,4,2,2,4,4,3,4,3,5,2
"10372",15,1,1,5,5,3,3,3,3,NA,NA,1,2,2,5,2,4
"10372",17,2,2,4,5,2,4,3,4,2,2,2,1,2,5,NA,4
"10372",18,2,1,5,4,2,5,2,5,2,4,1,1,1,5,1,5
"10372",19,2,1,5,5,1,4,4,5,NA,NA,2,1,1,5,1,5
"10372",20,2,1,5,5,1,4,3,5,NA,NA,1,1,1,5,1,5
"10372",21,3,1,5,3,3,3,4,3,NA,NA,3,2,2,4,NA,3
"10372",22,3,1,5,4,3,3,4,2,1,4,4,2,3,3,3,3
"10372",23,3,2,5,1,5,2,3,2,1,4,3,3,3,4,3,2
"10372",24,3,2,4,5,3,3,3,3,3,2,2,2,2,5,3,3
"10372",25,4,3,3,2,2,2,3,2,1,3,4,4,3,2,NA,2
"10372",26,4,1,5,5,1,2,4,2,NA,NA,2,2,2,5,1,3
"10372",27,4,1,5,5,2,3,3,4,1,3,2,1,2,5,1,4
"10372",28,4,2,4,5,3,3,4,3,1,5,3,2,2,5,3,3
"10372",29,5,1,5,5,1,5,2,5,NA,NA,1,1,1,5,NA,5
"10372",30,5,1,5,5,3,5,3,5,1,4,2,1,1,5,1,5
"10372",31,5,1,5,2,3,3,3,4,NA,NA,4,1,1,5,1,5
"10372",32,5,1,5,5,1,5,4,4,1,4,1,1,3,5,3,4
"10372",33,6,1,5,4,3,5,2,5,NA,NA,3,1,1,5,NA,5
"10372",34,6,5,3,5,4,3,4,2,1,5,5,3,2,3,4,2
"10372",35,6,3,5,5,2,4,4,3,1,4,3,2,2,4,3,3
"10372",36,6,1,5,4,1,3,4,2,NA,NA,3,3,3,4,3,3
"10372",37,7,1,5,5,1,4,2,5,1,4,4,2,1,5,NA,4
"10372",38,7,3,3,2,2,4,4,3,1,4,5,3,3,4,3,4
"10372",39,7,2,5,5,4,4,4,2,1,5,3,2,2,3,3,2
"10372",40,7,1,5,1,4,2,5,2,NA,NA,5,5,4,3,4,2
"10372",41,1,1,5,1,4,5,2,2,1,5,4,2,2,4,NA,3
"10372",42,1,1,5,3,5,5,2,4,3,3,5,2,1,3,1,5
"10372",43,1,2,5,1,5,5,1,2,1,5,5,5,3,5,3,5
"10372",44,1,3,2,5,4,3,5,2,1,4,5,3,4,2,4,2
"10372",45,2,1,5,5,3,3,4,2,2,4,4,4,3,4,NA,2
"10372",46,2,3,2,5,2,2,4,2,1,3,4,4,4,2,5,2
"10372",47,2,3,2,4,3,3,4,2,2,4,4,3,4,2,3,2
"10372",48,2,1,5,2,3,3,3,2,NA,NA,4,3,2,3,2,2
"10372",51,3,1,5,1,4,4,4,1,1,5,5,4,1,3,2,2
"10372",52,3,2,2,5,2,5,1,5,4,2,4,2,1,4,2,5
"10372",54,4,1,5,5,2,3,5,2,NA,NA,4,3,2,2,2,2
"10372",55,4,1,4,5,1,3,2,3,NA,NA,1,2,1,4,1,4
"10372",56,4,3,3,4,2,1,4,2,3,4,3,2,2,3,3,3
"10372",59,5,2,4,5,2,4,4,4,1,3,2,1,2,4,2,5
"10372",60,5,2,4,5,4,4,4,3,2,2,2,2,3,4,2,3
"10378",2,1,4,2,4,4,2,3,3,3,3,4,3,3,3,4,3
"10378",2,1,3,2,2,3,2,3,2,2,2,3,3,3,3,4,3
"10378",6,2,3,5,2,3,2,3,3,NA,NA,3,3,2,1,3,4
"10378",9,3,3,2,2,2,2,3,2,1,4,3,3,4,2,NA,3
"10378",10,3,4,2,2,3,2,4,2,2,4,4,3,4,2,4,2
"10378",14,4,1,5,5,1,1,1,1,NA,NA,4,2,3,2,4,2
"10378",15,4,5,5,5,5,5,5,5,1,4,5,4,5,1,5,1
"10378",16,4,4,3,2,5,5,2,3,5,5,5,3,3,3,2,3
"10378",17,5,1,5,5,1,3,5,3,NA,NA,5,3,3,1,NA,1
"10378",19,5,1,5,5,2,3,3,4,NA,NA,5,2,2,2,2,4
"10378",26,7,3,2,2,4,2,4,4,NA,NA,5,2,3,3,2,4
"10378",27,7,3,3,3,2,3,3,2,3,3,3,3,2,3,3,3
"10378",30,1,5,1,1,5,4,1,3,5,3,1,3,2,3,3,5
"10378",31,1,3,3,5,3,2,3,2,3,2,3,3,3,3,3,2
"10378",37,3,3,5,3,5,3,1,3,4,4,3,3,2,3,NA,4
"10378",39,3,1,5,1,5,2,3,2,1,1,2,3,3,1,3,3
"10380",2,5,3,3,1,5,2,2,1,1,3,5,5,3,1,3,3
"10380",5,6,3,2,1,3,1,3,1,2,3,3,3,3,1,NA,2
"10380",21,3,2,4,5,2,2,5,1,NA,NA,4,4,3,1,NA,1
"10383",2,5,4,3,3,5,4,3,1,2,3,5,4,3,1,3,3
"10383",6,6,1,2,3,3,3,3,1,NA,NA,5,4,3,1,3,3
"10383",7,6,1,1,4,1,5,3,3,NA,NA,5,4,2,3,3,5
"10383",8,6,1,4,2,3,3,2,2,NA,NA,5,3,2,2,2,3
"10383",10,7,1,2,2,3,2,5,1,1,1,5,5,5,1,5,1
"10383",11,7,1,1,3,1,3,5,2,1,3,5,4,3,1,4,3
"10383",12,7,1,3,3,1,5,3,2,NA,NA,5,3,2,3,2,3
"10383",13,1,1,3,1,5,1,5,1,1,3,5,5,3,1,NA,2
"10383",14,1,1,3,3,5,5,5,2,1,5,3,3,2,1,3,3
"10383",15,1,1,5,3,1,5,3,2,1,1,5,3,2,2,3,3
"10383",16,1,1,5,1,1,5,3,2,NA,NA,5,3,2,1,2,2
"10383",20,2,1,5,3,2,5,3,2,NA,NA,5,3,1,1,3,3
"10383",29,5,2,4,3,5,5,5,1,1,5,3,5,4,1,NA,2
"10392",2,5,3,5,1,4,1,4,1,1,5,5,4,5,1,3,3
"10392",4,5,4,5,4,4,3,4,1,NA,NA,4,4,3,1,3,1
"10392",9,7,4,3,4,4,1,5,1,1,3,5,3,4,1,NA,1
"10397",0,3,4,3,3,4,2,5,1,3,2,5,4,3,1,3,2
"10397",1,3,3,4,2,3,2,4,1,2,3,4,4,3,1,NA,2
"10397",5,4,3,5,2,4,2,4,1,2,3,5,4,3,1,NA,1
"10397",6,4,3,3,3,4,2,4,2,2,3,4,4,4,1,3,2
"10397",7,4,3,2,2,3,2,4,1,2,3,4,4,3,2,3,2
"10397",8,4,5,1,5,3,2,4,2,3,3,4,3,4,1,4,2
"10397",9,5,3,5,3,3,1,4,1,2,3,3,4,3,1,NA,1
"10397",11,5,1,5,2,3,1,4,2,2,3,4,3,3,2,3,2
"10397",13,6,5,2,3,4,1,4,2,2,4,4,3,4,2,NA,2
"10397",15,6,2,5,3,3,1,4,1,2,2,4,3,3,1,3,2
"10397",17,7,2,5,3,3,2,3,2,2,3,3,3,2,2,NA,4
"10397",18,7,1,5,2,4,1,5,1,NA,NA,5,4,4,1,3,2
"10397",19,7,3,3,2,4,2,4,2,2,3,4,3,3,2,3,2
"10397",20,7,4,2,4,4,2,5,2,2,4,4,4,4,1,3,2
"10397",21,1,1,4,2,5,2,5,1,NA,NA,4,3,3,1,NA,1
"10397",22,1,3,3,3,4,2,3,2,2,2,4,3,3,2,3,2
"10397",23,1,3,2,2,4,2,5,1,3,3,5,4,4,1,4,2
"10397",25,2,2,4,2,4,2,4,2,2,3,4,3,3,2,NA,2
"10397",26,2,1,4,3,3,2,4,2,2,2,4,4,3,1,3,2
"10397",29,3,2,3,3,4,2,3,3,2,3,4,2,3,2,NA,2
"10397",30,3,4,2,4,4,2,4,1,2,3,4,4,4,1,4,1
"10397",31,3,3,3,3,3,2,4,2,2,3,5,3,3,1,3,2
"10397",33,4,3,4,4,3,1,4,1,2,4,4,3,3,1,NA,2
"10397",34,4,3,3,2,4,1,4,1,2,4,4,3,3,1,3,2
"10397",36,4,4,2,2,4,1,4,2,2,4,4,3,4,1,3,2
"10397",37,5,2,3,2,4,1,4,2,2,3,4,3,3,2,NA,3
"10397",38,5,4,2,2,4,2,4,2,2,4,5,3,4,1,3,2
"10397",40,5,4,2,2,3,2,4,2,2,4,4,3,4,2,4,2
"10397",41,6,2,3,2,4,2,2,2,2,3,4,2,2,1,NA,4
"10397",42,6,1,4,2,4,3,2,2,2,3,5,2,2,2,2,4
"10397",43,6,2,3,4,3,2,4,2,2,3,4,3,3,2,3,2
"10397",44,7,4,1,4,4,1,4,2,3,3,5,4,4,1,4,2
"10397",45,7,2,2,3,4,3,4,2,2,3,3,3,2,1,NA,2
"10397",47,7,3,3,3,2,2,4,2,2,3,4,3,3,2,3,2
"10397",48,7,2,4,3,2,1,4,1,3,2,4,2,2,2,2,3
"10397",49,1,2,4,2,4,2,4,2,2,3,4,4,3,1,NA,2
"10397",50,1,3,2,2,4,2,4,2,2,4,4,4,3,1,3,2
"10397",51,1,3,4,3,3,2,3,2,2,3,4,3,2,2,3,3
"10397",52,1,4,1,1,5,2,3,1,2,3,5,4,4,1,4,2
"10397",53,2,3,4,2,4,1,4,2,2,4,4,4,3,1,NA,2
"10397",54,2,4,2,3,4,2,4,1,2,4,5,4,4,2,3,2
"10397",55,2,2,5,2,4,2,4,1,2,3,4,3,3,1,3,2
"10397",56,2,3,2,2,4,1,4,2,2,3,4,3,2,1,2,3
"10397",57,3,2,2,3,4,2,4,3,2,4,4,3,2,2,NA,3
"10397",58,3,2,4,2,4,3,2,1,2,4,4,3,2,2,2,2
"10397",59,3,3,3,2,4,2,4,2,2,3,4,4,3,2,3,2
"10397",60,3,1,5,2,4,1,4,2,NA,NA,5,3,3,1,3,3
"10413",1,5,3,2,3,3,2,4,2,3,4,4,3,3,1,3,3
"10413",9,7,3,3,2,3,3,1,4,2,3,1,2,2,3,NA,4
"10413",32,5,4,2,1,3,1,3,2,2,4,4,3,3,1,4,2
"10413",40,7,1,4,1,5,1,3,1,1,3,3,3,2,2,2,4
"10413",41,1,2,3,1,3,2,4,1,1,4,2,5,3,1,NA,2
"10413",49,3,2,4,2,3,2,3,1,3,2,2,3,2,2,NA,3
"10413",52,3,3,4,1,5,2,4,2,1,5,4,5,4,1,4,2
"10413",53,4,4,1,1,5,1,4,1,1,5,3,5,4,1,NA,1
"10413",56,5,1,5,1,5,2,4,2,NA,NA,5,4,3,2,3,2
"10413",57,5,3,4,1,5,2,3,1,2,4,4,4,2,1,NA,3
"10422",1,4,4,2,2,4,2,4,1,4,3,4,5,5,2,4,2
"10422",12,6,3,3,5,3,3,4,3,2,3,3,3,3,3,4,3
"10422",13,7,2,4,3,2,2,4,2,NA,NA,4,4,4,2,NA,3
"10422",20,1,2,5,3,2,2,4,2,2,3,4,4,4,2,3,2
"10422",24,2,3,3,4,4,2,3,2,2,3,3,4,3,2,3,3
"10422",28,3,2,4,4,2,4,2,3,4,3,3,3,3,3,2,3
"10422",29,4,2,4,2,2,5,2,3,3,5,4,3,2,3,NA,4
"10422",40,6,3,3,4,4,2,4,2,2,3,3,4,4,1,4,2
"10422",43,7,2,4,4,2,3,2,3,3,2,2,3,2,3,2,4
"10422",44,7,1,5,4,2,5,2,4,2,3,3,2,2,4,2,4
"10422",45,1,2,4,3,2,4,3,3,2,3,4,4,3,4,NA,3
"10422",50,2,3,4,4,2,3,2,4,3,3,3,4,2,3,3,3
"10422",51,2,3,3,4,2,4,2,3,3,3,2,3,3,3,3,4
"10422",54,3,3,3,2,4,2,4,2,2,3,4,4,4,2,4,2
"10422",59,4,2,5,3,3,3,3,2,2,3,4,4,4,2,4,2
"10432",1,5,2,4,2,4,1,4,1,2,3,5,4,5,1,3,1
"10432",4,5,4,2,1,4,1,5,1,1,4,5,4,4,1,4,2
"10432",5,6,5,3,3,5,2,4,1,1,3,5,5,5,1,NA,2
"10432",8,6,1,5,4,5,1,4,1,1,1,5,3,3,1,3,2
"10432",9,7,1,5,2,3,1,5,1,NA,NA,5,4,3,1,NA,2
"10432",12,7,3,4,2,5,2,4,1,1,3,5,4,4,1,3,1
"10432",13,1,4,2,2,5,1,4,1,1,4,3,4,4,1,NA,1
"10432",16,1,2,4,2,4,1,4,1,1,4,5,4,3,1,3,1
"10432",17,2,3,3,2,5,1,5,1,1,5,5,4,4,1,NA,2
"10432",21,3,1,5,3,4,1,2,1,3,2,5,3,2,1,NA,3
"10432",25,4,3,3,2,4,1,3,1,1,3,5,3,4,1,NA,1
"10432",28,4,1,5,3,1,4,1,4,1,3,3,1,1,3,1,5
"10432",29,5,3,2,2,3,1,5,1,1,3,5,4,5,4,NA,1
"10432",33,6,1,5,3,3,1,4,1,NA,NA,5,4,4,1,NA,1
"10432",37,7,5,1,1,5,1,4,1,1,5,5,5,4,1,NA,1
"10432",39,7,1,5,2,5,1,5,1,NA,NA,5,3,5,1,5,1
"10432",40,7,1,5,3,4,1,5,1,NA,NA,5,4,5,1,5,1
"10432",43,1,2,3,3,5,2,5,1,1,3,5,3,3,1,3,2
"10432",44,1,1,5,4,5,1,5,1,NA,NA,5,5,5,1,3,1
"10432",45,2,3,3,2,5,1,5,1,1,4,5,4,3,1,NA,1
"10432",46,2,3,3,2,4,2,4,1,1,3,5,4,3,1,4,2
"10432",47,2,4,3,1,5,1,4,1,1,5,1,5,3,1,3,1
"10432",48,2,3,1,1,5,1,4,1,1,3,4,4,3,1,5,3
"10432",49,3,3,3,3,5,1,3,2,1,3,5,5,1,1,NA,3
"10432",51,3,1,5,3,5,1,4,1,NA,NA,5,5,5,1,3,1
"10432",52,3,3,5,3,5,1,5,1,1,5,5,5,5,1,5,1
"10432",53,4,3,3,2,5,2,5,1,1,4,5,4,3,1,NA,1
"10432",54,4,1,2,2,5,1,5,1,1,4,5,4,4,1,4,1
"10432",55,4,2,5,1,4,2,4,1,NA,NA,5,4,4,1,4,1
"10432",57,5,3,3,2,4,1,5,1,2,3,5,4,4,1,NA,1
"10432",59,5,1,3,1,5,2,5,1,NA,NA,4,3,3,1,3,1
"10437",1,5,4,2,2,3,2,5,1,4,1,5,5,4,1,4,1
"10437",4,5,5,2,5,3,2,2,1,4,2,5,3,3,1,3,4
"10437",5,6,2,5,1,4,3,4,2,2,5,4,4,3,2,NA,2
"10437",9,7,4,2,1,4,2,5,2,2,4,4,5,4,2,NA,2
"10437",11,7,5,1,1,5,1,4,1,1,5,5,5,3,1,3,2
"10437",13,1,4,2,1,4,2,5,1,1,4,4,4,4,1,NA,1
"10437",17,2,3,4,1,5,2,5,1,1,5,5,4,4,1,NA,2
"10437",18,2,1,5,1,5,3,4,1,1,5,4,4,3,1,3,2
"10437",19,2,3,3,2,4,2,4,1,1,5,5,4,4,1,4,1
"10437",20,2,2,3,1,4,2,4,1,1,5,5,5,4,1,3,1
"10437",21,3,4,2,1,4,2,5,1,2,5,4,5,4,1,NA,2
"10437",22,3,4,3,2,4,1,5,1,2,4,4,4,5,1,3,1
"10437",23,3,3,1,1,4,4,2,4,1,5,4,3,3,1,3,4
"10437",25,4,4,2,1,4,2,5,1,1,5,5,5,5,1,NA,1
"10437",27,4,1,5,1,4,3,4,2,2,4,4,4,3,2,3,2
"10437",31,5,2,4,2,4,2,4,3,2,4,3,3,3,3,2,3
"10437",32,5,2,5,4,4,1,4,1,1,5,3,4,4,1,3,2
"10437",33,6,3,1,2,4,3,2,2,2,4,5,3,3,1,NA,3
"10437",35,6,3,3,5,3,3,3,1,1,4,4,4,4,2,3,2
"10437",36,6,3,3,2,4,3,3,1,1,5,5,5,3,1,3,2
"10437",39,7,3,1,2,4,2,5,1,2,4,5,3,3,1,2,3
"10437",40,7,5,3,2,5,3,4,2,1,5,5,5,5,1,3,3
"10437",41,1,4,3,2,4,3,4,2,2,4,5,4,5,1,NA,2
"10437",42,1,4,2,2,5,2,4,1,1,5,5,5,4,1,3,2
"10437",43,1,3,3,2,5,4,2,1,1,5,5,3,3,2,4,2
"10437",45,2,4,2,2,4,1,4,1,1,5,5,4,4,1,NA,2
"10437",49,3,3,3,3,4,1,5,1,2,4,4,3,3,1,NA,1
"10437",50,3,2,4,2,4,3,3,2,2,4,4,4,3,2,3,2
"10437",52,3,4,2,2,4,1,4,1,2,4,4,5,5,1,4,2
"10437",60,5,4,1,4,3,3,4,2,1,5,4,3,4,2,4,2
"10445",0,1,3,3,1,5,4,2,2,3,4,5,3,4,1,3,2
"10445",1,1,4,2,3,4,3,3,2,2,4,5,5,4,1,NA,2
"10445",4,1,3,2,2,4,3,3,1,1,4,4,5,3,1,3,3
"10445",13,4,3,3,1,4,5,1,1,1,4,4,3,4,1,NA,4
"10445",21,6,4,2,3,5,2,4,1,1,4,5,4,4,1,NA,1
"10445",28,7,4,3,2,4,1,4,1,1,4,4,4,5,1,4,1
"10445",29,1,2,5,2,5,1,4,1,1,4,5,4,3,2,NA,2
"10445",40,3,4,4,2,4,4,2,2,2,4,5,4,4,1,4,3
"10445",44,4,2,5,4,4,4,3,2,NA,NA,5,2,3,3,3,3
"10445",45,5,5,2,4,5,2,5,1,1,5,5,5,5,1,NA,1
"10445",52,6,3,5,1,5,2,3,1,1,4,4,5,4,1,4,2
"10445",53,7,2,5,1,5,4,2,1,1,4,5,4,4,1,NA,3
"10445",55,7,4,4,2,5,5,2,3,2,3,3,5,2,1,2,5
"10445",60,1,3,2,3,5,3,3,1,1,5,4,4,3,1,3,2
"10447",4,3,5,3,1,5,1,5,1,1,5,5,5,5,1,5,1
"10447",5,4,1,5,1,5,1,5,1,NA,NA,5,5,5,1,NA,1
"10447",8,4,1,5,1,5,2,3,1,NA,NA,5,5,4,1,4,2
"10447",9,5,5,2,2,5,1,5,1,1,5,5,5,5,1,NA,1
"10447",13,6,5,2,3,5,1,4,1,1,5,5,5,5,1,NA,1
"10447",16,6,4,2,2,5,1,5,1,1,5,5,5,5,1,5,1
"10447",19,7,4,3,1,5,1,5,1,1,4,5,5,5,1,5,2
"10447",20,7,1,5,1,5,1,5,1,NA,NA,5,5,5,1,5,1
"10447",21,1,5,2,1,5,1,5,1,1,4,5,5,5,1,NA,2
"10447",24,1,4,2,2,5,1,5,1,1,5,5,5,5,1,5,1
"10447",25,2,1,5,1,5,1,5,1,NA,NA,5,5,5,1,NA,1
"10447",28,2,1,5,2,5,2,5,1,NA,NA,5,5,4,1,4,1
"10447",29,3,4,5,1,5,1,5,1,1,5,5,5,5,1,NA,1
"10447",30,3,4,2,2,5,1,5,1,1,5,5,5,4,1,5,1
"10447",32,3,5,3,1,5,1,5,1,1,5,5,5,5,1,5,1
"10447",34,4,1,5,5,5,1,5,1,1,NA,5,5,4,1,4,2
"10447",38,5,4,2,3,5,1,5,1,1,5,5,5,5,1,5,1
"10447",45,7,1,5,2,5,1,5,1,NA,NA,5,5,4,1,NA,1
"10449",1,3,4,3,3,3,2,3,1,3,3,4,4,4,2,3,2
"10450",0,4,5,1,1,NA,4,1,1,4,4,5,4,5,1,3,4
"10450",1,4,2,2,1,5,4,2,1,2,2,3,5,3,1,NA,4
"10450",3,4,3,4,4,5,2,4,1,1,3,5,5,4,1,2,1
"10450",4,4,1,3,5,3,1,5,1,NA,NA,5,5,5,1,5,1
"10450",8,5,5,1,4,5,1,5,1,1,1,5,5,5,1,5,1
"10450",9,6,3,3,5,4,1,5,1,1,1,5,5,5,1,NA,1
"10450",15,7,1,5,3,4,3,3,1,1,3,5,5,4,1,4,3
"10450",21,2,4,3,4,4,1,4,1,1,1,5,5,5,1,NA,1
"10450",25,3,1,5,3,3,3,3,1,NA,NA,5,5,5,1,NA,1
"10450",26,3,1,4,1,5,3,3,1,NA,NA,5,5,4,1,3,4
"10450",27,3,1,5,2,5,3,3,1,NA,NA,5,5,5,1,3,3
"10450",28,3,3,3,3,5,3,5,1,2,4,5,5,5,1,5,3
"10450",29,4,1,5,1,5,3,1,1,1,1,5,5,4,1,NA,2
"10450",30,4,1,3,5,4,2,5,1,NA,NA,5,5,5,1,5,1
"10450",31,4,1,2,4,2,3,4,1,NA,NA,5,5,4,2,3,3
"10450",32,4,2,2,3,4,1,5,1,1,2,5,5,5,1,5,1
"10450",36,5,2,5,5,4,3,4,1,3,1,5,5,5,1,5,2
"10450",37,6,1,5,2,5,2,5,1,NA,NA,5,5,5,1,NA,2
"10450",38,6,3,5,1,5,3,3,1,2,1,4,5,4,2,4,2
"10450",39,6,1,5,1,5,3,3,1,1,2,5,5,4,1,4,2
"10450",40,6,1,4,5,1,3,3,3,NA,NA,2,3,2,1,4,3
"10450",41,7,1,4,1,3,2,5,1,1,1,5,5,4,1,NA,NA
"10450",42,7,2,5,2,4,3,4,1,1,1,5,5,4,1,5,2
"10450",43,7,1,3,2,3,5,1,3,3,1,5,3,2,2,2,5
"10450",45,1,1,3,1,5,3,3,1,1,1,5,4,3,1,NA,2
"10450",46,1,1,3,3,3,4,3,1,NA,NA,5,5,5,3,4,3
"10450",47,1,1,5,4,5,4,3,1,1,1,5,5,3,1,3,4
"10450",59,4,1,4,2,3,5,1,3,NA,NA,5,4,1,2,2,5
"10454",2,5,1,5,3,3,4,3,3,1,4,5,3,1,1,2,4
"10454",17,2,3,3,1,4,2,3,1,1,5,2,3,3,1,NA,1
"10454",21,3,3,4,1,4,2,3,1,1,3,5,5,2,1,NA,1
"10455",2,5,4,3,3,5,1,1,3,3,2,5,4,4,2,4,2
"10455",5,6,1,5,5,4,2,5,3,NA,NA,4,3,3,2,NA,2
"10459",1,5,2,3,2,3,3,2,3,1,3,4,3,2,3,2,4
"10459",4,5,2,3,2,1,3,2,3,2,2,3,2,3,3,3,2
"10459",8,6,1,3,3,2,4,2,4,NA,NA,3,2,2,3,2,3
"10459",12,7,1,3,3,3,4,2,5,NA,NA,3,2,2,4,2,2
"10459",13,1,1,4,3,3,4,2,4,1,1,3,2,2,3,NA,3
"10459",16,1,2,4,3,3,3,2,4,2,2,3,2,2,4,2,3
"10459",17,2,3,1,2,3,3,3,2,3,2,4,2,3,3,NA,2
"10459",20,2,1,4,2,2,5,1,5,2,3,2,2,1,3,2,4
"10459",21,3,1,5,3,2,4,3,3,3,3,3,2,2,3,NA,3
"10459",24,3,3,2,2,3,2,2,3,2,4,3,2,2,2,3,3
"10459",25,4,4,2,2,3,3,2,2,2,3,3,2,3,2,NA,3
"10459",28,4,1,4,3,4,5,1,3,2,4,3,2,1,3,1,5
"10459",40,7,3,3,3,3,4,2,1,2,3,3,3,3,2,3,3
"10459",43,1,3,2,2,4,3,2,1,2,5,3,4,3,1,3,3
"10459",44,1,1,2,2,2,3,3,1,NA,NA,5,3,3,3,3,3
"10459",45,2,2,3,3,3,3,3,1,1,5,3,3,3,1,NA,3
"10459",46,2,4,2,2,3,3,3,1,2,4,3,3,3,2,4,2
"10459",48,2,2,3,2,4,2,3,1,3,3,3,3,3,2,4,2
"10459",49,3,4,1,3,3,3,3,1,2,4,4,2,4,1,NA,3
"10459",50,3,3,1,2,3,3,3,1,3,2,3,3,3,2,3,3
"10459",53,4,3,3,2,4,3,2,1,1,5,3,3,3,2,NA,2
"10459",54,4,3,3,2,2,2,3,1,2,4,3,3,3,3,3,2
"10459",58,5,2,3,4,2,3,3,1,NA,NA,3,3,2,3,2,3
"10459",59,5,1,4,4,3,4,3,2,NA,NA,4,3,3,4,3,2
"10471",0,3,3,3,2,4,2,4,1,4,4,3,4,4,2,4,1
"10471",1,3,3,2,3,3,2,4,1,1,2,3,3,4,2,NA,1
"10471",4,3,2,5,4,3,4,2,4,2,2,3,3,2,3,2,4
"10471",5,4,2,5,2,4,2,3,2,NA,NA,3,3,3,1,NA,2
"10471",13,6,2,3,4,3,2,4,2,2,3,3,4,3,2,NA,1
"10485",1,5,5,2,1,4,2,3,1,5,4,5,3,4,1,5,1
"10485",4,5,4,2,3,4,1,4,2,2,4,4,4,5,2,5,2
"10485",5,6,4,4,4,4,4,4,2,1,3,3,3,4,2,NA,3
"10485",13,1,5,2,2,4,2,4,1,1,4,4,5,5,2,NA,2
"10485",17,2,4,3,3,4,2,4,1,1,4,4,4,4,2,NA,2
"10485",20,2,5,1,2,5,1,4,1,1,4,5,4,5,1,4,2
"10490",0,1,3,3,1,4,2,4,1,4,3,3,4,5,1,4,2
"10490",3,1,2,2,3,3,3,4,2,NA,NA,3,3,3,2,3,2
"10490",4,1,1,3,3,3,2,4,1,NA,NA,3,3,3,2,3,2
"10490",5,2,4,3,2,4,2,3,2,2,4,3,4,3,2,NA,2
"10490",7,2,2,5,5,2,2,4,1,NA,NA,2,2,3,1,3,1
"10490",8,2,2,3,3,3,2,3,1,2,4,2,2,3,2,3,2
"10490",9,3,1,5,5,1,2,5,1,NA,NA,1,1,3,1,NA,1
"10490",10,3,3,5,2,4,2,2,1,2,4,4,3,2,2,3,2
"10490",11,3,4,2,2,4,2,3,1,2,4,4,4,3,1,3,2
"10490",12,3,2,4,3,3,3,3,1,NA,NA,3,3,3,1,3,2
"10490",13,4,1,4,3,3,2,4,1,NA,NA,1,3,3,1,NA,2
"10490",14,4,2,4,3,3,3,3,1,NA,NA,2,3,3,2,3,2
"10490",15,4,2,3,4,3,3,2,1,NA,NA,3,2,2,1,2,3
"10490",16,4,2,2,2,2,4,2,1,2,4,2,2,2,2,2,4
"10490",17,5,1,4,4,3,3,4,1,NA,NA,3,3,2,2,NA,3
"10490",18,5,2,3,3,3,3,3,1,NA,NA,3,3,3,2,3,2
"10490",19,5,2,3,3,3,3,3,1,NA,NA,3,3,2,1,3,3
"10490",20,5,2,2,1,3,2,2,1,2,4,4,3,3,2,4,2
"10490",21,6,1,5,5,2,1,5,1,NA,NA,2,1,3,1,NA,2
"10490",22,6,1,3,3,3,3,3,1,NA,NA,3,3,3,1,3,2
"10490",23,6,4,2,3,3,2,4,1,2,4,3,3,4,1,4,1
"10490",24,6,1,4,3,3,3,3,1,NA,NA,3,3,3,2,2,2
"10490",25,7,2,4,4,3,2,4,1,NA,NA,2,2,3,1,NA,2
"10490",26,7,3,3,3,3,3,3,1,NA,NA,3,3,3,2,3,2
"10490",27,7,2,3,3,3,3,2,1,NA,NA,3,3,3,1,3,3
"10490",28,7,3,3,3,3,2,4,1,NA,NA,3,3,3,2,3,2
"10490",29,1,2,3,3,3,2,3,1,NA,NA,3,3,3,2,NA,2
"10490",30,1,3,4,3,4,2,5,1,NA,NA,3,3,3,2,3,2
"10490",31,1,2,4,4,4,2,4,1,NA,NA,3,2,4,2,4,2
"10490",32,1,2,4,3,3,2,3,1,NA,NA,3,3,3,2,3,2
"10490",33,2,4,2,3,3,2,3,1,2,4,4,4,3,2,NA,2
"10490",34,2,3,3,2,3,2,3,1,NA,NA,4,4,4,1,3,2
"10490",35,2,2,5,5,2,1,5,1,NA,NA,2,2,3,1,3,2
"10490",36,2,4,2,4,4,1,5,1,1,4,4,4,4,2,4,1
"10490",37,3,2,4,1,3,1,4,1,NA,NA,3,3,4,2,NA,2
"10490",38,3,2,3,3,4,2,3,1,NA,NA,3,3,3,2,3,2
"10490",39,3,1,3,2,4,2,3,1,NA,NA,3,3,3,1,3,2
"10490",40,3,2,3,3,3,3,4,1,NA,NA,3,3,3,2,3,2
"10490",41,4,2,5,5,2,1,5,1,NA,NA,2,1,4,1,NA,2
"10490",42,4,2,3,2,3,2,3,1,NA,NA,3,3,3,2,3,2
"10490",43,4,4,1,2,4,2,4,1,2,4,3,2,4,2,4,2
"10490",44,4,2,2,2,4,2,4,1,2,4,3,3,4,1,3,2
"10490",45,5,2,5,5,2,3,5,1,NA,NA,2,2,3,2,NA,2
"10490",46,5,2,3,4,3,3,4,1,NA,NA,2,2,3,2,3,2
"10490",47,5,2,4,3,3,3,3,2,NA,NA,3,2,3,2,3,3
"10490",48,5,2,3,3,3,3,3,2,NA,NA,3,3,3,2,3,2
"10490",49,6,2,5,4,2,2,5,1,NA,NA,2,2,4,2,NA,2
"10490",50,6,2,4,3,3,3,4,1,NA,NA,3,3,3,2,4,2
"10490",51,6,2,2,4,3,2,4,1,NA,NA,2,2,3,2,3,2
"10490",52,6,2,5,4,2,2,5,1,NA,NA,2,2,4,1,4,1
"10490",53,7,2,4,4,2,2,4,1,NA,NA,2,2,3,2,NA,2
"10490",54,7,4,2,2,3,3,3,1,2,4,3,3,3,1,3,2
"10490",55,7,2,4,4,3,3,4,1,NA,NA,3,3,3,2,3,2
"10490",56,7,2,4,3,3,2,3,1,NA,NA,3,3,3,2,3,2
"10490",57,1,3,2,2,4,2,4,1,2,4,3,2,4,2,NA,2
"10490",58,1,2,3,3,3,3,3,1,NA,NA,3,3,3,2,3,3
"10490",59,1,3,3,3,3,2,3,1,NA,NA,3,3,3,2,4,2
"10490",60,1,2,4,2,3,2,3,1,NA,NA,3,3,3,2,3,2
"10492",1,1,4,2,3,4,2,3,1,4,3,3,3,4,2,3,2
"10492",5,2,3,2,2,3,2,3,1,2,3,4,4,4,1,NA,2
"10492",12,3,3,2,4,3,2,2,1,3,3,3,3,3,2,3,3
"10492",13,4,2,4,3,4,2,3,2,2,3,3,3,3,3,NA,2
"10492",16,4,4,2,2,3,2,4,1,2,3,5,3,4,1,3,2
"10492",17,5,5,2,3,5,2,4,1,3,5,4,4,4,1,NA,2
"10492",20,5,5,1,1,4,1,5,1,1,4,5,5,5,1,5,1
"10492",21,6,5,2,3,4,1,3,1,1,4,4,4,4,1,NA,2
"10492",24,6,5,1,1,5,2,2,1,3,4,4,5,5,1,5,2
"10492",27,7,3,2,2,4,1,5,1,1,4,4,4,4,2,3,1
"10492",28,7,2,3,2,4,1,5,1,1,4,4,4,4,1,5,1
"10492",29,1,5,2,3,4,3,5,1,1,3,4,4,5,1,NA,1
"10492",31,1,2,3,3,4,2,4,1,1,4,4,3,3,1,3,2
"10492",33,2,2,4,3,3,1,4,1,1,3,4,3,3,2,NA,1
"10492",34,2,2,4,1,4,1,4,1,2,3,4,4,5,1,4,1
"10492",35,2,4,2,3,4,1,5,1,2,4,4,4,4,1,4,1
"10492",38,3,3,3,2,4,2,3,1,2,4,3,4,3,1,3,2
"10492",39,3,2,3,3,3,2,3,1,1,5,3,3,3,2,3,2
"10492",40,3,5,2,1,4,1,3,1,1,4,4,4,5,1,5,1
"10492",42,4,1,3,4,4,2,2,1,2,3,4,3,3,2,3,1
"10492",43,4,5,1,2,4,2,5,1,1,5,5,4,5,2,4,2
"10492",44,4,5,1,2,4,1,5,1,2,5,4,4,5,1,5,1
"10492",46,5,4,2,3,4,2,4,1,2,4,4,3,4,2,4,2
"10492",48,5,5,2,3,4,1,4,1,2,4,3,3,5,1,5,1
"10492",49,6,5,2,1,4,2,3,1,1,5,4,4,4,2,NA,1
"10492",53,7,5,2,3,4,2,5,1,1,4,4,4,4,1,NA,1
"10492",54,7,2,4,3,4,3,4,1,1,3,4,4,3,1,3,1
"10492",58,1,2,2,1,5,2,3,1,NA,NA,4,4,4,2,4,2
"10493",1,4,4,2,3,4,4,1,3,2,5,3,2,2,2,2,4
"10493",2,4,4,5,1,5,2,3,4,1,4,4,3,4,2,2,1
"10493",3,4,4,4,5,5,2,3,1,3,4,3,4,3,1,3,1
"10493",4,4,1,5,1,2,1,5,1,NA,NA,4,4,1,1,2,3
"10493",5,5,1,5,1,3,4,3,2,1,3,3,4,3,1,NA,4
"10493",7,5,4,2,2,4,1,4,2,1,4,4,4,4,1,5,2
"10493",9,6,4,2,5,3,2,2,3,2,3,3,3,3,1,NA,2
"10494",1,4,1,2,1,1,3,1,1,1,3,5,4,5,1,5,5
"10494",4,4,5,2,1,5,1,4,1,2,5,5,5,5,1,5,2
"10494",5,5,5,1,3,5,2,2,1,1,5,5,5,5,1,NA,2
"10494",8,5,3,2,2,5,3,3,4,1,5,3,5,3,1,2,4
"10494",9,6,5,2,1,5,3,5,1,1,5,5,5,5,1,NA,1
"10494",13,7,5,1,1,5,5,3,1,1,5,5,5,5,2,NA,3
"10494",17,1,4,3,1,5,3,3,2,2,3,3,5,3,1,NA,3
"10494",21,2,3,3,2,3,2,5,1,1,3,3,4,4,1,NA,1
"10494",24,2,1,5,1,4,3,5,2,NA,NA,5,5,4,1,4,2
"10494",25,3,3,3,2,2,4,3,1,1,5,5,5,3,1,NA,3
"10494",37,6,1,5,1,5,2,5,1,NA,NA,5,5,4,1,NA,1
"10494",43,7,1,5,2,1,5,2,5,NA,NA,3,1,1,5,1,5
"10494",45,1,2,3,2,3,4,3,2,1,4,3,2,2,4,NA,3
"10494",48,1,3,4,1,2,3,3,2,3,3,4,4,1,1,2,5
"10494",49,2,5,1,1,3,3,4,2,1,5,5,5,5,1,NA,2
"10494",51,2,1,5,1,1,4,3,2,NA,NA,3,3,3,1,2,3
"10494",55,3,1,4,1,5,4,2,1,NA,NA,NA,5,3,1,3,3
"10496",1,5,1,5,3,3,4,4,1,2,5,5,4,4,1,3,3
"10496",2,5,3,3,4,1,4,5,2,1,3,4,3,4,1,3,3
"10496",9,7,4,2,1,1,1,3,1,1,5,4,4,5,1,NA,1
"10496",13,1,4,1,1,2,3,3,1,2,3,5,3,4,1,NA,1
"10496",38,7,3,3,1,5,3,3,1,2,4,5,3,4,1,4,2
"10496",41,1,1,5,2,3,1,5,1,1,4,4,4,3,1,NA,2
"10496",42,1,2,2,1,3,1,4,1,3,4,4,3,3,1,5,1
"10498",0,5,1,5,2,5,2,3,1,1,5,2,4,2,1,3,2
"10498",1,5,1,5,3,3,2,3,1,1,1,2,4,2,1,NA,2
"10498",8,6,3,5,3,3,1,5,1,1,2,3,5,5,1,5,1
"10498",12,7,1,5,2,4,3,2,2,NA,NA,3,4,2,2,2,3
"10498",13,1,1,5,2,4,2,3,1,1,1,4,4,3,1,NA,2
"10509",1,3,4,2,2,4,1,5,1,3,5,5,5,4,1,4,1
"10509",4,3,4,2,2,3,2,5,1,2,3,4,4,4,1,3,2
"10509",5,4,4,1,2,4,2,3,1,2,4,5,4,4,1,NA,3
"10509",8,4,3,1,2,4,3,3,1,1,3,3,3,4,1,3,2
"10509",13,6,4,1,4,4,2,5,1,2,4,5,4,4,1,NA,2
"10509",19,7,4,1,3,4,3,3,1,2,3,5,3,4,1,3,3
"10509",20,7,3,2,3,4,2,5,1,2,3,3,3,3,1,3,2
"10509",23,1,3,2,2,4,2,5,1,1,4,5,4,3,1,NA,2
"10509",25,2,4,1,1,4,2,3,1,1,3,5,4,4,1,NA,2
"10509",26,2,3,4,3,2,2,3,1,3,3,3,4,3,1,3,2
"10509",27,2,5,1,1,4,1,3,1,1,3,5,5,5,1,5,1
"10509",30,3,5,1,1,3,1,5,1,1,3,5,5,4,1,5,1
"10509",31,3,4,1,2,4,1,3,1,1,3,5,4,3,1,3,2
"10509",33,4,4,1,2,5,1,4,1,1,4,5,4,4,1,NA,1
"10509",34,4,3,2,3,3,1,4,1,1,3,4,3,3,1,3,2
"10509",35,4,5,1,3,3,1,4,1,1,3,5,5,5,1,5,1
"10509",36,4,4,3,3,3,3,3,1,1,3,4,3,3,1,3,2
"10509",48,7,4,2,2,3,3,4,1,NA,NA,4,3,3,1,3,2
"10509",49,1,3,3,3,3,3,4,1,NA,NA,4,3,3,1,NA,2
"10509",50,1,3,3,3,3,3,4,2,2,3,3,3,3,1,3,3
"10509",52,1,2,4,3,3,3,2,1,NA,NA,3,3,3,1,3,2
"10509",53,2,3,3,2,4,2,4,1,1,3,4,4,3,1,NA,2
"10509",54,2,2,3,3,4,2,3,2,NA,NA,4,3,3,1,3,2
"10509",55,2,3,3,3,3,2,4,1,2,3,3,3,3,1,3,1
"10509",58,3,3,3,3,3,2,3,2,2,3,2,3,3,1,3,2
"10516",2,5,5,3,2,4,2,4,1,4,1,5,5,5,1,5,2
"10516",4,5,5,1,1,4,1,3,1,2,4,5,5,5,1,5,2
"10516",5,6,5,2,1,4,1,4,1,1,3,4,5,4,1,NA,1
"10516",9,7,1,4,2,2,3,2,1,NA,NA,3,2,1,1,NA,4
"10516",13,1,2,4,2,5,1,3,1,2,2,3,4,3,1,NA,1
"10516",17,2,1,5,1,5,2,3,1,1,2,3,4,3,1,NA,2
"10516",21,3,3,1,1,5,2,3,1,1,3,4,5,5,1,NA,1
"10516",29,5,3,3,1,4,3,3,1,1,2,4,3,4,1,NA,4
"10516",43,1,4,3,1,5,1,4,1,1,3,5,5,4,1,5,1
"10516",46,2,5,2,1,5,1,5,1,1,3,5,5,4,1,4,2
"10516",53,4,3,4,2,5,2,3,1,1,2,4,4,2,1,NA,4
"10523",1,5,3,4,2,3,1,4,2,2,3,4,5,3,1,4,2
"10523",4,5,3,3,4,3,2,2,1,2,2,4,4,4,1,4,2
"10523",5,6,3,4,3,3,1,5,1,1,3,5,5,5,1,NA,1
"10523",8,6,2,4,2,3,2,3,1,1,3,3,5,4,1,3,2
"10523",9,7,1,4,5,2,2,5,1,1,3,3,3,4,2,NA,3
"10523",11,7,3,3,4,3,2,4,2,2,3,4,3,4,2,4,3
"10523",13,1,2,5,1,3,1,4,1,NA,NA,5,5,5,1,NA,1
"10523",15,1,1,4,3,3,1,3,1,3,2,3,5,3,2,3,2
"10523",17,2,3,4,1,4,2,2,1,1,3,4,3,4,1,NA,2
"10523",18,2,3,3,2,5,1,4,1,1,3,3,5,4,2,4,3
"10523",20,2,5,3,3,3,2,5,1,1,4,3,5,5,1,4,2
"10523",21,3,1,4,3,3,1,4,1,1,3,4,5,5,1,NA,1
"10523",23,3,3,3,3,5,2,2,1,1,4,4,4,4,1,4,2
"10523",24,3,2,4,4,4,2,3,1,1,3,4,3,4,1,4,2
"10523",25,4,4,3,3,3,2,3,1,2,4,4,5,5,1,NA,1
"10523",29,5,3,2,1,4,2,4,2,1,4,4,3,4,1,NA,2
"10523",31,5,1,5,5,3,2,5,1,NA,NA,5,3,5,1,4,2
"10523",33,6,4,2,5,4,1,5,1,1,4,5,5,5,1,NA,1
"10523",37,7,2,5,3,4,2,4,1,NA,NA,5,5,5,1,NA,2
"10523",40,7,2,3,1,4,2,2,2,1,3,3,3,3,1,3,3
"10523",41,1,4,3,5,2,1,5,1,1,3,5,5,5,1,NA,2
"10523",42,1,4,3,3,2,3,2,1,1,3,3,4,3,1,3,1
"10523",43,1,3,4,5,2,3,4,2,3,3,3,4,4,1,3,3
"10523",44,1,3,5,2,4,2,3,2,2,4,3,3,4,1,4,3
"10523",45,2,3,3,2,4,2,3,1,1,3,4,5,5,1,NA,2
"10523",49,3,3,5,5,4,1,5,1,NA,NA,5,5,5,1,NA,1
"10523",50,3,1,4,1,5,1,2,1,NA,NA,5,5,4,1,4,2
"10523",51,3,3,4,4,5,1,5,1,NA,NA,4,4,5,1,5,1
"10523",52,3,2,3,4,4,1,5,1,NA,NA,5,3,5,1,5,1
"10523",54,4,1,5,4,4,1,5,2,1,5,4,4,4,3,3,2
"10523",57,5,3,5,3,4,1,4,1,NA,NA,5,5,4,2,NA,1
"10523",58,5,4,2,1,4,2,4,1,2,4,3,4,5,1,4,3
"10523",59,5,1,5,5,4,3,5,2,NA,NA,5,4,3,4,3,3
"10525",1,2,3,2,3,5,3,4,1,3,2,4,4,3,2,3,4
"10525",2,2,5,1,2,3,2,5,2,1,4,5,5,4,2,5,2
"10533",2,5,5,1,1,4,1,5,1,1,4,5,5,5,1,5,1
"10533",4,5,5,1,3,5,1,5,1,1,5,5,5,5,1,5,1
"10539",2,1,2,3,2,4,2,3,2,2,3,4,3,3,2,3,2
"10539",3,1,3,3,2,5,2,2,2,2,3,3,3,3,1,3,3
"10539",4,1,3,3,2,4,3,3,2,2,3,4,3,3,1,4,3
"10539",5,2,2,5,2,5,3,3,3,NA,NA,3,3,3,3,NA,3
"10539",6,2,3,3,2,4,3,2,2,1,3,3,3,2,3,3,3
"10539",7,2,2,5,2,3,3,2,3,2,2,3,3,2,2,3,3
"10539",8,2,3,3,2,4,2,3,2,2,3,3,3,3,2,3,3
"10539",9,3,2,3,2,4,2,4,2,1,4,3,3,3,2,NA,2
"10539",10,3,2,2,2,3,4,3,3,3,3,3,2,3,3,3,3
"10539",11,3,2,3,1,4,3,3,2,2,2,3,3,3,2,3,3
"10539",12,3,1,5,3,3,4,3,2,NA,NA,3,3,3,3,3,3
"10539",13,4,3,3,2,3,2,3,2,2,3,3,3,3,2,NA,3
"10539",14,4,3,3,2,4,4,3,2,2,3,3,3,3,2,3,3
"10539",15,4,4,2,2,4,3,3,2,2,3,5,3,4,2,3,2
"10539",16,4,4,2,3,4,3,4,2,3,3,5,3,4,1,4,2
"10539",17,5,3,3,4,3,3,4,2,2,3,5,3,4,1,NA,2
"10539",18,5,2,4,2,4,3,3,2,2,3,3,3,3,2,3,3
"10539",19,5,3,4,2,4,3,3,2,3,3,3,3,3,2,3,3
"10539",20,5,3,2,2,3,2,4,2,2,4,4,4,4,1,4,2
"10539",22,6,3,3,3,3,4,2,3,4,2,4,2,2,3,3,4
"10539",23,6,2,3,2,4,4,2,3,NA,NA,4,3,2,3,2,3
"10539",24,6,3,2,3,3,2,4,2,2,2,4,3,3,2,4,2
"10539",26,7,2,3,3,4,3,3,2,2,4,4,3,4,2,3,2
"10539",27,7,3,3,2,4,3,3,2,2,3,4,3,4,2,3,3
"10539",28,7,3,3,3,3,3,3,2,2,3,5,4,5,1,5,3
"10539",30,1,2,3,3,2,4,2,3,4,2,4,2,2,2,2,4
"10539",31,1,2,3,3,3,5,2,4,3,3,4,2,2,3,2,4
"10539",32,1,4,3,3,3,3,4,2,2,3,3,3,4,2,4,2
"10539",33,2,1,5,1,3,5,1,5,2,2,4,1,1,3,NA,5
"10539",34,2,2,5,3,3,5,2,4,3,2,4,1,2,3,2,5
"10539",35,2,3,4,3,3,3,3,2,2,2,3,3,3,2,3,3
"10539",36,2,3,3,3,3,1,4,2,2,4,5,3,4,2,4,2
"10539",38,3,3,3,4,2,1,4,2,3,3,4,4,4,2,4,2
"10539",39,3,3,2,4,2,2,4,2,2,3,4,3,4,2,4,2
"10539",40,3,4,3,4,3,2,5,1,2,3,5,4,5,1,5,2
"10539",41,4,3,2,3,1,3,4,2,2,2,4,4,4,1,NA,2
"10539",42,4,2,4,2,3,3,3,1,2,4,4,3,3,3,2,3
"10539",43,4,2,4,4,3,2,4,2,2,3,3,3,3,2,3,2
"10539",44,4,4,2,3,4,2,3,2,2,4,3,3,3,2,4,2
"10539",45,5,2,3,4,3,2,4,2,3,3,3,3,3,2,NA,2
"10539",46,5,2,2,3,4,3,4,2,2,2,4,3,4,2,4,2
"10539",47,5,3,3,3,4,2,3,2,2,4,3,3,4,2,4,2
"10539",48,5,2,5,3,2,3,3,2,1,3,4,3,3,2,3,3
"10539",49,6,3,3,2,4,3,3,2,2,4,4,3,3,2,NA,3
"10539",50,6,2,4,3,3,2,3,2,NA,NA,4,3,4,3,4,3
"10539",51,6,4,3,4,2,2,5,2,2,3,4,3,4,2,4,2
"10539",52,6,3,3,2,5,3,4,2,2,4,4,3,3,2,4,3
"10539",53,7,2,3,2,5,3,2,2,2,2,3,3,3,2,NA,3
"10539",54,7,3,3,1,5,4,1,2,2,4,3,3,2,2,3,4
"10539",55,7,4,2,2,3,3,3,2,2,5,4,3,3,2,3,2
"10539",56,7,4,3,3,3,2,4,2,2,4,3,3,4,2,4,2
"10539",57,1,3,3,3,3,2,4,2,2,3,3,3,4,2,NA,2
"10539",58,1,3,3,3,4,2,4,2,NA,NA,4,3,4,2,4,2
"10539",59,1,4,3,2,5,2,3,2,2,5,4,3,3,1,3,2
"10539",60,1,4,1,2,4,2,3,2,2,4,3,3,4,2,4,2
"10542",2,5,4,4,1,4,2,3,1,3,3,NA,4,4,1,4,3
"10542",6,6,4,3,1,5,3,2,1,1,3,5,4,5,1,4,2
"10542",7,6,3,4,2,4,3,4,1,1,4,5,4,4,1,4,2
"10542",9,7,2,4,2,4,1,3,1,1,2,4,4,3,2,NA,1
"10542",10,7,4,2,1,4,3,3,1,2,4,5,4,4,1,4,1
"10542",11,7,1,3,1,4,2,4,1,NA,NA,4,4,4,2,4,2
"10542",12,7,5,1,2,4,1,5,1,1,3,5,5,5,2,5,1
"10542",14,1,3,2,2,5,3,2,1,1,3,4,4,5,1,5,1
"10542",25,4,3,3,1,4,2,5,1,1,3,5,4,4,1,NA,1
"10542",29,5,1,5,1,4,3,4,1,1,1,3,4,3,1,NA,2
"10542",40,7,1,3,1,4,2,5,1,1,1,4,4,5,1,4,1
"10542",42,1,1,5,1,3,2,4,1,1,2,1,4,4,1,3,1
"10542",47,2,3,4,1,4,3,3,1,1,2,3,4,4,1,4,3
"10542",48,2,2,5,3,2,2,4,1,1,2,3,4,3,2,4,2
"10543",0,5,1,5,3,4,3,3,1,2,3,4,4,3,2,3,2
"10543",1,5,4,2,2,3,2,3,1,2,3,4,4,5,1,NA,1
"10543",5,6,1,4,3,3,2,4,1,1,2,4,4,4,1,NA,2
"10543",8,6,3,3,2,3,2,3,1,2,2,2,3,3,1,3,2
"10543",12,7,3,2,1,4,2,4,1,2,4,4,4,4,1,4,1
"10543",13,1,3,3,2,4,3,4,1,1,3,3,4,4,1,NA,2
"10543",15,1,2,4,3,2,3,4,1,NA,NA,4,4,4,1,4,1
"10543",16,1,3,3,3,3,3,3,1,2,3,4,4,5,1,5,2
"10543",17,2,2,4,3,3,2,4,1,2,2,3,5,4,1,NA,1
"10543",20,2,3,2,2,3,2,3,1,2,4,5,4,5,1,5,2
"10543",21,3,3,3,3,2,2,4,1,2,2,3,4,4,1,NA,1
"10543",22,3,4,2,4,3,2,3,1,2,4,5,4,5,1,5,2
"10543",23,3,3,4,4,2,2,4,1,2,2,4,4,4,1,3,2
"10543",24,3,3,2,2,4,4,2,1,2,4,3,3,3,1,3,2
"10543",25,4,3,3,2,3,2,4,1,2,2,4,4,4,1,NA,1
"10543",27,4,3,2,2,4,2,5,1,2,3,3,4,4,1,4,1
"10543",28,4,3,3,3,3,1,3,1,2,2,3,4,4,1,3,1
"10543",29,5,1,5,5,3,1,5,1,NA,NA,5,4,5,1,NA,1
"10543",30,5,3,3,4,3,2,5,1,2,2,4,5,4,1,4,1
"10543",32,5,3,4,2,4,2,4,1,2,3,3,4,5,1,4,1
"10543",33,6,3,2,2,3,3,4,1,2,3,4,5,5,1,NA,1
"10543",34,6,4,2,2,4,2,4,1,2,4,3,4,4,1,4,1
"10543",35,6,1,5,4,3,1,4,1,2,2,3,4,4,1,3,1
"10543",36,6,2,3,2,2,2,3,1,2,2,2,3,3,2,3,2
"10543",38,7,2,5,2,3,2,3,1,2,3,3,4,5,1,4,1
"10543",40,7,3,2,3,3,2,4,1,3,2,4,4,4,1,4,2
"10543",41,1,3,3,2,3,3,3,1,2,3,3,4,4,1,NA,1
"10543",43,1,2,4,4,2,3,3,1,NA,NA,3,4,4,2,4,1
"10543",44,1,1,3,3,3,2,4,1,2,3,4,4,4,4,4,1
"10543",45,2,3,4,4,3,2,4,1,3,2,3,4,4,1,NA,1
"10543",48,2,4,2,2,3,3,4,1,2,3,3,4,5,1,5,3
"10543",49,3,2,3,2,3,2,3,1,2,2,3,4,4,1,NA,1
"10543",50,3,3,3,3,4,3,3,1,3,2,3,4,3,1,4,2
"10543",51,3,3,3,2,3,2,3,1,2,3,4,4,5,1,5,1
"10545",0,5,3,3,1,2,3,2,1,1,5,3,2,1,1,3,2
"10545",1,5,1,5,2,3,2,3,2,1,3,3,2,2,3,NA,3
"10545",2,5,4,2,2,3,2,2,2,1,3,5,3,2,1,3,4
"10545",3,5,3,2,1,3,1,3,1,1,3,4,3,3,1,3,2
"10545",4,5,1,4,4,2,2,2,3,NA,NA,3,2,1,3,2,5
"10545",5,6,3,3,1,3,1,4,2,NA,NA,3,2,3,3,NA,3
"10545",6,6,2,2,2,3,3,1,2,1,3,1,3,2,2,3,2
"10545",7,6,2,3,2,3,2,3,2,1,2,3,3,3,2,3,3
"10545",8,6,2,3,4,1,1,3,2,NA,NA,2,1,1,3,2,3
"10545",9,7,1,3,3,2,2,3,2,NA,NA,2,3,3,2,NA,2
"10545",10,7,1,3,3,1,2,4,3,NA,NA,1,3,3,3,3,2
"10545",11,7,1,3,3,1,1,3,1,NA,NA,3,3,3,3,3,2
"10545",12,7,1,2,5,1,3,3,3,NA,NA,1,2,2,3,2,3
"10545",13,1,1,3,3,1,3,3,3,NA,NA,2,2,2,4,NA,3
"10545",14,1,2,3,3,1,2,3,2,NA,NA,2,3,3,3,3,2
"10545",15,1,2,3,3,1,4,3,2,1,3,2,1,2,3,2,3
"10545",16,1,2,4,3,1,1,1,1,1,2,1,1,2,2,2,1
"10545",19,2,1,3,3,1,2,3,2,NA,NA,1,2,3,3,2,3
"10545",20,2,1,3,3,1,2,3,2,NA,NA,1,3,3,2,3,2
"10545",21,3,1,2,3,1,2,3,2,NA,NA,1,2,2,3,NA,1
"10545",24,3,1,1,2,1,3,2,1,NA,NA,1,3,2,1,2,3
"10545",25,4,1,5,4,1,2,3,1,NA,NA,1,3,2,3,NA,2
"10545",26,4,1,5,3,1,3,2,2,NA,NA,1,1,1,2,2,3
"10545",27,4,1,2,3,1,2,2,3,NA,NA,1,2,1,1,2,3
"10545",28,4,1,3,3,2,3,2,2,NA,NA,1,2,1,1,2,3
"10545",29,5,1,4,3,1,2,1,3,NA,NA,1,2,2,2,NA,3
"10545",30,5,1,4,3,1,3,3,2,NA,NA,2,2,1,2,2,1
"10545",33,6,1,4,3,1,1,3,2,NA,NA,1,2,2,2,NA,2
"10545",34,6,1,3,3,1,2,4,3,NA,NA,2,2,2,3,2,2
"10545",37,7,1,4,3,1,2,3,2,NA,NA,1,3,2,2,NA,3
"10545",38,7,1,5,3,1,3,3,2,NA,NA,1,2,2,3,3,3
"10545",39,7,2,2,4,2,2,4,1,NA,NA,1,2,2,3,3,2
"10545",40,7,1,4,4,1,2,3,2,NA,NA,3,3,3,2,3,NA
"10545",42,1,1,5,4,1,3,3,3,NA,NA,2,2,3,4,3,3
"10545",43,1,1,2,5,1,2,5,1,NA,NA,1,2,3,1,3,2
"10545",46,2,1,5,1,1,2,1,1,1,3,1,4,1,1,3,2
"424709",1,5,4,3,1,5,1,5,1,4,2,4,5,5,1,5,1
"425978",2,3,5,2,1,5,3,3,1,5,2,5,5,5,1,5,1
"429404",2,5,3,NA,1,4,2,4,1,3,2,3,3,3,1,3,1
"429993",1,5,1,4,3,4,2,3,1,1,2,3,3,3,2,3,1
"431403",2,1,3,3,3,4,3,3,3,4,3,4,2,3,2,3,3
