"SID","freq","hourBlock","day","beepvar","A_rude","E_quiet","C_lazy","N_relaxed","N_depressed","E_outgoing","A_kind","C_reliable","N_worried"
"12",18,2,1,2,2,5,3,3,3,2,5,3,2
"12",18,4,1,4,2,5,2,2,2,3,3,3,2
"12",18,1,2,5,1,4,2,3,2,2,4,4,2
"12",18,4,2,8,1,5,4,3,3,2,3,3,3
"12",18,1,3,9,1,3,4,4,2,4,4,3,2
"12",18,4,3,12,1.29411764705882,5,3,4,2,1,2.76470588235294,3,1
"12",18,1,4,13,1,3,2,4,2,3,4,3,2
"12",18,1,5,17,1.29411764705882,5,5,4,2,2,2.76470588235294,3,2
"12",18,4,5,20,2,3,2,3,2,3,4,3,2
"12",18,1,6,21,2,2,2,4,2,5,4,3,2
"12",18,4,6,24,1.29411764705882,5,4,3,3,1,2.76470588235294,2,2
"12",18,1,7,25,1.29411764705882,5,5,3,4,1,2.76470588235294,2,4
"12",18,4,7,28,1,2,2,4,2,4,4,3,2
"12",18,1,8,29,2,1,2,5,1,5,4,4,2
"12",18,1,10,37,2,2,2,4,2,4,4,4,2
"12",18,4,10,40,2,4,3,4,2,2,3,3,2
"12",18,1,14,53,1,2,2,3,2,4,4,4,3
"12",18,4,16,64,3,4,4,3,4,2,2,2,2
"17",17,1,1,1,3,2,2,3,2,4,5,4,2
"17",17,1,2,5,1,4,3,3,2,2,3,3,3
"17",17,4,2,8,2,5,4,3,2,1,3,3,3
"17",17,1,3,9,1,4,2,4,1,3,3,4,2
"17",17,4,3,12,1,5,3,3,1,1,2,3,3
"17",17,1,4,13,1,4,3,3,1,3,3,3,2
"17",17,1,5,17,1,5,4,5,1,2,3,3,1
"17",17,1,7,25,1,4,1,4,1,3,3,4,1
"17",17,1,8,29,2,2,3,5,2,4,5,5,1
"17",17,4,8,32,1,1,2,4,1,5,3,5,1
"17",17,1,9,33,1,2,2,5,1,5,3,4,1
"17",17,4,9,36,1,5,5,3,3,2,1,1,2
"17",17,1,10,37,1,5,1,3,1,1,1,5,2
"17",17,4,10,40,2,5,3,4,2,3,2,2,2
"17",17,1,11,41,1,4,4,4,1,2,1,3,1
"17",17,1,12,45,1,5,5,4,1,2,1,4,1
"17",17,1,14,53,1,4,2,5,1,3,5,4,1
"36",14,1,1,0,3,2,2,3,2,4,1,5,3
"36",14,4,1,4,1,5,4,1,5,1,2,3,5
"36",14,1,2,5,1,5,2,1,2,2,3,2,4
"36",14,4,2,8,1.29411764705882,5,2,3,2,2,2.76470588235294,3,2
"36",14,1,3,9,1,3,2,2,4,2,3,3,4
"36",14,1,4,13,1,5,3,2,2,2,4,2,3
"36",14,4,4,16,1.29411764705882,5,2,2,2,1,2.76470588235294,3,2
"36",14,1,5,17,1,3,2,2,1,2,2,3,3
"36",14,4,5,20,1.29411764705882,5,1,4,3,2,2.76470588235294,2,1
"36",14,1,6,21,1,2,3,4,1,2,2,3,2
"36",14,4,6,24,1.29411764705882,5,2,2,2,1,2.76470588235294,1,1
"36",14,1,7,25,1.29411764705882,5,3,2,1,2,2.76470588235294,5,1
"36",14,4,7,28,1,3,4,2,1,3,2,4,2
"36",14,1,8,29,1,4,2,1,1,1,3,3,3
"45",17,1,1,0,2,5,2,2,2,3,5,3,4
"45",17,1,1,1,2,2,2,4,1,5,4,4,2
"45",17,4,1,4,1,5,2,3,1,2,3,4,2
"45",17,1,2,5,1,1,1,3,1,5,4,5,2
"45",17,4,2,8,2,4,2,4,2,3,3,3,2
"45",17,4,3,12,2,5,1,3,4,3,4,4,3
"45",17,1,4,13,2,4,2,4,2,2,4,5,2
"45",17,1,5,17,2,4,1,2,2,2,4,4,4
"45",17,4,5,20,2,1,3,5,1,5,3,3,2
"45",17,1,7,25,2,5,1,1,2,3,4,3,5
"45",17,1,8,29,2,2,2,3,1,5,4,3,3
"45",17,4,8,32,2,3,4,5,2,3,4,4,2
"45",17,4,9,36,2,3,2,2,2,5,4,3,3
"45",17,4,10,40,2,3,2,2,2,3,3,5,3
"45",17,1,11,41,2,3,1,2,1,3,4,5,4
"45",17,4,11,44,4,1,1,1,3,4,2,5,5
"45",17,4,12,48,3,3,2,4,1,3,3,4,3
"46",10,1,1,0,2,3,2,4,1,3,4,4,2
"46",10,4,1,4,1,3,1,4,1,4,4,4,2
"46",10,1,2,5,1,2,1,4,1,4,4,4,2
"46",10,4,2,8,1.29411764705882,5,3,4,1,2,2.76470588235294,4,1
"46",10,1,5,17,1,2,2,4,1,4,5,4,2
"46",10,4,5,20,1,2,3,4,1,4,5,4,2
"46",10,1,8,29,1,5,2,3,1,2,4,3,2
"46",10,4,8,32,1,3,2,3,1,4,4,3,1
"46",10,1,11,41,1.29411764705882,4,2,3,1,2,2.76470588235294,4,2
"46",10,1,13,49,1.29411764705882,4,3,4,1,2,2.76470588235294,4,1
"51",27,1,1,1,2,5,1,5,1,1,5,5,2
"51",27,4,1,4,1,5,1,3,3,1,5,4,2
"51",27,1,2,5,1,2,3,5,1,4,5,5,1
"51",27,4,2,8,2,3,3,4,2,3,4,5,2
"51",27,1,3,9,1,4,1,4,1,3,5,5,2
"51",27,4,3,12,1,3,2,3,2,3,5,2,3
"51",27,1,4,13,1,5,1,4,1,1,5,5,3
"51",27,4,4,16,1,2,3,5,1,4,5,5,1
"51",27,1,5,17,1,3,1,4,1,3,4,3,3
"51",27,4,5,20,2,5,5,4,1,1,4,1,2
"51",27,1,6,21,1,4,1,3,1,1,5,3,2
"51",27,4,6,24,1,2,2,5,1,3,5,5,2
"51",27,1,7,25,2,3,3,2,2,3,4,4,3
"51",27,4,7,28,2,4,2,3,3,2,4,3,5
"51",27,1,8,29,1,3,2,3,2,2,4,3,3
"51",27,1,9,33,2,4,2,2,2,2,4,3,3
"51",27,1,10,37,1,2,1,4,1,3,5,4,2
"51",27,4,10,40,1.29411764705882,5,2,4,2,1,2.76470588235294,4,1
"51",27,1,11,41,1,2,1,3,1,4,3,3,3
"51",27,4,11,44,1,4,2,5,1,3,5,5,1
"51",27,1,12,45,1,3,2,5,1,3,5,4,1
"51",27,4,12,48,1,5,3,4,1,1,5,4,2
"51",27,1,13,49,1,4,2,4,1,2,5,4,2
"51",27,4,13,52,1,3,2,4,1,3,5,4,4
"51",27,1,14,53,1,3,1,3,1,4,5,5,2
"51",27,4,14,56,2,4,2,2,4,1,2,2,3
"51",27,1,15,57,2,4,3,3,1,4,3,3,2
"52",10,1,1,1,2,3,2,4,1,4,4,4,2
"52",10,4,1,4,2,3,3,3,2,4,3,3,2
"52",10,4,2,8,2,3,3,4,2,3,3,3,3
"52",10,1,3,9,2,3,3,4,2,4,3,4,3
"52",10,4,3,12,1.29411764705882,2,2,3,2,4,2.76470588235294,4,2
"52",10,1,4,13,2,2,2,2,2,3,4,4,3
"52",10,1,6,21,2,4,3,3,2,2,3,3,3
"52",10,4,6,24,2,3,2,3,2,3,3,4,3
"52",10,4,7,28,2,2,2,4,2,4,3,3,2
"52",10,1,8,29,2,3,2,3,2,2,3,4,3
"54",28,1,1,0,3,2,1,3,1,2,2,3,3
"54",28,1,1,1,1.29411764705882,3,2,5,1,3,2.76470588235294,4,1
"54",28,4,1,4,1,2,2,5,1,5,4,5,1
"54",28,1,2,5,1,2,1,3,1,4,4,5,2
"54",28,4,3,12,1.29411764705882,2,1,3,1,4,2.76470588235294,3,2
"54",28,1,4,13,1,3,1,3,1,4,3,4,1
"54",28,4,4,16,1.29411764705882,3,2,3,1,3,2.76470588235294,4,1
"54",28,1,5,17,1.29411764705882,3,1,5,1,2,2.76470588235294,5,1
"54",28,4,5,20,1,2,1,3,1,4,4,4,1
"54",28,1,6,21,1,3,1,3,1,4,3,4,1
"54",28,4,6,24,1,3,1,1,2,3,3,5,1
"54",28,1,7,25,1,3,1,2,1,4,3,4,1
"54",28,4,7,28,1,2,1,1,1,4,4,5,3
"54",28,4,8,32,1.29411764705882,3,2,5,1,3,2.76470588235294,4,1
"54",28,4,9,36,1,3,1,1,1,2,3,3,3
"54",28,4,10,40,1.29411764705882,4,1,4,1,3,2.76470588235294,5,1
"54",28,1,11,41,1,3,1,5,1,5,4,5,1
"54",28,1,12,45,1,1,1,5,1,5,4,4,1
"54",28,4,12,48,1.29411764705882,3,1,4,1,4,2.76470588235294,5,1
"54",28,1,13,49,1,3,1,4,1,4,4,5,1
"54",28,4,13,52,1,3,1,3,1,3,2,4,1
"54",28,1,14,53,1,4,1,3,2,2,3,4,1
"54",28,4,14,56,1.29411764705882,3,2,5,1,3,2.76470588235294,5,1
"54",28,4,15,60,1,1,1,5,1,5,4,5,1
"54",28,4,16,64,1,1,1,3,1,4,4,5,1
"54",28,1,17,65,1.29411764705882,4,3,5,1,2,2.76470588235294,4,1
"54",28,4,17,68,1.29411764705882,4,1,5,1,3,2.76470588235294,4,1
"54",28,1,18,69,1.29411764705882,3,1,5,1,3,2.76470588235294,5,1
"61",23,1,1,1,4,2,2,4,1,3,2,3,2
"61",23,4,1,4,1,4,2,2,1,2,2,2,3
"61",23,1,2,5,2,4,2,3,1,2,2,2,3
"61",23,4,2,8,1.29411764705882,4,2,2,1,1,2.76470588235294,2,4
"61",23,1,3,9,1,3,2,3,1,3,4,3,2
"61",23,4,3,12,2,2,5,4,1,5,4,3,1
"61",23,1,4,13,1,2,3,4,1,5,3,3,1
"61",23,4,4,16,2,2,3,2,1,4,3,3,2
"61",23,1,5,17,1,2,3,2,2,3,5,3,2
"61",23,4,5,20,2,2,5,4,2,4,3,3,1
"61",23,4,6,24,2,1,1,3,1,4,4,3,1
"61",23,1,7,25,1,3,2,3,1,2,3,3,1
"61",23,4,7,28,2,1,1,3,1,3,3,4,1
"61",23,1,8,29,1,5,3,3,1,1,1,3,2
"61",23,4,8,32,1,2,4,3,2,3,3,3,2
"61",23,1,9,33,1,3,2,2,1,2,3,3,3
"61",23,1,10,37,1,3,2,2,1,3,3,3,2
"61",23,4,10,40,1,4,3,4,2,1,2,2,2
"61",23,1,11,41,1,4,4,2,1,3,4,3,3
"61",23,4,13,52,1.29411764705882,5,5,4,2,1,2.76470588235294,2,2
"61",23,1,14,53,1,3,4,3,1,2,2,3,3
"61",23,4,14,56,2,1,2,3,1,4,4,4,1
"61",23,1,15,57,1,5,1,2,1,1,1,2,3
"70",19,1,1,0,2,3,3,3,2,4,1,NA,2
"70",19,4,1,4,2,3,3,3,2,3,3,5,1
"70",19,1,2,5,1,1,1,4,1,5,4,4,1
"70",19,4,2,8,1,4,4,5,2,3,3,3,2
"70",19,1,3,9,2,5,1,2,3,1,4,4,3
"70",19,1,4,13,1,3,4,5,1,3,4,4,2
"70",19,4,4,16,1,3,5,5,1,4,4,3,1
"70",19,1,5,17,1,1,3,5,1,5,5,5,1
"70",19,4,5,20,1,1,1,5,1,5,5,5,1
"70",19,1,6,21,2,3,3,4,2,3,4,4,1
"70",19,4,6,24,2,4,5,4,2,3,4,4,3
"70",19,1,7,25,1,1,1,3,1,5,4,5,1
"70",19,1,8,29,1,2,1,3,2,5,5,5,3
"70",19,4,8,32,1,4,3,4,4,2,4,3,4
"70",19,1,9,33,1,1,1,3,1,5,4,4,2
"70",19,4,9,36,1,1,1,3,1,4,4,4,2
"70",19,1,10,37,1,1,1,4,1,4,4,4,1
"70",19,4,10,40,1,1,1,4,1,5,4,5,2
"70",19,1,11,41,2,3,1,4,1,3,4,4,1
"74",11,2,1,2,3,4,3,3,2,2,3,3,2
"74",11,1,2,5,1.29411764705882,3,1,1,2,2,2.76470588235294,3,5
"74",11,1,3,9,1,1,1,5,1,5,4,5,2
"74",11,4,3,12,1.29411764705882,5,3,3,3,1,2.76470588235294,5,2
"74",11,1,4,13,1.29411764705882,5,1,4,1,1,2.76470588235294,4,3
"74",11,4,4,16,1.29411764705882,5,2,4,2,1,2.76470588235294,3,2
"74",11,4,8,32,1,5,3,4,1,1,5,5,4
"74",11,1,12,45,2,4,1,4,1,2,3,4,2
"74",11,4,12,48,1,1,1,5,1,5,4,5,1
"74",11,1,13,49,1,4,3,3,1,2,3,3,1
"74",11,4,14,56,1,1,1,3,1,5,4,5,1
"91",29,2,1,2,4,1,1,5,1,4,2,4,2
"91",29,4,1,4,2,1,2,4,1,5,4,4,1
"91",29,1,2,5,1,5,1,3,1,1,2,5,2
"91",29,4,2,8,2,3,3,4,1,4,4,4,1
"91",29,1,3,9,2,2,2,4,1,3,3,4,1
"91",29,4,3,12,2,2,2,4,1,5,4,4,1
"91",29,1,4,13,2,3,2,4,1,3,3,3,2
"91",29,4,4,16,2,2,2,4,1,3,4,4,1
"91",29,1,5,17,2,3,2,4,1,2,4,3,1
"91",29,4,5,20,1.29411764705882,4,1,3,1,2,2.76470588235294,4,2
"91",29,1,6,21,2,5,3,4,1,2,3,4,1
"91",29,4,6,24,1,3,1,4,1,2,2,4,1
"91",29,1,7,25,2,3,2,4,1,4,2.76470588235294,3,1
"91",29,4,7,28,2,5,1,3,1,2,2,5,2
"91",29,1,8,29,2,4,2,3,1,4,2,3,2
"91",29,4,8,32,1.29411764705882,4,1,4,1,1,2.76470588235294,4,2
"91",29,1,9,33,2,4,2,4,1,4,2.76470588235294,4,1
"91",29,4,9,36,2,3,3,4,1,4,3,3,1
"91",29,1,10,37,2,3,2,3,1,3,3,3,2
"91",29,4,10,40,2,2,2,5,1,4,4,4,1
"91",29,1,11,41,2,3,1,4,1,3,3,4,2
"91",29,4,11,44,2,3,3,5,1,4,3,4,1
"91",29,1,12,45,2,3,1,4,1,3,3,4,2
"91",29,4,12,48,3,4,3,4,1,2,2,4,1
"91",29,1,13,49,2,4,2,4,1,3,3,4,1
"91",29,4,13,52,1.29411764705882,4,3,4,1,2,2.76470588235294,4,2
"91",29,1,14,53,2,4,2,4,1,2,2,4,2
"91",29,4,14,56,1.29411764705882,4,2,4,1,3,2.76470588235294,4,1
"91",29,1,15,57,2,4,2,4,1,4,2,4,2
"95",11,2,1,2,3,3,4,2,1,4,4,3,5
"95",11,1,2,5,4,3,4,3,1,2,2,4,2
"95",11,1,3,9,5,1,5,2,1,5,2,1,5
"95",11,1,4,13,4,1,3,2,1,4,2,2,3
"95",11,1,5,17,4,2,5,2,1,2,1,1,5
"95",11,1,8,29,4,2,5,4,1,3,2,1,2
"95",11,1,10,37,5,1,4,3,1,5,2,4,3
"95",11,1,11,41,5,1,5,1,1,3,2,2,3
"95",11,1,12,45,2,2,1,2,1,5,5,5,1
"95",11,1,14,53,5,5,5,3,1,2,2,3,3
"95",11,1,15,57,5,3,5,3,1,3,2,4,5
"97",16,1,1,1,1,4,3,3,1,1,5,3,1
"97",16,4,4,16,1.29411764705882,5,5,3,1,1,2.76470588235294,5,1
"97",16,1,5,17,1,4,1,5,1,3,4,4,1
"97",16,4,5,20,1.29411764705882,5,4,4,1,1,2.76470588235294,3,1
"97",16,1,6,21,3,4,3,3,1,1,3,1,1
"97",16,4,6,24,1.29411764705882,5,3,5,1,1,2.76470588235294,5,1
"97",16,1,7,25,1,5,1,3,1,1,3,5,1
"97",16,1,8,29,1,3,1,5,1,5,5,4,1
"97",16,1,11,41,1.29411764705882,2,3,3,1,1,2.76470588235294,5,1
"97",16,4,11,44,1.29411764705882,5,5,4,1,1,2.76470588235294,4,1
"97",16,1,12,45,1,4,1,2,1,2,4,2,2
"97",16,4,12,48,1,1,1,5,1,5,5,5,1
"97",16,1,13,49,1,3,1,1,1,2,5,5,1
"97",16,4,13,52,1.29411764705882,5,1,5,1,1,2.76470588235294,5,1
"97",16,1,14,53,1,3,1,3,1,3,5,5,1
"97",16,1,15,57,1,3,1,4,1,5,5,5,1
"10107",10,1,1,1,5,2,2,4,1,4,2,5,2
"10107",10,4,5,20,1,3,2,3,2,3,3,3,3
"10107",10,1,6,21,2,NA,2,2,4,3,4,3,4
"10107",10,1,7,25,1,3,4,4,1,3,4,5,2
"10107",10,1,8,29,1,2,2,5,1,5,4,4,1
"10107",10,1,10,37,1,4,3,4,1,2,3,4,1
"10107",10,4,10,40,1,2,1,5,1,4,4,4,1
"10107",10,4,11,44,2,3,2,4,2,3,4,5,2
"10107",10,1,13,49,1,3,2,3,2,4,4,4,2
"10107",10,1,15,57,3,2,2,3,1,4,5,4,1
"10111",22,1,1,1,2,3,2,4,1,3,4,4,2
"10111",22,4,4,16,1,3,4,5,1,2,2,3,1
"10111",22,1,5,17,1,3,1,3,1,2,2,4,1
"10111",22,4,5,20,1,4,2,4,1,2,3,4,2
"10111",22,1,6,21,1,3,2,4,1,2,2,4,1
"10111",22,4,6,24,1,3,2,3,1,2,3,3,4
"10111",22,1,7,25,1,3,2,4,1,3,3,3,2
"10111",22,4,7,28,1,4,2,4,1,4,4,4,2
"10111",22,1,8,29,1,4,3,4,1,2,3,4,1
"10111",22,4,8,32,1,3,4,4,1,3,3,3,2
"10111",22,4,9,36,1,3,3,4,1,2,3,3,2
"10111",22,1,10,37,1,4,2,4,1,2,4,4,3
"10111",22,4,10,40,1,4,3,4,1,3,3,3,2
"10111",22,1,11,41,1,4,2,3,1,3,4,4,2
"10111",22,4,11,44,1,3,2,2,2,2,3,3,4
"10111",22,1,12,45,1,3,2,5,1,2,3,4,2
"10111",22,4,12,48,1,4,4,4,1,2,3,4,2
"10111",22,1,13,49,1,4,3,3,1,2,4,4,2
"10111",22,4,13,52,1,4,2,4,1,2,3,4,3
"10111",22,1,14,53,1,4,2,4,1,3,3,4,2
"10111",22,4,14,56,1,2,3,4,1,4,4,4,3
"10111",22,1,15,57,1,4,3,3,1,2,4,3,4
"10132",15,2,1,2,4,4,2,1,1,3,5,5,3
"10132",15,4,1,4,1.29411764705882,4,4,5,1,2,2.76470588235294,3,1
"10132",15,4,2,8,1,3,5,5,1,4,2,3,2
"10132",15,4,3,12,1,3,1,4,1,3,4,4,3
"10132",15,1,4,13,1,5,1,3,1,1,1,3,1
"10132",15,4,4,16,1,3,3,5,1,1,2,3,2
"10132",15,4,5,20,1,2,1,5,2,3,4,4,4
"10132",15,1,6,21,1,5,2,3,1,1,3,3,3
"10132",15,4,6,24,3,2,1,5,4,3,5,3,5
"10132",15,1,7,25,1,3,2,3,1,3,4,3,5
"10132",15,4,7,28,1.29411764705882,3,3,5,1,1,2.76470588235294,3,3
"10132",15,1,8,29,1,5,2,3,4,1,2,3,5
"10132",15,1,9,33,1,1,1,4,1,4,4,4,2
"10132",15,1,13,49,1,4,3,4,1,2,3,3,4
"10132",15,1,14,53,1,3,1,5,1,4,4,3,3
"10136",17,2,1,2,3,3,1,1,2,3,2,3,3
"10136",17,4,1,4,1.29411764705882,5,3,3,3,1,2.76470588235294,3,3
"10136",17,1,2,5,1,4,3,2,2,2,3,3,2
"10136",17,1,3,9,1,3,2,2,3,3,4,3,2
"10136",17,1,5,17,2,4,3,3,3,1,4,4,2
"10136",17,4,5,20,1.29411764705882,5,3,2,2,2,2.76470588235294,4,2
"10136",17,1,6,21,1.29411764705882,5,3,4,2,2,2.76470588235294,4,2
"10136",17,4,6,24,1.29411764705882,5,3,4,2,2,2.76470588235294,4,2
"10136",17,1,7,25,2,4,3,2,3,2,4,3,2
"10136",17,4,7,28,1.29411764705882,4,2,2,2,2,2.76470588235294,4,3
"10136",17,1,8,29,2,5,2,3,3,2,4,4,2
"10136",17,4,9,36,2,3,3,3,2,3,4,4,2
"10136",17,1,11,41,1,4,3,3,2,2,4,4,2
"10136",17,1,12,45,1,4,4,3,3,2,5,4,2
"10136",17,4,12,48,1,5,3,3,2,3,4,4,2
"10136",17,1,13,49,1,3,3,4,2,3,5,4,1
"10136",17,1,14,53,1,4,3,3,3,3,4,4,2
"10143",11,1,1,1,2,3,5,4,2,3,4,3,3
"10143",11,4,1,4,3,3,3,3,1,4,3,4,2
"10143",11,1,2,5,3,4,3,4,2,2,2,2,2
"10143",11,1,3,9,1.29411764705882,5,5,2,4,2,2.76470588235294,3,4
"10143",11,1,4,13,2,5,2,3,3,2,3,2,3
"10143",11,1,5,17,2,2,4,4,2,4,4,1,3
"10143",11,1,6,21,2,4,4,5,3,2,4,1,3
"10143",11,1,7,25,2,2,2,4,1,4,4,4,1
"10143",11,1,8,29,2,3,4,4,2,4,4,3,3
"10143",11,1,9,33,3,5,4,4,3,2,3,3,3
"10143",11,1,11,41,4,3,2,2,4,2,2,2,4
"10172",13,2,1,2,2,4,3,4,2,1,3,2,1
"10172",13,1,2,5,2,2,3,4,2,3,3,3,2
"10172",13,1,3,9,1,3,2,4,1,3,4,4,1
"10172",13,1,5,17,3,3,2,2,3,2,3,4,3
"10172",13,1,6,21,2,4,3,3,2,3,4,3,2
"10172",13,1,7,25,2,4,2,4,1,2,4,4,1
"10172",13,1,9,33,1,3,4,5,1,3,4,4,2
"10172",13,1,10,37,1,3,3,4,1,4,4,4,1
"10172",13,1,11,41,1.29411764705882,4,5,4,2,1,2.76470588235294,2,2
"10172",13,1,12,45,2,5,3,3,1,2,4,3,2
"10172",13,1,13,49,2,5,2,2,2,2,3,4,3
"10172",13,1,14,53,2,4,4,4,1,3,3,3,2
"10172",13,1,15,57,3,4,3,2,2,3,3,3,3
"10208",13,1,1,1,3,4,1,3,1,1,5,4,3
"10208",13,1,3,9,2,3,3,5,1,3,3,3,1
"10208",13,1,6,21,3,4,1,3,1,2,3,4,3
"10208",13,1,8,29,3,5,1,5,1,1,3,4,1
"10208",13,1,9,33,3,5,1,3,1,2,3,5,1
"10208",13,1,10,37,2,2,1,5,1,5,4,3,2
"10208",13,1,11,41,1.29411764705882,5,4,4,1,3,2.76470588235294,3,2
"10208",13,1,12,45,2,4,1,5,1,4,2,4,1
"10208",13,1,13,49,2,4,1,4,1,2,3,3,2
"10208",13,1,15,57,2,4,2,3,1,2,3,4,1
"10208",13,1,16,61,3,5,3,5,1,1,3,3,2
"10208",13,1,17,65,2,5,1,3,1,2,3,5,1
"10208",13,1,20,77,2,5,1,4,1,2,3,4,2
"10227",25,1,1,1,2,2,2,3,1,1,1,3,2
"10227",25,1,6,21,1,3,2,3,2,2,3,3,3
"10227",25,1,10,37,1.29411764705882,4,2,3,1,1,2.76470588235294,4,3
"10227",25,1,12,45,1.29411764705882,3,2,3,3,1,2.76470588235294,3,2
"10227",25,1,16,61,1.29411764705882,4,3,2,1,1,2.76470588235294,3,3
"10227",25,1,17,65,1.29411764705882,4,3,3,3,1,2.76470588235294,3,3
"10227",25,1,19,73,1.29411764705882,5,4,5,2,1,2.76470588235294,4,4
"10227",25,1,20,77,1.29411764705882,3,2,4,3,1,2.76470588235294,3,3
"10227",25,1,21,81,1.29411764705882,2,3,3,2,3,2.76470588235294,3,3
"10227",25,1,22,85,1.29411764705882,4,3,3,4,1,2.76470588235294,3,3
"10227",25,1,23,89,1.29411764705882,3,3,4,1,4,2.76470588235294,2,4
"10227",25,1,24,93,1.29411764705882,4,3,3,4,1,2.76470588235294,3,3
"10227",25,1,25,97,1.29411764705882,4,3,3,2,1,2.76470588235294,3,1
"10227",25,1,28,109,1.29411764705882,3,3,4,3,1,2.76470588235294,3,3
"10227",25,1,29,113,1.29411764705882,4,4,2,3,1,2.76470588235294,3,3
"10227",25,1,30,117,1.29411764705882,3,3,3,3,1,2.76470588235294,3,4
"10227",25,1,31,121,1.29411764705882,3,2,4,3,1,2.76470588235294,3,3
"10227",25,1,32,125,1.29411764705882,3,2,2,2,1,2.76470588235294,2,2
"10227",25,1,34,133,1.29411764705882,3,4,4,3,1,2.76470588235294,3,3
"10227",25,1,36,141,1.29411764705882,4,3,3,3,1,2.76470588235294,4,3
"10227",25,1,38,149,1.29411764705882,3,2,3,3,1,2.76470588235294,3,2
"10227",25,1,39,153,1.29411764705882,3,3,3,3,1,2.76470588235294,2,3
"10227",25,1,40,157,1.29411764705882,3,3,3,2,1,2.76470588235294,2,2
"10227",25,4,40,160,1.29411764705882,3,2,3,2,1,2.76470588235294,3,2
"10227",25,1,41,161,1.29411764705882,3,2,3,3,1,2.76470588235294,3,3
"10236",24,1,1,1,4,3,2,5,1,3,4,5,1
"10236",24,1,2,5,1,4,1,4,1,2,3,5,2
"10236",24,1,4,13,1,4,2,5,1,1,3,5,2
"10236",24,1,6,21,1.29411764705882,5,2,1,3,1,2.76470588235294,3,5
"10236",24,1,7,25,1.29411764705882,5,3,5,2,1,2.76470588235294,3,1
"10236",24,1,8,29,1,5,1,4,1,1,1,3,1
"10236",24,1,9,33,1.29411764705882,5,1,5,1,1,2.76470588235294,3,1
"10236",24,1,10,37,1.29411764705882,5,1,5,1,1,2.76470588235294,4,1
"10236",24,1,13,49,1.29411764705882,5,1,4,2,1,2.76470588235294,4,1
"10236",24,1,14,53,2,4,1,2,1,2,3,5,2
"10236",24,1,16,61,1,1,1,5,1,4,4,5,1
"10236",24,1,18,69,1.29411764705882,5,4,3,3,1,2.76470588235294,1,3
"10236",24,1,19,73,2,5,1,2,2,1,2,3,3
"10236",24,1,20,77,1.29411764705882,5,3,5,3,1,2.76470588235294,1,1
"10236",24,1,21,81,1,4,1,2,1,1,1,5,3
"10236",24,1,22,85,1,3,2,4,1,3,2,5,1
"10236",24,1,24,93,1,2,1,4,1,3,3,3,1
"10236",24,1,25,97,1,4,1,5,1,3,2,5,1
"10236",24,4,25,100,1,5,1,5,1,1,1,5,1
"10236",24,1,26,101,2,4,1,4,1,2,2,5,1
"10236",24,4,26,104,1,3,1,5,1,3,3,5,1
"10236",24,1,27,105,1,5,2,3,1,2,1,3,3
"10236",24,1,28,109,1,3,2,3,2,2,2,5,1
"10236",24,1,29,113,1,4,1,3,1,1,1,4,1
"10240",10,2,1,2,3,3,2,3,1,3,3,5,2
"10240",10,1,2,5,1,3,5,4,1,2,2,3,2
"10240",10,1,4,13,1.29411764705882,5,2,3,1,1,2.76470588235294,3,2
"10240",10,1,8,29,1,1,4,3,1,2,5,5,1
"10240",10,1,10,37,1,1,2,2,2,3,4,3,4
"10240",10,1,13,49,1,2,2,4,2,2,4,4,2
"10240",10,1,14,53,1,3,4,3,1,3,4,3,3
"10240",10,1,18,69,1,5,4,3,2,1,3,2,2
"10240",10,4,19,76,1,3,1,2,1,3,5,4,3
"10240",10,1,22,85,3,2,5,4,1,2,5,5,1
"10268",28,1,1,1,2,4,4,3,2,3,5,3,3
"10268",28,1,2,5,1,2,1,3,1,5,5,5,1
"10268",28,1,4,13,1,3,1,3,2,2,2,4,2
"10268",28,1,5,17,1,5,1,4,1,2,1,5,1
"10268",28,4,5,20,1.29411764705882,3,2,3,1,1,2.76470588235294,1,1
"10268",28,1,7,25,1,3,1,3,1,2,1,5,2
"10268",28,4,8,32,1,1,2,5,1,5,1,5,1
"10268",28,1,9,33,1,2,5,4,1,2,1,2,1
"10268",28,1,11,41,1,3,5,4,1,2,1,4,1
"10268",28,1,12,45,1,3,1,5,1,2,2,5,1
"10268",28,1,13,49,1.29411764705882,5,2,3,1,1,2.76470588235294,3,1
"10268",28,4,13,52,1,2,4,4,1,4,1,3,1
"10268",28,1,14,53,1,2,1,4,1,4,3,4,1
"10268",28,4,14,56,1.29411764705882,5,3,3,3,1,2.76470588235294,4,3
"10268",28,4,15,60,1,2,2,2,1,4,3,3,1
"10268",28,1,16,61,1.29411764705882,5,1,3,1,1,2.76470588235294,2,1
"10268",28,1,18,69,1.29411764705882,5,1,5,1,1,2.76470588235294,5,1
"10268",28,4,18,72,1,5,1,2,1,2,1,5,2
"10268",28,1,19,73,1,4,2,3,1,2,1,5,1
"10268",28,4,19,76,1.29411764705882,5,1,2,3,1,2.76470588235294,5,5
"10268",28,1,20,77,1.29411764705882,5,1,1,3,1,2.76470588235294,5,5
"10268",28,4,20,80,1.29411764705882,4,1,1,1,1,2.76470588235294,5,5
"10268",28,1,26,101,3,4,3,2,2,2,3,3,2
"10268",28,4,26,104,1,1,5,5,1,3,3,2,1
"10268",28,1,27,105,1,4,1,2,1,1,1,5,2
"10268",28,3,27,107,1,2,1,2,1,3,1,5,2
"10268",28,1,29,113,1,4,3,4,1,2,1,3,1
"10268",28,1,30,117,1,2,2,4,1,2,3,4,1
"10270",52,2,1,2,4,2,2,3,1,4,2,4,2
"10270",52,1,2,5,1,4,5,3,2,3,3,3,1
"10270",52,1,3,9,1,5,1,4,1,3,4,5,1
"10270",52,1,6,21,1,3,2,2,1,4,4,4,3
"10270",52,4,6,24,1,5,1,2,1,2,3,5,3
"10270",52,1,8,29,1,5,3,4,1,2,4,4,1
"10270",52,4,8,32,1,2,5,4,1,4,5,4,2
"10270",52,1,9,33,1,2,3,5,1,5,4,4,1
"10270",52,4,9,36,1,3,5,5,1,5,4,5,1
"10270",52,1,10,37,1,5,3,4,1,1,2,2,1
"10270",52,4,10,40,1,4,5,5,1,3,3,4,1
"10270",52,1,11,41,1,3,4,4,4,2,3,2,3
"10270",52,4,11,44,1,3,4,4,2,3,4,4,1
"10270",52,4,12,48,1,3,5,5,1,3,3,3,1
"10270",52,1,13,49,1,4,2,4,1,2,3,4,2
"10270",52,4,13,52,1,4,1,2,2,3,5,4,2
"10270",52,1,14,53,1,3,3,5,1,4,4,4,2
"10270",52,4,14,56,1,5,2,3,1,2,3,4,2
"10270",52,1,15,57,1,4,3,2,1,2,3,4,3
"10270",52,4,16,64,1,2,1,1,1,4,2,5,1
"10270",52,4,17,68,2,3,2,5,1,4,4,5,1
"10270",52,4,18,72,2,2,3,4,1,4,3,5,1
"10270",52,1,19,73,1,2,2,4,1,3,5,5,1
"10270",52,4,19,76,1,1,5,5,1,5,4,4,1
"10270",52,1,20,77,1,5,2,3,1,2,2,4,1
"10270",52,4,21,84,2,4,3,5,1,2,2,4,1
"10270",52,1,22,85,1,4,2,4,1,2,3,5,1
"10270",52,1,23,89,1,3,3,4,1,3,3,3,1
"10270",52,4,23,92,1,4,3,4,3,2,2,3,1
"10270",52,1,24,93,1,4,2,4,1,2,1,5,1
"10270",52,4,24,96,1,2,4,5,1,5,4,4,1
"10270",52,1,25,97,1.29411764705882,3,5,5,1,1,2.76470588235294,2,1
"10270",52,1,26,101,1,3,5,5,1,4,3,1,1
"10270",52,3,26,103,1,2,3,5,1,3,3,4,1
"10270",52,1,27,105,1,4,1,5,1,2,1,5,1
"10270",52,2,28,110,2,2,2,4,1,4,4,5,1
"10270",52,1,29,113,1,4,1,5,1,2,2,5,1
"10270",52,2,29,114,1,5,2,5,1,1,1,4,1
"10270",52,3,29,115,1,4,1,4,1,2,2,4,2
"10270",52,2,30,118,1,2,1,3,1,3,3,5,3
"10270",52,1,31,121,1.29411764705882,4,5,5,1,1,2.76470588235294,1,2
"10270",52,2,31,122,1,4,5,5,1,2,2,2,1
"10270",52,4,32,128,1,2,3,5,1,5,3,5,1
"10270",52,2,33,130,1,1,4,5,1,5,4,5,1
"10270",52,1,34,133,2,2,5,5,1,4,3,4,1
"10270",52,3,34,135,1,3,3,5,1,3,3,5,1
"10270",52,1,35,137,1,2,5,5,1,5,4,2,1
"10270",52,3,35,139,1,3,3,5,1,5,3,5,1
"10270",52,2,37,146,1,3,5,5,1,3,2,3,1
"10270",52,1,38,149,1,4,5,5,1,2,1,2,1
"10270",52,3,38,151,1.29411764705882,5,3,4,1,1,2.76470588235294,3,1
"10270",52,1,41,161,1,4,2,4,1,2,2,4,1
"10274",32,1,1,1,4,5,1,3,1,1,4,5,3
"10274",32,1,5,17,1,5,1,5,1,2,4,5,2
"10274",32,1,6,21,2,2,3,3,1,4,4,3,3
"10274",32,1,7,25,1.29411764705882,5,1,3,1,1,2.76470588235294,4,3
"10274",32,1,8,29,1,3,1,4,1,3,5,5,3
"10274",32,1,9,33,1.29411764705882,4,1,4,1,2,2.76470588235294,5,2
"10274",32,1,10,37,1.29411764705882,5,3,4,1,1,2.76470588235294,3,3
"10274",32,1,11,41,2,3,1,4,1,3,4,5,2
"10274",32,1,12,45,1,3,1,4,1,5,4,5,2
"10274",32,1,13,49,1,2,2,4,1,5,4,4,1
"10274",32,1,14,53,1.29411764705882,5,1,3,1,1,2.76470588235294,5,3
"10274",32,1,15,57,1,3,1,4,1,3,4,5,2
"10274",32,1,16,61,1.29411764705882,5,2,4,1,1,2.76470588235294,3,2
"10274",32,1,18,69,1.29411764705882,5,3,4,1,1,2.76470588235294,4,2
"10274",32,1,21,81,1.29411764705882,5,4,5,1,1,2.76470588235294,3,2
"10274",32,1,22,85,1,4,1,4,1,1,4,5,2
"10274",32,1,23,89,1.29411764705882,5,1,5,1,1,2.76470588235294,5,1
"10274",32,1,24,93,1,2,3,4,1,4,4,4,1
"10274",32,1,25,97,2,3,1,2,2,3,4,5,3
"10274",32,1,26,101,1,1,1,4,1,4,5,5,2
"10274",32,1,27,105,1,4,1,4,1,2,3,4,2
"10274",32,1,28,109,1.29411764705882,5,1,3,1,1,2.76470588235294,5,1
"10274",32,1,29,113,1,4,2,4,1,2,4,5,1
"10274",32,1,30,117,1.29411764705882,5,1,3,1,1,2.76470588235294,5,2
"10274",32,1,32,125,1,2,1,3,1,4,4,5,2
"10274",32,1,33,129,1.29411764705882,4,3,4,1,1,2.76470588235294,3,1
"10274",32,1,34,133,2,5,2,4,1,3,3,4,2
"10274",32,1,35,137,1.29411764705882,5,1,4,1,1,2.76470588235294,5,2
"10274",32,4,35,140,2,3,1,3,1,3,4,4,1
"10274",32,1,36,141,1,4,1,4,1,3,4,5,2
"10274",32,4,36,144,1,3,1,4,1,3,4,5,2
"10274",32,4,37,148,1,2,3,5,1,3,4,4,1
"10281",16,2,1,2,1,5,4,4,2,1,3,3,1
"10281",16,1,7,25,1,5,1,2,1,2,2,3,1
"10281",16,1,10,37,1.29411764705882,2,3,2,2,4,2,2,2
"10281",16,1,39,153,1.29411764705882,5,3,4,1,2,2.76470588235294,2,2
"10281",16,4,46,184,2,5,2,2,1,2,2,3,3
"10281",16,1,48,189,1.29411764705882,5,4,5,1,1,2.76470588235294,2,1
"10281",16,1,50,197,2,3,2,2,1,3,2,4,2
"10281",16,3,53,211,2,5,2,3,2,2,2,3,2
"10281",16,4,53,212,2,5,2,2,2,2,2,3,3
"10281",16,2,60,238,2,2,2,3,1,3,2,3,2
"10281",16,3,60,239,2,5,2,2,2,2,2,3,2
"10281",16,4,60,240,2,5,2,2,1,2,2,2,2
"10281",16,2,67,266,2,4,2,3,2,2,2,3,2
"10281",16,2,69,274,2,2,2,2,2,4,2,3,2
"10281",16,4,69,276,2,5,2,2,2,2,2,3,2
"10281",16,2,78,310,2,5,2,2,2,2,2,3,3
"10288",28,1,1,1,2,4,3,3,1,2,4,4,3
"10288",28,1,3,9,1.29411764705882,5,3,5,2,1,2.76470588235294,4,2
"10288",28,1,4,13,1,3,2,5,1,3,5,4,1
"10288",28,1,5,17,2,4,2,3,3,2,4,3,3
"10288",28,1,6,21,2,5,1,1,3,1,3,3,3
"10288",28,1,7,25,1,2,4,5,1,5,5,4,1
"10288",28,1,8,29,3,4,2,4,3,2,3,4,3
"10288",28,1,9,33,2,2,1,4,1,4,4,4,1
"10288",28,1,10,37,1,3,1,5,1,3,5,3,1
"10288",28,1,11,41,1,3,4,4,2,3,5,3,1
"10288",28,1,12,45,1,5,3,3,2,1,5,4,2
"10288",28,1,13,49,3,5,2,3,3,1,3,3,3
"10288",28,1,14,53,1,3,1,4,1,3,5,4,1
"10288",28,1,15,57,1,3,3,4,1,4,5,3,2
"10288",28,1,16,61,1,2,4,5,1,4,5,3,1
"10288",28,1,17,65,3,3,1,3,4,3,3,4,3
"10288",28,1,18,69,1.29411764705882,5,1,3,3,1,2.76470588235294,5,4
"10288",28,1,19,73,1,4,2,2,2,2,5,5,3
"10288",28,1,20,77,1,2,1,5,1,4,5,5,1
"10288",28,1,21,81,1,3,3,5,1,5,5,3,1
"10288",28,1,22,85,1,4,1,4,2,1,5,4,1
"10288",28,1,23,89,1,2,1,4,1,4,5,4,1
"10288",28,1,24,93,1,2,1,5,1,5,5,4,1
"10288",28,1,25,97,1,3,1,5,1,3,5,3,1
"10288",28,1,26,101,1,4,1,4,1,2,5,5,2
"10288",28,1,27,105,1,5,5,5,2,2,4,1,1
"10288",28,1,28,109,1,2,4,5,1,5,5,4,1
"10288",28,1,29,113,1,3,3,5,1,3,5,3,1
"10289",16,1,1,1,4,3,1,2,1,3,3,5,3
"10289",16,1,2,5,1,2,2,2,1,3,3,5,2
"10289",16,1,3,9,1,4,1,4,2,2,3,5,2
"10289",16,1,4,13,1,2,1,4,1,4,3,5,2
"10289",16,1,5,17,2,4,1,4,2,2,3,4,3
"10289",16,1,6,21,2,2,2,3,2,3,3,5,3
"10289",16,1,7,25,3,4,2,3,2,3,2,4,3
"10289",16,1,8,29,3,4,1,2,3,2,2,5,3
"10289",16,1,9,33,1,1,2,4,1,2,4,4,2
"10289",16,1,10,37,1,5,1,4,1,2,3,5,1
"10289",16,1,11,41,1,2,1,4,1,3,3,5,1
"10289",16,1,12,45,1,5,2,2,1,3,3,5,4
"10289",16,1,13,49,3,5,2,2,5,1,2,5,4
"10289",16,1,14,53,1,5,1,2,2,3,4,5,3
"10289",16,1,15,57,1,2,2,4,1,4,4,5,3
"10289",16,1,17,65,1,4,2,4,1,3,4,4,2
"10292",11,1,1,1,2,4,3,3,3,3,4,3,2
"10292",11,1,4,13,2,4,1,3,1,3,2,4,2
"10292",11,2,6,22,1,2,2,4,1,5,4,4,2
"10292",11,2,10,38,1.29411764705882,3,3,4,2,2,2.76470588235294,3,2
"10292",11,3,11,43,2,3,3,3,1,3,3,5,2
"10292",11,1,12,45,1,3,5,5,1,3,4,4,2
"10292",11,4,19,76,3,3,1,2,3,2,2,2,3
"10292",11,1,20,77,1,4,1,2,2,3,4,4,2
"10292",11,2,21,82,2,3,2,2,2,3,2,3,3
"10292",11,4,21,84,2,3,3,4,2,2,2,4,3
"10292",11,2,23,90,1,4,2,2,2,3,4,4,3
"10293",16,1,1,0,2,2,2,4,1,4,1,5,1
"10293",16,1,1,1,1.29411764705882,5,1,5,1,1,2.76470588235294,5,1
"10293",16,1,2,5,1,1,3,5,1,5,4,5,1
"10293",16,1,3,9,1,2,1,3,1,4,3,5,1
"10293",16,1,4,13,1,1,1,5,1,5,4,5,1
"10293",16,4,4,16,1,2,1,4,1,5,4,5,1
"10293",16,1,5,17,1,5,1,3,1,1,3,5,2
"10293",16,1,6,21,1,3,1,5,1,3,3,5,1
"10293",16,4,6,24,1,2,1,5,1,4,4,5,1
"10293",16,4,7,28,1.29411764705882,3,1,5,1,2,2.76470588235294,5,1
"10293",16,1,8,29,1,3,1,5,1,1,4,5,1
"10293",16,4,8,32,1,1,1,5,1,5,4,4,1
"10293",16,4,9,36,1,2,1,5,1,5,4,5,1
"10293",16,1,10,37,1,1,1,5,1,5,3,5,1
"10293",16,4,10,40,1.29411764705882,3,1,5,1,1,2.76470588235294,5,1
"10293",16,4,11,44,1,3,1,4,1,4,4,5,3
"10308",32,1,1,1,3,1,1,3,2,4,2,5,5
"10308",32,1,2,5,1,1,1,4,1,5,5,4,3
"10308",32,1,3,9,2,3,1,4,1,5,4,5,5
"10308",32,1,4,13,1,4,1,3,2,3,4,4,4
"10308",32,1,5,17,1,3,1,4,1,5,5,5,4
"10308",32,1,6,21,1,3,1,3,1,3,4,3,5
"10308",32,1,7,25,1,3,1,4,1,5,5,4,4
"10308",32,1,8,29,1.29411764705882,4,1,4,1,3,2.76470588235294,5,3
"10308",32,1,9,33,1,3,1,3,3,3,4,4,5
"10308",32,1,10,37,1,4,1,3,1,4,5,3,5
"10308",32,1,11,41,2,2,1,4,1,5,5,5,3
"10308",32,1,13,49,1,4,1,4,1,3,5,5,2
"10308",32,1,14,53,1,5,1,1,4,1,4,4,4
"10308",32,1,15,57,1,1,1,4,1,5,5,5,1
"10308",32,1,16,61,1,1,1,5,1,4,4,4,3
"10308",32,1,17,65,1,1,2,4,1,5,5,5,4
"10308",32,1,18,69,1,2,1,4,1,4,5,5,3
"10308",32,1,20,77,1,2,1,4,1,4,5,5,1
"10308",32,1,21,81,1,2,1,5,1,5,5,5,1
"10308",32,1,22,85,1,2,1,5,2,4,5,5,1
"10308",32,1,23,89,1.29411764705882,5,1,5,1,1,2.76470588235294,5,1
"10308",32,1,24,93,1,2,1,5,1,4,4,5,1
"10308",32,1,25,97,1,2,1,5,1,4,5,5,1
"10308",32,1,26,101,1,2,1,5,1,4,5,5,3
"10308",32,1,27,105,1,3,1,3,1,4,5,5,5
"10308",32,1,28,109,1,4,1,3,1,4,5,5,3
"10308",32,1,29,113,1,2,1,5,1,5,4,5,2
"10308",32,1,30,117,1,3,1,5,1,2,5,5,2
"10308",32,1,31,121,1,1,1,4,1,5,5,5,1
"10308",32,1,32,125,1,3,1,5,1,4,5,5,1
"10308",32,4,32,128,1.29411764705882,5,1,4,1,1,2.76470588235294,5,3
"10308",32,1,33,129,1,4,1,4,1,4,5,5,3
"10311",10,2,1,2,3,3,2,3,2,2,2,4,2
"10311",10,1,2,5,2,4,2,3,1,3,4,4,3
"10311",10,1,3,9,1,3,2,3,2,3,4,3,2
"10311",10,1,4,13,2,3,2,4,2,2,4,4,3
"10311",10,1,5,17,2,2,2,3,2,3,4,3,2
"10311",10,1,6,21,1,2,1,4,2,3,3,2,1
"10311",10,1,8,29,1,3,2,4,3,3,4,3,2
"10311",10,1,9,33,1,2,3,3,3,3,4,4,2
"10311",10,1,11,41,1.29411764705882,3,2,3,2,2,2.76470588235294,3,2
"10311",10,1,12,45,2,2,2,3,3,3,4,2,3
"10336",30,1,1,1,3,4,3,2,1,1,1,3,1
"10336",30,1,2,5,2,4,4,2,4,2,4,1,3
"10336",30,1,3,9,1,3,5,5,1,4,5,3,3
"10336",30,1,4,13,1.29411764705882,3,3,3,1,1,2.76470588235294,3,1
"10336",30,1,5,17,1,2,1,3,1,4,3,5,3
"10336",30,1,8,29,2,3,3,3,1,3,3,3,1
"10336",30,1,18,69,1,3,3,3,3,3,4,3,4
"10336",30,1,23,89,3,3,1,2,3,2,3,2,3
"10336",30,1,29,113,1,4,2,2,3,2,1,3,5
"10336",30,4,29,116,1,3,3,3,2,5,5,3,3
"10336",30,4,30,120,1,5,1,1,1,1,1,1,5
"10336",30,1,32,125,3,5,1,2,3,1,3,3,5
"10336",30,1,35,137,1,4,3,2,3,3,3,3,2
"10336",30,1,36,141,3,1,3,4,1,5,5,5,2
"10336",30,1,37,145,1,4,2,4,1,3,3,3,2
"10336",30,1,38,149,1,5,3,3,2,1,3,3,2
"10336",30,1,39,153,1,2,3,5,1,3,5,3,2
"10336",30,2,51,202,1,5,3,3,4,2,3,2,4
"10336",30,2,56,222,1,2,5,3,1,3,5,3,1
"10336",30,2,57,226,1,3,3,3,3,2,3,3,1
"10336",30,1,58,229,1,3,3,2,3,2,3,3,3
"10336",30,4,60,240,1,3,3,5,2,4,5,4,3
"10336",30,2,62,246,1,5,3,3,3,2,5,3,3
"10336",30,1,66,261,1,4,5,2,1,2,3,3,2
"10336",30,2,67,266,1,2,2,4,1,4,4,4,1
"10336",30,4,70,280,1,1,5,5,1,5,5,3,1
"10336",30,4,72,288,3,5,1,1,2,1,3,3,5
"10336",30,2,74,294,1.29411764705882,4,4,2,4,1,2.76470588235294,2,4
"10336",30,1,83,329,1,4,3,3,2,2,3,3,2
"10336",30,4,88,352,1,5,3,3,5,2,5,4,2
"10349",22,1,1,1,3,4,2,3,3,3,5,5,2
"10349",22,4,1,4,1,4,3,4,2,3,5,5,3
"10349",22,1,2,5,1,5,2,1,1,1,3,4,2
"10349",22,4,2,8,1.29411764705882,5,2,3,1,1,2.76470588235294,5,3
"10349",22,1,3,9,1,3,4,3,1,3,3,3,2
"10349",22,4,3,12,1,1,2,5,1,5,5,5,1
"10349",22,4,4,16,1,2,2,4,1,5,2.76470588235294,5,1
"10349",22,1,7,25,1,2,3,2,1,3,2,4,3
"10349",22,4,7,28,1,5,1,1,2,1,1,5,5
"10349",22,1,10,37,1,3,3,3,1,3,3,5,3
"10349",22,4,10,40,1.29411764705882,5,3,5,1,1,2.76470588235294,3,2
"10349",22,1,11,41,1,2,3,4,1,4,3,3,2
"10349",22,1,13,49,1,1,1,3,1,5,5,5,2
"10349",22,4,17,68,1.29411764705882,5,3,4,2,1,2.76470588235294,3,2
"10349",22,1,21,81,1,3,3,2,2,2,2,3,4
"10349",22,3,22,87,1,4,2,3,2,2,3,2,3
"10349",22,2,23,90,1,5,3,3,2,1,1,4,4
"10349",22,3,24,95,1.29411764705882,5,5,5,2,1,2.76470588235294,2,2
"10349",22,4,24,96,1,2,4,4,1,3,3,3,2
"10349",22,1,25,97,1,5,1,3,1,1,1,4,3
"10349",22,1,30,117,1,2,3,3,2,3,3,3,2
"10349",22,3,36,143,2,5,2,3,1,1,2,3,3
"10365",24,1,1,0,4,3,1,2,2,3,1,5,5
"10365",24,1,1,1,1,5,1,3,1,3,3,5,3
"10365",24,1,2,5,1.29411764705882,5,3,5,4,1,2.76470588235294,2,3
"10365",24,1,3,9,1.29411764705882,5,1,3,1,1,2.76470588235294,5,3
"10365",24,1,4,13,1.29411764705882,5,1,5,1,1,2.76470588235294,5,2
"10365",24,1,5,17,1,3,2,5,1,3,4,3,1
"10365",24,1,6,21,1,5,1,3,2,1,5,5,3
"10365",24,4,6,24,1,2,2,1,3,4,4,5,5
"10365",24,1,7,25,1,4,1,3,2,3,4,5,2
"10365",24,4,7,28,1,5,4,3,2,1,3,5,1
"10365",24,1,8,29,1.29411764705882,5,3,5,1,1,2.76470588235294,3,1
"10365",24,4,8,32,1,3,3,3,1,3,4,5,1
"10365",24,1,9,33,1,5,1,1,1,2,5,5,4
"10365",24,4,9,36,1.29411764705882,5,3,5,1,1,2.76470588235294,5,1
"10365",24,1,10,37,1.29411764705882,5,5,5,1,1,2.76470588235294,2,3
"10365",24,4,10,40,1.29411764705882,5,3,3,1,1,2.76470588235294,3,1
"10365",24,1,12,45,1,2,1,1,1,5,5,5,2
"10365",24,1,13,49,1,3,1,3,1,3,5,5,3
"10365",24,1,15,57,1.29411764705882,5,3,3,4,1,2.76470588235294,3,1
"10365",24,1,16,61,1,4,1,1,2,3,4,5,5
"10365",24,1,17,65,1.29411764705882,5,1,3,2,1,2.76470588235294,4,3
"10365",24,1,18,69,1,2,1,3,1,4,5,5,1
"10365",24,1,21,81,1,5,2,3,2,2,3,3,3
"10365",24,1,30,117,1,5,1,3,2,2,4,5,3
"10366",45,1,1,1,3,4,1,3,2,2,4,5,1
"10366",45,1,2,5,1,2,3,4,1,5,5,5,2
"10366",45,1,3,9,1,2,4,4,1,4,4,5,3
"10366",45,1,4,13,1,2,4,5,1,5,4,5,3
"10366",45,1,5,17,1,2,2,4,1,4,5,5,1
"10366",45,1,6,21,1,3,2,3,1,3,5,5,2
"10366",45,1,7,25,1,4,2,4,1,2,4,5,1
"10366",45,1,8,29,1,3,2,4,1,4,4,5,2
"10366",45,1,9,33,1,4,1,5,1,2,5,5,2
"10366",45,1,10,37,1,4,1,3,1,2,4,5,1
"10366",45,1,11,41,1,3,2,5,1,3,5,5,1
"10366",45,1,12,45,1,3,2,4,1,5,5,5,1
"10366",45,1,13,49,1,4,2,5,1,3,4,5,2
"10366",45,1,14,53,1.29411764705882,4,3,4,1,1,2.76470588235294,4,4
"10366",45,1,15,57,1,3,1,4,1,4,5,5,3
"10366",45,1,17,65,1,5,1,4,1,1,5,5,3
"10366",45,1,18,69,1,5,1,5,1,2,5,5,2
"10366",45,1,19,73,1,4,1,5,1,2,5,5,2
"10366",45,4,19,76,1,3,2,4,1,3,5,5,2
"10366",45,4,21,84,1,4,5,5,2,1,4,4,2
"10366",45,1,22,85,1,4,2,4,1,3,5,5,2
"10366",45,4,22,88,1,2,4,5,1,5,5,5,2
"10366",45,1,24,93,1,5,3,5,1,2,5,5,3
"10366",45,1,25,97,1,4,1,4,1,4,5,5,3
"10366",45,1,26,101,2,3,2,3,1,2,4,5,3
"10366",45,1,27,105,1,3,2,5,1,4,5,4,1
"10366",45,4,27,108,1.29411764705882,5,2,4,1,2,2.76470588235294,4,1
"10366",45,1,28,109,1,5,2,4,1,2,4,4,1
"10366",45,1,29,113,1,5,2,4,1,2,5,5,2
"10366",45,1,30,117,1,5,2,4,1,2,5,5,2
"10366",45,1,32,125,1,4,1,4,1,4,5,5,2
"10366",45,1,33,129,1,4,3,4,1,2,4,5,1
"10366",45,1,34,133,1,3,2,4,1,2,4,5,2
"10366",45,4,34,136,1.29411764705882,4,1,5,1,1,2.76470588235294,5,2
"10366",45,1,35,137,1,3,1,5,1,5,5,5,1
"10366",45,4,35,140,1,2,4,5,1,4,5,5,1
"10366",45,1,36,141,1,4,2,4,1,3,5,5,1
"10366",45,1,37,145,1,1,3,5,1,5,5,5,1
"10366",45,1,38,149,1,2,4,5,1,5,5,5,2
"10366",45,1,41,161,1,2,1,2,2,3,5,5,4
"10366",45,4,41,164,1.29411764705882,5,1,2,1,1,2.76470588235294,5,4
"10366",45,1,42,165,1,2,1,5,1,4,5,5,2
"10366",45,2,42,166,1,5,1,2,1,1,5,5,4
"10366",45,3,42,167,1,3,1,2,2,3,4,5,4
"10366",45,4,42,168,1.29411764705882,4,4,4,1,1,2.76470588235294,4,4
"10367",12,2,1,2,2,3,3,3,1,2,2,3,1
"10367",12,1,2,5,3,5,5,3,3,2,3,2,3
"10367",12,4,3,12,1.29411764705882,5,3,3,2,1,2.76470588235294,4,3
"10367",12,1,14,53,1,5,1,2,4,3,3,3,5
"10367",12,1,15,57,2,3,2,3,1,2,3,3,3
"10367",12,4,16,64,1.29411764705882,5,3,3,1,1,2.76470588235294,2,3
"10367",12,1,20,77,1,5,1,3,1,1,4,4,2
"10367",12,3,24,95,1.29411764705882,5,4,3,1,1,2.76470588235294,4,2
"10367",12,3,26,103,1,3,3,3,2,4,4,4,3
"10367",12,1,27,105,1.29411764705882,5,3,5,1,1,2.76470588235294,3,2
"10367",12,2,29,114,1.29411764705882,5,3,4,1,1,2.76470588235294,4,1
"10367",12,3,29,115,1,3,1,3,1,3,4,5,1
"10372",95,2,1,2,5,2,3,4,1,5,2,4,3
"10372",95,2,1,2,2,4,3,4,2,2,3,5,1
"10372",95,3,1,3,1,5,4,2,2,1,3,2,3
"10372",95,4,1,4,2,4,3,4,2,4,3,3,2
"10372",95,1,2,5,2,4,3,2,2,3,4,4,5
"10372",95,2,2,6,1,4,1,4,1,5,5,5,2
"10372",95,3,2,7,2,2,4,3,2,5,4,5,3
"10372",95,4,2,8,2,1,4,4,2,5,4,3,3
"10372",95,1,3,9,1,5,2,3,5,2,4,2,5
"10372",95,2,3,10,4,3,5,5,2,5,4,4,2
"10372",95,3,3,11,2,3,5,3,2,3,3,4,4
"10372",95,4,3,12,2,5,3,3,3,2,5,3,3
"10372",95,1,4,13,2,2,2,4,2,3,4,3,4
"10372",95,2,4,14,2,2,3,4,2,5,4,4,2
"10372",95,3,4,15,1.29411764705882,5,5,3,3,1,2.76470588235294,3,3
"10372",95,1,5,17,2,4,5,3,4,2,2,2,4
"10372",95,2,5,18,2,5,4,2,5,1,4,2,5
"10372",95,3,5,19,1.29411764705882,5,5,4,5,1,2.76470588235294,1,4
"10372",95,4,5,20,1.29411764705882,5,5,3,5,1,2.76470588235294,1,4
"10372",95,1,6,21,1.29411764705882,5,3,4,3,1,2.76470588235294,3,3
"10372",95,2,6,22,1,5,4,4,2,1,4,3,3
"10372",95,3,6,23,1,5,1,3,2,2,4,5,2
"10372",95,4,6,24,3,4,5,3,3,2,2,3,3
"10372",95,1,7,25,1,3,2,3,2,3,3,2,2
"10372",95,2,7,26,1.29411764705882,5,5,4,2,1,2.76470588235294,1,2
"10372",95,3,7,27,1,5,5,3,4,1,3,2,3
"10372",95,4,7,28,1,4,5,4,3,2,5,3,3
"10372",95,1,8,29,1.29411764705882,5,5,2,5,1,2.76470588235294,1,5
"10372",95,2,8,30,1,5,5,3,5,1,4,3,5
"10372",95,3,8,31,1.29411764705882,5,2,3,4,1,2.76470588235294,3,3
"10372",95,4,8,32,1,5,5,4,4,1,4,1,5
"10372",95,1,9,33,1.29411764705882,5,4,2,5,1,2.76470588235294,3,5
"10372",95,2,9,34,1,3,5,4,2,5,5,4,3
"10372",95,3,9,35,1,5,5,4,3,3,4,2,4
"10372",95,4,9,36,1.29411764705882,5,4,4,2,1,2.76470588235294,1,3
"10372",95,1,10,37,1,5,5,2,5,1,4,1,4
"10372",95,2,10,38,1,3,2,4,3,3,4,2,4
"10372",95,3,10,39,1,5,5,4,2,2,5,4,4
"10372",95,4,10,40,1.29411764705882,5,1,5,2,1,2.76470588235294,4,2
"10372",95,1,11,41,1,5,1,2,2,1,5,4,5
"10372",95,2,11,42,3,5,3,2,4,1,3,5,5
"10372",95,3,11,43,1,5,1,1,2,2,5,5,5
"10372",95,4,11,44,1,2,5,5,2,3,4,4,3
"10372",95,1,12,45,2,5,5,4,2,1,4,3,3
"10372",95,2,12,46,1,2,5,4,2,3,3,2,2
"10372",95,3,12,47,2,2,4,4,2,3,4,3,3
"10372",95,4,12,48,1.29411764705882,5,2,3,2,1,2.76470588235294,3,3
"10372",95,3,13,51,1,5,1,4,1,1,5,4,4
"10372",95,4,13,52,4,2,5,1,5,2,2,2,5
"10372",95,2,14,54,1.29411764705882,5,5,5,2,1,2.76470588235294,2,3
"10372",95,3,14,55,1.29411764705882,4,5,2,3,1,2.76470588235294,1,3
"10372",95,4,14,56,3,3,4,4,2,3,4,2,1
"10372",95,3,15,59,1,4,5,4,4,2,3,2,4
"10372",95,4,15,60,2,4,5,4,3,2,2,4,4
"10372",95,1,16,61,3,5,5,2,4,2,2,1,3
"10372",95,2,16,62,2,4,4,3,4,2,2,4,4
"10372",95,3,16,63,1,3,2,3,2,3,5,3,2
"10372",95,4,16,64,2,4,4,3,2,2,3,3,3
"10372",95,2,17,66,1.29411764705882,5,2,4,3,1,2.76470588235294,2,4
"10372",95,3,17,67,2,5,5,4,3,2,4,3,3
"10372",95,4,17,68,2,4,5,4,2,2,4,3,4
"10372",95,1,18,69,1,5,4,3,2,2,5,5,2
"10372",95,2,18,70,1,2,4,5,1,3,5,4,2
"10372",95,3,18,71,1,4,5,5,1,3,4,5,1
"10372",95,4,18,72,1.29411764705882,5,5,5,1,2,2.76470588235294,4,2
"10372",95,2,19,74,1.29411764705882,5,5,4,3,1,2.76470588235294,1,3
"10372",95,3,19,75,2,4,2,4,2,2,3,5,4
"10372",95,4,19,76,4,5,5,4,3,2,3,2,2
"10372",95,2,20,78,3,4,2,3,2,2,3,4,3
"10372",95,3,20,79,4,2,4,4,2,3,3,3,2
"10372",95,4,20,80,1.29411764705882,5,5,5,2,1,2.76470588235294,2,3
"10372",95,1,21,81,1,5,5,5,3,3,5,4,3
"10372",95,2,21,82,3,5,5,3,3,1,2,2,3
"10372",95,3,21,83,1,3,3,4,2,3,4,5,1
"10372",95,4,21,84,1,5,5,5,5,1,1,1,2
"10372",95,1,22,85,1,2,3,4,1,3,5,4,2
"10372",95,2,22,86,3,1,3,5,1,5,2,4,2
"10372",95,4,22,88,2,2,2,3,1,5,4,5,2
"10372",95,2,23,90,2,3,2,1,2,2,4,4,4
"10372",95,3,23,91,1,2,1,5,2,4,5,5,2
"10372",95,4,23,92,2,5,1,3,3,1,4,5,2
"10372",95,2,24,94,3,4,5,4,2,3,2,2,3
"10372",95,3,24,95,3,5,1,4,3,2,3,3,3
"10372",95,4,24,96,3,4,4,3,2,2,3,3,4
"10372",95,2,25,98,1,3,2,5,2,4,4,4,2
"10372",95,3,25,99,2,3,1,3,2,4,5,5,1
"10372",95,4,25,100,3,4,4,3,3,1,3,4,3
"10372",95,2,26,102,2,5,1,5,2,1,3,4,2
"10372",95,3,26,103,1,5,1,5,1,1,4,4,2
"10372",95,4,26,104,2,5,2,4,2,3,2,2,2
"10372",95,2,27,106,1,4,4,2,3,2,4,3,5
"10372",95,3,27,107,2,3,4,4,2,3,4,4,2
"10372",95,2,28,110,1.29411764705882,5,5,5,1,1,2.76470588235294,1,1
"10372",95,3,28,111,1,5,3,3,4,1,3,4,4
"10372",95,4,28,112,1,5,4,3,3,2,4,4,2
"10378",14,2,1,2,3,2,4,3,3,4,3,4,2
"10378",14,2,1,2,2,2,2,3,2,3,2,3,2
"10378",14,2,2,6,1.29411764705882,5,2,3,3,3,2.76470588235294,3,2
"10378",14,1,3,9,1,2,2,3,2,3,4,2,2
"10378",14,2,3,10,2,2,2,4,2,4,4,3,2
"10378",14,2,4,14,1.29411764705882,5,5,1,1,1,2.76470588235294,1,1
"10378",14,4,4,16,5,3,2,2,3,4,5,5,5
"10378",14,1,5,17,1.29411764705882,5,5,5,3,1,2.76470588235294,1,3
"10378",14,3,5,19,1.29411764705882,5,5,3,4,1,2.76470588235294,2,3
"10378",14,2,7,26,1.29411764705882,2,2,4,4,3,2.76470588235294,4,2
"10378",14,2,8,30,5,1,1,1,3,5,3,5,4
"10378",14,3,8,31,3,3,5,3,2,3,2,3,2
"10378",14,1,10,37,4,5,3,1,3,3,4,5,3
"10378",14,3,10,39,1,5,1,3,2,1,1,5,2
"10383",13,2,1,2,2,3,3,3,1,4,3,5,4
"10383",13,2,2,6,1.29411764705882,2,3,3,1,1,2.76470588235294,3,3
"10383",13,3,2,7,1.29411764705882,1,4,3,3,1,2.76470588235294,1,5
"10383",13,4,2,8,1.29411764705882,4,2,2,2,1,2.76470588235294,3,3
"10383",13,2,3,10,1,2,2,5,1,1,1,3,2
"10383",13,3,3,11,1,1,3,5,2,1,3,1,3
"10383",13,4,3,12,1.29411764705882,3,3,3,2,1,2.76470588235294,1,5
"10383",13,1,4,13,1,3,1,5,1,1,3,5,1
"10383",13,2,4,14,1,3,3,5,2,1,5,5,5
"10383",13,3,4,15,1,5,3,3,2,1,1,1,5
"10383",13,4,4,16,1.29411764705882,5,1,3,2,1,2.76470588235294,1,5
"10383",13,4,5,20,1.29411764705882,5,3,3,2,1,2.76470588235294,2,5
"10383",13,1,8,29,1,4,3,5,1,2,5,5,5
"10397",89,1,1,0,3,3,3,5,1,4,2,4,2
"10397",89,1,1,1,2,4,2,4,1,3,3,3,2
"10397",89,1,2,5,2,5,2,4,1,3,3,4,2
"10397",89,2,2,6,2,3,3,4,2,3,3,4,2
"10397",89,3,2,7,2,2,2,4,1,3,3,3,2
"10397",89,4,2,8,3,1,5,4,2,5,3,3,2
"10397",89,1,3,9,2,5,3,4,1,3,3,3,1
"10397",89,3,3,11,2,5,2,4,2,1,3,3,1
"10397",89,1,4,13,2,2,3,4,2,5,4,4,1
"10397",89,3,4,15,2,5,3,4,1,2,2,3,1
"10397",89,1,5,17,2,5,3,3,2,2,3,3,2
"10397",89,2,5,18,1.29411764705882,5,2,5,1,1,2.76470588235294,4,1
"10397",89,3,5,19,2,3,2,4,2,3,3,4,2
"10397",89,4,5,20,2,2,4,5,2,4,4,4,2
"10397",89,1,6,21,1.29411764705882,4,2,5,1,1,2.76470588235294,5,2
"10397",89,2,6,22,2,3,3,3,2,3,2,4,2
"10397",89,3,6,23,3,2,2,5,1,3,3,4,2
"10397",89,1,7,25,2,4,2,4,2,2,3,4,2
"10397",89,2,7,26,2,4,3,4,2,1,2,3,2
"10397",89,1,8,29,2,3,3,3,3,2,3,4,2
"10397",89,2,8,30,2,2,4,4,1,4,3,4,2
"10397",89,3,8,31,2,3,3,4,2,3,3,3,2
"10397",89,1,9,33,2,4,4,4,1,3,4,3,1
"10397",89,2,9,34,2,3,2,4,1,3,4,4,1
"10397",89,4,9,36,2,2,2,4,2,4,4,4,1
"10397",89,1,10,37,2,3,2,4,2,2,3,4,1
"10397",89,2,10,38,2,2,2,4,2,4,4,4,2
"10397",89,4,10,40,2,2,2,4,2,4,4,3,2
"10397",89,1,11,41,2,3,2,2,2,2,3,4,2
"10397",89,2,11,42,2,4,2,2,2,1,3,4,3
"10397",89,3,11,43,2,3,4,4,2,2,3,3,2
"10397",89,4,11,44,3,1,4,4,2,4,3,4,1
"10397",89,1,12,45,2,2,3,4,2,2,3,4,3
"10397",89,3,12,47,2,3,3,4,2,3,3,2,2
"10397",89,4,12,48,3,4,3,4,1,2,2,2,1
"10397",89,1,13,49,2,4,2,4,2,2,3,4,2
"10397",89,2,13,50,2,2,2,4,2,3,4,4,2
"10397",89,3,13,51,2,4,3,3,2,3,3,3,2
"10397",89,4,13,52,2,1,1,3,1,4,3,5,2
"10397",89,1,14,53,2,4,2,4,2,3,4,4,1
"10397",89,2,14,54,2,2,3,4,1,4,4,4,2
"10397",89,3,14,55,2,5,2,4,1,2,3,4,2
"10397",89,4,14,56,2,2,2,4,2,3,3,4,1
"10397",89,1,15,57,2,2,3,4,3,2,4,4,2
"10397",89,2,15,58,2,4,2,2,1,2,4,4,3
"10397",89,3,15,59,2,3,2,4,2,3,3,4,2
"10397",89,4,15,60,1.29411764705882,5,2,4,2,1,2.76470588235294,4,1
"10397",89,1,16,61,2,4,3,4,1,3,4,4,2
"10397",89,2,16,62,2,2,3,4,2,4,4,4,2
"10397",89,3,16,63,2,2,4,4,1,4,3,4,1
"10397",89,1,17,65,2,4,3,4,3,2,3,3,2
"10397",89,3,17,67,2,4,3,3,4,2,2,3,2
"10397",89,4,17,68,2,4,2,4,2,2,3,4,2
"10397",89,1,18,69,2,3,3,4,2,4,3,4,2
"10397",89,3,18,71,2,2,3,4,1,4,4,4,1
"10397",89,1,19,73,2,3,2,3,3,2,4,4,2
"10397",89,2,19,74,4,3,2,2,3,2,2,4,2
"10397",89,4,19,76,2,2,2,4,4,3,3,4,4
"10397",89,1,20,77,1,5,2,3,2,1,2,4,2
"10397",89,2,20,78,2,2,2,4,2,4,4,4,2
"10397",89,3,20,79,1.29411764705882,5,2,3,2,1,2.76470588235294,4,2
"10397",89,1,21,81,2,4,2,3,4,2,3,3,3
"10397",89,2,21,82,2,4,2,2,3,2,3,4,3
"10397",89,3,21,83,2,4,1,3,2,2,3,4,2
"10397",89,3,22,87,2,3,2,3,4,2,3,4,3
"10397",89,1,23,89,1.29411764705882,5,1,2,2,1,2.76470588235294,4,3
"10397",89,2,23,90,2,4,2,3,2,3,4,4,2
"10397",89,4,23,92,2,5,2,4,3,2,4,4,2
"10397",89,1,24,93,2,3,2,4,4,4,3,4,2
"10397",89,3,24,95,2,4,2,3,3,2,4,4,2
"10397",89,1,25,97,2,4,2,4,2,2,4,4,2
"10397",89,2,25,98,2,1,1,4,2,4,4,4,2
"10397",89,3,25,99,2,5,2,4,2,1,3,4,2
"10397",89,1,26,101,2,3,3,4,2,3,3,4,2
"10397",89,3,26,103,1.29411764705882,4,3,4,4,3,2.76470588235294,4,2
"10397",89,4,26,104,2,3,4,2,4,2,3,4,4
"10397",89,1,27,105,3,4,2,3,3,2,2,4,3
"10397",89,4,27,108,2,2,4,4,2,4,4,4,2
"10397",89,1,28,109,2,2,1,4,1,3,3,4,1
"10397",89,2,28,110,2,2,2,4,1,4,4,4,2
"10397",89,4,28,112,2,2,4,4,2,4,4,4,2
"10397",89,1,29,113,2,2,2,4,1,4,4,4,2
"10397",89,1,30,117,1.29411764705882,4,1,2,2,1,2.76470588235294,4,2
"10397",89,2,30,118,2,4,4,4,2,2,3,4,2
"10397",89,3,34,135,3,4,2,3,2,2,2,3,2
"10397",89,2,35,138,1.29411764705882,5,5,5,2,2,2.76470588235294,5,2
"10397",89,3,36,143,1.29411764705882,5,4,4,1,1,2.76470588235294,4,1
"10397",89,3,42,167,1.29411764705882,4,5,5,1,2,2.76470588235294,5,2
"10397",89,1,43,169,2,3,2,4,2,3,3,4,1
"10413",81,1,1,1,3,2,3,4,2,3,4,3,2
"10413",81,1,3,9,2,3,2,1,4,3,3,3,3
"10413",81,4,8,32,2,2,1,3,2,4,4,3,1
"10413",81,4,10,40,1,4,1,3,1,1,3,5,1
"10413",81,1,11,41,1,3,1,4,1,2,4,3,2
"10413",81,1,13,49,3,4,2,3,1,2,2,3,2
"10413",81,4,13,52,1,4,1,4,2,3,5,5,2
"10413",81,1,14,53,1,1,1,4,1,4,5,5,1
"10413",81,4,14,56,1.29411764705882,5,1,4,2,1,2.76470588235294,5,2
"10413",81,1,15,57,2,4,1,3,1,3,4,5,2
"10413",81,1,17,65,1,4,2,3,1,3,5,4,2
"10413",81,1,18,69,1,2,2,4,2,4,5,4,2
"10413",81,4,18,72,1.29411764705882,4,3,5,1,1,2.76470588235294,4,1
"10413",81,4,19,76,1,5,2,4,2,1,3,4,2
"10413",81,1,22,85,1,3,1,4,1,3,5,4,1
"10413",81,4,24,96,1,2,1,3,1,4,5,4,2
"10413",81,1,25,97,1,2,1,4,1,4,5,5,2
"10413",81,3,25,99,3,1,4,5,1,4,4,1,1
"10413",81,4,25,100,2,3,3,4,1,4,5,3,2
"10413",81,3,26,103,1.29411764705882,5,4,3,3,1,2.76470588235294,2,3
"10413",81,4,26,104,5,2,2,1,2,3,3,3,4
"10413",81,1,27,105,3,5,1,3,1,2,4,3,3
"10413",81,2,27,106,1,2,1,5,1,4,5,5,1
"10413",81,4,27,108,1,5,1,3,2,2,5,5,2
"10413",81,1,29,113,1,2,2,3,2,4,5,4,1
"10413",81,2,29,114,1,2,2,4,1,4,5,4,2
"10413",81,2,32,126,1,2,2,5,1,3,5,5,1
"10413",81,3,32,127,1,4,1,3,2,1,5,5,2
"10413",81,4,32,128,1.29411764705882,5,1,3,1,1,2.76470588235294,4,3
"10413",81,1,34,133,1,3,1,5,1,3,5,4,3
"10413",81,2,34,134,1,5,5,5,1,1,5,3,1
"10413",81,3,34,135,2,4,5,4,1,2,5,3,2
"10413",81,4,34,136,2,3,4,3,2,3,5,4,3
"10413",81,3,36,143,1,2,5,5,1,3,5,3,1
"10413",81,2,37,146,1,3,5,4,1,3,5,3,2
"10413",81,3,37,147,1,5,2,4,1,2,5,4,2
"10413",81,2,38,150,1.29411764705882,5,2,2,2,1,2.76470588235294,4,3
"10413",81,3,38,151,1.29411764705882,5,1,4,2,1,2.76470588235294,5,2
"10413",81,1,39,153,1,2,1,4,1,4,5,4,2
"10413",81,2,39,154,1,3,2,4,2,4,5,5,2
"10413",81,3,39,155,1.29411764705882,4,1,4,1,1,2.76470588235294,5,1
"10413",81,1,41,161,2,4,3,3,2,1,5,3,2
"10413",81,2,42,166,2,2,2,3,1,3,5,3,3
"10413",81,3,42,167,1,4,1,3,2,2,5,4,2
"10413",81,4,42,168,1,5,1,4,4,1,5,4,2
"10413",81,1,43,169,1,4,2,1,3,1,5,1,4
"10413",81,2,43,170,1,5,1,3,2,1,5,5,2
"10413",81,3,43,171,1.29411764705882,4,1,1,2,1,2.76470588235294,3,5
"10413",81,3,48,191,1,3,3,2,5,2,5,2,3
"10413",81,1,49,193,1,3,2,2,4,2,5,4,3
"10413",81,2,49,194,1,5,2,3,2,1,5,5,3
"10413",81,3,49,195,1,1,1,4,4,4,5,4,3
"10413",81,4,49,196,1,5,1,4,2,2,5,5,2
"10413",81,1,50,197,1,3,2,4,2,3,5,5,2
"10413",81,2,50,198,1,2,4,4,2,5,5,4,2
"10413",81,3,50,199,1,4,2,4,2,3,5,4,2
"10413",81,2,51,202,1,3,1,4,1,4,5,5,1
"10413",81,2,52,206,1.29411764705882,5,4,4,1,1,2.76470588235294,3,2
"10413",81,2,53,210,1,1,3,4,1,5,5,4,2
"10413",81,2,54,214,1,5,1,2,1,1,5,5,3
"10413",81,3,54,215,1.29411764705882,5,1,4,2,1,2.76470588235294,5,3
"10413",81,2,55,218,1.29411764705882,5,5,5,1,1,2.76470588235294,2,2
"10413",81,3,55,219,1,2,1,4,1,4,5,5,1
"10413",81,1,56,221,1,2,2,5,1,4,5,4,1
"10413",81,2,56,222,1,2,1,4,1,4,5,5,1
"10413",81,3,56,223,1,2,2,3,2,4,5,4,2
"10413",81,3,58,231,3,4,1,2,3,2,3,4,2
"10413",81,1,59,233,1,5,5,4,3,1,5,3,2
"10413",81,2,59,234,2,4,4,3,4,3,4,4,1
"10413",81,2,60,238,3,2,4,4,3,3,3,2,2
"10413",81,3,60,239,3,3,4,4,3,2,3,2,2
"10413",81,3,61,243,2,4,5,4,1,2,4,2,1
"10413",81,3,62,247,1,3,3,5,1,3,5,4,1
"10413",81,4,62,248,1,3,2,5,2,3,5,4,1
"10413",81,1,63,249,1,3,3,5,1,4,5,3,1
"10413",81,2,63,250,1,3,2,4,1,4,5,4,1
"10413",81,4,63,252,1,4,5,4,1,2,5,3,2
"10413",81,1,64,253,3,4,3,4,2,2,2,2,1
"10413",81,1,65,257,1,3,2,3,1,4,5,3,2
"10413",81,3,67,267,1,3,3,2,1,2,4,3,2
"10413",81,1,70,277,3,3,4,3,1,3,4,3,2
"10422",77,1,1,1,4,2,2,4,1,4,3,4,2
"10422",77,4,3,12,2,3,5,4,3,3,3,3,3
"10422",77,1,4,13,1.29411764705882,4,3,4,2,2,2.76470588235294,2,2
"10422",77,4,5,20,2,5,3,4,2,2,3,2,2
"10422",77,4,6,24,2,3,4,3,2,3,3,4,2
"10422",77,4,7,28,4,4,4,2,3,2,3,2,4
"10422",77,1,8,29,3,4,2,2,3,2,5,2,5
"10422",77,4,10,40,2,3,4,4,2,3,3,4,2
"10422",77,3,11,43,3,4,4,2,3,2,2,2,3
"10422",77,4,11,44,2,5,4,2,4,1,3,2,5
"10422",77,1,12,45,2,4,3,3,3,2,3,2,4
"10422",77,2,13,50,3,4,4,2,4,3,3,2,3
"10422",77,3,13,51,3,3,4,2,3,3,3,2,4
"10422",77,2,14,54,2,3,2,4,2,3,3,4,2
"10422",77,3,15,59,2,5,3,3,2,2,3,3,3
"10422",77,2,16,62,3,3,3,2,2,4,4,4,4
"10422",77,2,18,70,4,5,5,3,4,1,1,2,3
"10422",77,3,18,71,2,5,2,4,1,2,3,3,2
"10422",77,1,19,73,1,3,2,4,1,3,4,4,2
"10422",77,2,20,78,2,3,3,4,1,4,3,4,2
"10422",77,3,20,79,2,4,3,4,1,2,3,3,2
"10422",77,1,21,81,2,3,2,3,2,4,3,4,2
"10422",77,2,21,82,2,3,5,4,1,2,3,4,2
"10422",77,3,21,83,2,2,2,4,1,3,3,4,2
"10422",77,4,21,84,2,3,5,4,2,3,3,3,2
"10422",77,2,24,94,2,3,5,4,2,2,3,3,2
"10422",77,3,24,95,2,3,4,3,2,3,3,3,3
"10422",77,4,24,96,3,2,4,4,2,3,3,3,2
"10422",77,2,25,98,2,4,1,4,1,2,3,3,2
"10422",77,4,25,100,2,2,3,4,2,4,3,4,3
"10422",77,2,26,102,2,3,4,3,2,3,3,4,2
"10422",77,3,26,103,2,5,3,4,2,2,2,4,2
"10422",77,1,27,105,2,4,3,3,2,2,3,3,3
"10422",77,2,27,106,3,4,4,3,2,2,3,3,2
"10422",77,1,28,109,2,3,2,4,2,3,4,4,2
"10422",77,2,28,110,2,3,3,4,2,4,3,4,2
"10422",77,3,29,115,3,3,2,3,2,4,3,4,3
"10422",77,4,29,116,3,4,3,2,3,2,3,3,4
"10422",77,1,30,117,2,4,2,2,2,3,3,4,3
"10422",77,2,30,118,1,4,4,4,2,4,3,2,2
"10422",77,4,31,124,2,2,3,4,2,4,4,4,1
"10422",77,4,32,128,3,3,3,2,3,3,3,3,4
"10422",77,1,33,129,2,2,2,2,1,4,4,3,3
"10422",77,2,33,130,3,3,4,2,2,3,3,2,4
"10422",77,3,33,131,3,4,3,2,3,3,2,4,4
"10422",77,4,33,132,3,2,3,4,2,4,3,4,2
"10422",77,2,34,134,2,3,1,4,1,3,4,4,1
"10422",77,1,35,137,2,3,3,3,2,4,3,2,3
"10422",77,2,35,138,3,3,3,3,2,2,3,3,3
"10422",77,3,35,139,3,3,3,4,2,3,3,4,3
"10422",77,3,36,143,2,3,2,3,1,4,4,3,3
"10422",77,4,36,144,2,3,3,4,2,4,4,2,2
"10422",77,2,37,146,2,4,4,4,2,2,3,3,2
"10422",77,3,39,155,2,4,3,4,2,3,3,3,3
"10422",77,4,39,156,3,5,2,4,2,1,3,1,2
"10422",77,4,40,160,1,5,1,4,1,1,2,2,2
"10422",77,4,41,164,2,3,4,3,2,4,3,3,3
"10422",77,2,42,166,3,3,2,3,1,4,3,4,3
"10422",77,3,42,167,3,4,3,4,2,4,3,4,2
"10422",77,2,43,170,3,3,3,4,2,3,3,3,2
"10422",77,1,44,173,3,3,2,4,1,4,3,4,2
"10422",77,4,46,184,2,3,2,4,2,3,3,3,2
"10422",77,1,47,185,2,3,2,3,2,2,4,3,3
"10422",77,2,47,186,3,3,4,5,2,2,3,3,2
"10422",77,3,47,187,2,3,4,4,2,3,3,4,2
"10422",77,4,47,188,3,4,1,4,1,2,3,2,2
"10422",77,1,48,189,1,3,4,4,2,3,3,3,2
"10422",77,2,48,190,3,2,3,4,2,4,3,3,2
"10422",77,1,49,193,3,4,2,4,2,3,3,4,2
"10422",77,4,49,196,1,4,4,4,2,3,3,2,2
"10422",77,1,50,197,3,3,3,3,2,3,3,3,4
"10422",77,2,54,214,2,3,3,4,1,4,3,4,2
"10422",77,2,55,218,2,3,3,4,3,3,3,4,2
"10422",77,3,55,219,2,4,3,3,2,3,3,3,2
"10422",77,4,55,220,3,2,3,3,2,4,2,3,2
"10422",77,1,56,221,2,3,2,4,2,3,4,3,2
"10422",77,1,57,225,4,4,4,3,2,2,2,3,2
"10432",53,1,1,1,2,4,2,4,1,2,3,4,1
"10432",53,4,1,4,1,2,1,5,1,4,4,4,1
"10432",53,1,2,5,1,3,3,4,1,5,3,5,2
"10432",53,4,2,8,1,5,4,4,1,1,1,5,1
"10432",53,1,3,9,1.29411764705882,5,2,5,1,1,2.76470588235294,3,1
"10432",53,4,3,12,1,4,2,4,1,3,3,5,2
"10432",53,1,4,13,1,2,2,4,1,4,4,5,1
"10432",53,4,4,16,1,4,2,4,1,2,4,4,1
"10432",53,1,5,17,1,3,2,5,1,3,5,5,1
"10432",53,1,6,21,3,5,3,2,1,1,2,4,1
"10432",53,1,7,25,1,3,2,3,1,3,3,4,1
"10432",53,4,7,28,1,5,3,1,4,1,3,1,4
"10432",53,1,8,29,1,2,2,5,1,3,3,3,1
"10432",53,1,9,33,1.29411764705882,5,3,4,1,1,2.76470588235294,3,1
"10432",53,1,10,37,1,1,1,4,1,5,5,5,1
"10432",53,3,10,39,1.29411764705882,5,2,5,1,1,2.76470588235294,5,1
"10432",53,4,10,40,1.29411764705882,5,3,5,1,1,2.76470588235294,4,1
"10432",53,3,11,43,1,3,3,5,1,2,3,5,2
"10432",53,4,11,44,1.29411764705882,5,4,5,1,1,2.76470588235294,5,1
"10432",53,1,12,45,1,3,2,5,1,3,4,5,1
"10432",53,2,12,46,1,3,2,4,1,3,3,4,2
"10432",53,3,12,47,1,3,1,4,1,4,5,5,1
"10432",53,4,12,48,1,1,1,4,1,3,3,5,1
"10432",53,1,13,49,1,3,3,3,2,3,3,5,1
"10432",53,3,13,51,1.29411764705882,5,3,4,1,1,2.76470588235294,5,1
"10432",53,4,13,52,1,5,3,5,1,3,5,5,1
"10432",53,1,14,53,1,3,2,5,1,3,4,5,2
"10432",53,2,14,54,1,2,2,5,1,1,4,5,1
"10432",53,3,14,55,1.29411764705882,5,1,4,1,2,2.76470588235294,4,2
"10432",53,1,15,57,2,3,2,5,1,3,3,4,1
"10432",53,3,15,59,1.29411764705882,3,1,5,1,1,2.76470588235294,5,2
"10432",53,1,16,61,1,2,1,2,1,3,3,3,4
"10432",53,2,16,62,1.29411764705882,4,3,5,1,1,2.76470588235294,5,3
"10432",53,3,16,63,1.29411764705882,5,3,5,1,3,2.76470588235294,5,1
"10432",53,2,17,66,1,1,1,4,1,4,4,4,1
"10432",53,3,17,67,1,3,2,4,1,1,5,5,1
"10432",53,4,17,68,1,1,1,5,1,4,3,5,1
"10432",53,1,18,69,1,1,1,5,1,5,4,4,1
"10432",53,2,18,70,1,4,1,5,1,1,4,5,1
"10432",53,3,18,71,1,5,1,5,1,1,4,5,1
"10432",53,4,18,72,1,5,1,5,1,1,3,5,1
"10432",53,1,19,73,1,3,1,5,1,3,4,5,1
"10432",53,4,19,76,1,4,1,3,1,3,4,5,1
"10432",53,2,20,78,1,5,2,5,1,1,3,5,1
"10432",53,4,21,84,1.29411764705882,5,2,5,1,1,2.76470588235294,5,1
"10432",53,4,22,88,1.29411764705882,5,3,5,1,1,2.76470588235294,5,1
"10432",53,2,23,90,1,3,1,3,1,3,3,3,1
"10432",53,1,26,101,1,2,1,4,1,3,4,5,1
"10432",53,2,27,106,1,5,1,4,1,1,3,5,1
"10432",53,3,28,111,1,5,1,3,1,3,3,5,3
"10432",53,4,28,112,1,5,1,2,1,1,3,5,3
"10432",53,4,32,128,1,3,3,4,1,3,3,5,1
"10432",53,1,33,129,1,5,1,5,1,1,3,4,2
"10437",96,1,1,1,4,2,2,5,1,4,1,3,2
"10437",96,4,1,4,4,2,5,2,1,5,2,3,2
"10437",96,1,2,5,2,5,1,4,2,2,5,4,3
"10437",96,1,3,9,2,2,1,5,2,4,4,4,2
"10437",96,3,3,11,1,1,1,4,1,5,5,5,1
"10437",96,1,4,13,1,2,1,5,1,4,4,4,2
"10437",96,1,5,17,1,4,1,5,1,3,5,5,2
"10437",96,2,5,18,1,5,1,4,1,1,5,5,3
"10437",96,3,5,19,1,3,2,4,1,3,5,4,2
"10437",96,4,5,20,1,3,1,4,1,2,5,4,2
"10437",96,1,6,21,2,2,1,5,1,4,5,4,2
"10437",96,2,6,22,2,3,2,5,1,4,4,4,1
"10437",96,3,6,23,1,1,1,2,4,3,5,4,4
"10437",96,1,7,25,1,2,1,5,1,4,5,4,2
"10437",96,3,7,27,2,5,1,4,2,1,4,4,3
"10437",96,3,8,31,2,4,2,4,3,2,4,4,2
"10437",96,4,8,32,1,5,4,4,1,2,5,4,1
"10437",96,1,9,33,2,1,2,2,2,3,4,4,3
"10437",96,3,9,35,1,3,5,3,1,3,4,3,3
"10437",96,4,9,36,1,3,2,3,1,3,5,4,3
"10437",96,3,10,39,2,1,2,5,1,3,4,4,2
"10437",96,4,10,40,1,3,2,4,2,5,5,5,3
"10437",96,1,11,41,2,3,2,4,2,4,4,4,3
"10437",96,2,11,42,1,2,2,4,1,4,5,5,2
"10437",96,3,11,43,1,3,2,2,1,3,5,5,4
"10437",96,1,12,45,1,2,2,4,1,4,5,4,1
"10437",96,1,13,49,2,3,3,5,1,3,4,4,1
"10437",96,2,13,50,2,4,2,3,2,2,4,4,3
"10437",96,4,13,52,2,2,2,4,1,4,4,4,1
"10437",96,4,15,60,1,1,4,4,2,4,5,3,3
"10437",96,1,16,61,2,2,1,4,1,4,4,4,2
"10437",96,1,17,65,1,2,2,4,1,4,5,5,2
"10437",96,2,17,66,2,4,3,4,1,2,4,4,2
"10437",96,3,17,67,1,2,2,3,1,4,5,4,2
"10437",96,4,17,68,1,2,3,5,1,4,5,5,1
"10437",96,1,18,69,3,2,1,4,1,3,4,4,2
"10437",96,2,18,70,2,4,2,3,1,4,4,4,2
"10437",96,3,18,71,1,5,4,3,1,2,4,1,2
"10437",96,4,19,76,2,5,3,3,1,2,4,4,1
"10437",96,1,20,77,2,2,5,5,1,3,4,3,3
"10437",96,2,20,78,3,3,4,5,1,3,5,3,1
"10437",96,3,20,79,1,2,1,5,1,3,5,5,1
"10437",96,3,21,83,1,3,2,4,1,3,5,4,1
"10437",96,4,21,84,1,2,1,4,1,4,5,4,1
"10437",96,1,22,85,1,1,2,5,1,5,5,5,1
"10437",96,2,22,86,2,2,2,4,2,4,4,3,1
"10437",96,4,22,88,1,2,1,5,1,5,5,5,1
"10437",96,1,23,89,1,1,3,5,1,5,5,4,1
"10437",96,2,23,90,1,2,2,4,1,5,5,4,1
"10437",96,1,24,93,1,3,1,5,1,5,5,4,3
"10437",96,2,25,98,1,5,2,3,1,1,1,4,3
"10437",96,3,25,99,1,4,1,3,2,1,3,4,3
"10437",96,4,25,100,1,1,3,4,1,5,5,4,1
"10437",96,1,26,101,1,3,1,3,1,2,5,5,3
"10437",96,3,26,103,1,5,1,2,2,1,5,5,3
"10437",96,1,27,105,2,4,1,4,1,2,4,4,3
"10437",96,2,27,106,2,5,1,2,1,2,4,4,3
"10437",96,3,27,107,2,1,5,4,1,4,3,3,1
"10437",96,4,27,108,3,3,5,2,2,4,3,3,3
"10437",96,2,28,110,2,3,3,4,1,3,4,3,3
"10437",96,3,28,111,1,4,2,3,2,2,4,3,4
"10437",96,4,28,112,2,1,2,5,1,4,4,4,1
"10437",96,2,29,114,2,4,4,4,1,2,3,3,3
"10437",96,4,29,116,1,4,1,4,1,1,5,4,3
"10437",96,3,30,119,1,1,4,5,1,5,5,5,2
"10437",96,4,30,120,1,3,2,4,1,3,5,4,1
"10437",96,1,31,121,1,1,1,5,1,5,4,4,1
"10437",96,3,31,123,1.29411764705882,4,2,1,2,1,2.76470588235294,3,4
"10437",96,1,32,125,1,4,3,5,1,1,3,4,1
"10437",96,3,32,127,2,2,4,5,1,5,4,4,1
"10437",96,4,32,128,1.29411764705882,5,5,4,1,1,2.76470588235294,1,1
"10437",96,4,33,132,1,4,2,3,1,3,4,4,3
"10437",96,4,34,136,1,2,4,5,1,5,5,5,1
"10437",96,1,35,137,2,5,4,5,1,1,4,4,3
"10437",96,4,35,140,1,2,4,5,1,4,4,4,1
"10437",96,2,36,142,1.29411764705882,5,5,5,1,1,2.76470588235294,1,1
"10437",96,1,37,145,1,2,2,5,1,4,5,4,1
"10437",96,3,37,147,1,1,4,5,1,4,4,4,1
"10437",96,4,37,148,1,2,5,5,1,4,3,3,1
"10437",96,4,38,152,2,2,5,5,1,4,4,3,1
"10437",96,2,39,154,2,3,5,5,1,3,4,3,1
"10437",96,4,39,156,2,2,2,4,1,4,4,4,1
"10437",96,1,40,157,1,2,1,5,1,4,4,4,1
"10437",96,4,40,160,1,2,1,5,1,4,4,4,1
"10437",96,4,41,164,2,1,2,5,1,4,4,4,1
"10437",96,1,42,165,1,2,2,5,1,4,4,3,1
"10437",96,1,43,169,1,3,3,5,1,3,4,3,1
"10437",96,3,43,171,1,5,4,5,1,1,4,3,1
"10437",96,1,44,173,2,3,3,3,2,3,3,3,3
"10437",96,3,44,175,1,1,1,4,1,4,4,4,2
"10437",96,4,44,176,2,3,2,4,1,3,4,4,1
"10437",96,2,45,178,2,3,4,4,2,2,4,2,3
"10437",96,2,46,182,2,3,5,4,1,2,3,1,3
"10437",96,4,47,188,1,1,2,5,1,5,5,4,2
"10437",96,1,48,189,2,5,5,4,1,1,1,2,2
"10437",96,4,48,192,1,2,3,4,1,4,5,4,1
"10445",19,1,1,0,3,3,1,2,2,3,4,5,4
"10445",19,1,1,1,2,2,3,3,2,4,4,4,3
"10445",19,4,1,4,1,2,2,3,1,3,4,4,3
"10445",19,1,4,13,1,3,1,1,1,3,4,4,5
"10445",19,1,6,21,1,2,3,4,1,4,4,5,2
"10445",19,4,7,28,1,3,2,4,1,4,4,4,1
"10445",19,1,8,29,1,5,2,4,1,2,4,5,1
"10445",19,4,10,40,2,4,2,2,2,4,4,4,4
"10445",19,4,11,44,1.29411764705882,5,4,3,2,2,2.76470588235294,4,4
"10445",19,1,12,45,1,2,4,5,1,5,5,5,2
"10445",19,4,13,52,1,5,1,3,1,3,4,5,2
"10445",19,1,14,53,1,5,1,2,1,2,4,5,4
"10445",19,3,14,55,2,4,2,2,3,4,3,5,5
"10445",19,4,15,60,1,2,3,3,1,3,5,5,3
"10445",19,2,16,62,1,3,2,3,2,4,4,5,4
"10445",19,4,16,64,1,3,1,2,1,4,4,5,4
"10445",19,3,17,67,1,1,3,4,1,5,5,5,2
"10445",19,4,17,68,1,4,2,3,1,3,3,5,2
"10445",19,1,23,89,1,3,3,3,3,4,4,4,4
"10447",18,4,1,4,1,3,1,5,1,5,5,5,1
"10447",18,1,2,5,1.29411764705882,5,1,5,1,1,2.76470588235294,5,1
"10447",18,4,2,8,1.29411764705882,5,1,3,1,1,2.76470588235294,5,2
"10447",18,1,3,9,1,2,2,5,1,5,5,5,1
"10447",18,1,4,13,1,2,3,4,1,5,5,5,1
"10447",18,4,4,16,1,2,2,5,1,4,5,5,1
"10447",18,3,5,19,1,3,1,5,1,4,4,5,1
"10447",18,4,5,20,1.29411764705882,5,1,5,1,1,2.76470588235294,5,1
"10447",18,1,6,21,1,2,1,5,1,5,4,5,1
"10447",18,4,6,24,1,2,2,5,1,4,5,5,1
"10447",18,1,7,25,1.29411764705882,5,1,5,1,1,2.76470588235294,5,1
"10447",18,4,7,28,1.29411764705882,5,2,5,1,1,2.76470588235294,5,2
"10447",18,1,8,29,1,5,1,5,1,4,5,5,1
"10447",18,2,8,30,1,2,2,5,1,4,5,5,1
"10447",18,4,8,32,1,3,1,5,1,5,5,5,1
"10447",18,2,9,34,1,5,5,5,1,1,2.76470588235294,5,1
"10447",18,2,10,38,1,2,3,5,1,4,5,5,1
"10447",18,1,12,45,1.29411764705882,5,2,5,1,1,2.76470588235294,5,1
"10449",19,1,1,1,3,3,3,3,1,4,3,3,2
"10449",19,2,358,1430,3,3,2,5,2,3,5,4,1
"10449",19,4,358,1432,1,1,2,4,1,4,4,5,1
"10449",19,1,359,1433,2,1,1,3,1,5,4,4,1
"10449",19,1,360,1437,1,1,1,5,1,4,4,5,1
"10449",19,1,361,1441,1,1,1,4,1,4,5,5,1
"10449",19,1,362,1445,1,3,3,4,1,2,3,3,2
"10449",19,4,362,1448,1,5,2,3,1,1,4,4,2
"10449",19,4,363,1452,1,2,1,4,1,3,5,5,2
"10449",19,1,364,1453,1,3,1,4,1,4,4,5,1
"10449",19,1,365,1457,1.29411764705882,5,3,5,1,3,2.76470588235294,4,1
"10449",19,1,366,1461,2,3,3,3,1,2,4,4,1
"10449",19,4,366,1464,1,2,3,3,1,4,4,4,1
"10449",19,1,367,1465,1,2,1,4,1,3,5,4,1
"10449",19,4,368,1472,2,1,1,3,1,5,4,4,2
"10449",19,4,369,1476,3,3,3,4,2,2,3,4,1
"10449",19,1,370,1477,1,2,1,4,1,5,5,5,2
"10449",19,4,370,1480,1,2,2,3,1,3,5,4,2
"10449",19,1,371,1481,1,4,1,2,1,3,4,5,1
"10450",39,1,1,0,4,1,1,1,1,5,4,NA,4
"10450",39,1,1,1,2,2,1,2,1,2,2,5,4
"10450",39,3,1,3,1,4,4,4,1,3,3,5,2
"10450",39,4,1,4,1.29411764705882,3,5,5,1,1,2.76470588235294,3,1
"10450",39,4,2,8,1,1,4,5,1,5,1,5,1
"10450",39,1,3,9,1,3,5,5,1,3,1,4,1
"10450",39,3,4,15,1,5,3,3,1,1,3,4,3
"10450",39,1,6,21,1,3,4,4,1,4,1,4,1
"10450",39,1,7,25,1.29411764705882,5,3,3,1,1,2.76470588235294,3,3
"10450",39,2,7,26,1.29411764705882,4,1,3,1,1,2.76470588235294,5,3
"10450",39,3,7,27,1.29411764705882,5,2,3,1,1,2.76470588235294,5,3
"10450",39,4,7,28,2,3,3,5,1,3,4,5,3
"10450",39,1,8,29,1,5,1,1,1,1,1,5,3
"10450",39,2,8,30,1.29411764705882,3,5,5,1,1,2.76470588235294,4,2
"10450",39,3,8,31,1.29411764705882,2,4,4,1,1,2.76470588235294,2,3
"10450",39,4,8,32,1,2,3,5,1,2,2,4,1
"10450",39,4,9,36,3,5,5,4,1,2,1,4,3
"10450",39,1,10,37,1.29411764705882,5,2,5,1,1,2.76470588235294,5,2
"10450",39,2,10,38,2,5,1,3,1,3,1,5,3
"10450",39,3,10,39,1,5,1,3,1,1,2,5,3
"10450",39,4,10,40,1.29411764705882,4,5,3,3,1,2.76470588235294,1,3
"10450",39,1,11,41,1,4,1,5,1,1,1,3,2
"10450",39,2,11,42,1,5,2,4,1,2,1,4,3
"10450",39,3,11,43,3,3,2,1,3,1,1,3,5
"10450",39,1,12,45,1,3,1,3,1,1,1,5,3
"10450",39,2,12,46,1.29411764705882,3,3,3,1,1,2.76470588235294,3,4
"10450",39,3,12,47,1,5,4,3,1,1,1,5,4
"10450",39,3,15,59,1.29411764705882,4,2,1,3,1,2.76470588235294,3,5
"10450",39,4,18,72,4,5,5,3,1,1,1,1,4
"10450",39,3,19,75,3,5,3,5,3,1,1,4,3
"10450",39,4,19,76,1,5,5,5,2,1,1,3,3
"10450",39,1,27,105,1,3,5,5,1,1,3,5,3
"10450",39,3,27,107,3,5,3,5,1,1,3,5,3
"10450",39,4,27,108,1,3,2,5,1,2,1,5,4
"10450",39,1,28,109,1,3,3,4,1,1,1,4,3
"10450",39,2,28,110,3,3,1,1,2,1,2,4,4
"10450",39,3,28,111,1,4,3,4,1,2,1,4,3
"10450",39,3,29,115,2,3,3,5,1,1,2,5,2
"10450",39,4,29,116,1,5,5,5,1,1,1,5,1
"10459",36,1,1,1,1,3,2,2,3,2,3,3,3
"10459",36,4,1,4,2,3,2,2,3,2,2,1,3
"10459",36,4,2,8,1.29411764705882,3,3,2,4,1,2.76470588235294,2,4
"10459",36,4,3,12,1.29411764705882,3,3,2,5,1,2.76470588235294,3,4
"10459",36,1,4,13,1,4,3,2,4,1,1,3,4
"10459",36,4,4,16,2,4,3,2,4,2,2,3,3
"10459",36,1,5,17,3,1,2,3,2,3,2,3,3
"10459",36,4,5,20,2,4,2,1,5,1,3,2,5
"10459",36,1,6,21,3,5,3,3,3,1,3,2,4
"10459",36,4,6,24,2,2,2,2,3,3,4,3,2
"10459",36,1,7,25,2,2,2,2,2,4,3,3,3
"10459",36,4,7,28,2,4,3,1,3,1,4,4,5
"10459",36,4,10,40,2,3,3,2,1,3,3,3,4
"10459",36,3,11,43,2,2,2,2,1,3,5,4,3
"10459",36,4,11,44,1.29411764705882,2,2,3,1,1,2.76470588235294,2,3
"10459",36,1,12,45,1,3,3,3,1,2,5,3,3
"10459",36,2,12,46,2,2,2,3,1,4,4,3,3
"10459",36,4,12,48,3,3,2,3,1,2,3,4,2
"10459",36,1,13,49,2,1,3,3,1,4,4,3,3
"10459",36,2,13,50,3,1,2,3,1,3,2,3,3
"10459",36,1,14,53,1,3,2,2,1,3,5,4,3
"10459",36,2,14,54,2,3,2,3,1,3,4,2,2
"10459",36,2,15,58,1.29411764705882,3,4,3,1,2,2.76470588235294,2,3
"10459",36,3,15,59,1.29411764705882,4,4,3,2,1,2.76470588235294,3,4
"10459",36,4,17,68,1,4,2,3,1,2,5,5,2
"10459",36,1,18,69,1,2,2,3,1,3,4,3,2
"10459",36,1,19,73,1,3,3,3,1,3,5,3,2
"10459",36,2,23,90,2,5,5,2,2,2,5,3,3
"10459",36,3,23,91,1,5,3,2,2,1,5,3,2
"10459",36,1,25,97,1,3,3,2,1,3,4,3,3
"10459",36,2,25,98,2,2,3,4,1,4,4,3,3
"10459",36,1,26,101,1,3,4,2,1,2,4,3,3
"10459",36,2,26,102,2,2,3,3,2,2,4,3,3
"10459",36,4,26,104,3,4,3,2,1,1,4,3,3
"10459",36,1,27,105,1,2,3,3,1,3,4,3,2
"10459",36,1,28,109,1,4,3,3,1,2,5,3,4
"10490",112,1,1,0,4,3,1,4,1,3,3,4,2
"10490",112,3,1,3,1.29411764705882,2,3,4,2,2,2.76470588235294,3,3
"10490",112,4,1,4,1.29411764705882,3,3,4,1,1,2.76470588235294,3,2
"10490",112,1,2,5,2,3,2,3,2,4,4,4,2
"10490",112,3,2,7,1.29411764705882,5,5,4,1,2,2.76470588235294,2,2
"10490",112,4,2,8,2,3,3,3,1,2,4,3,2
"10490",112,1,3,9,1.29411764705882,5,5,5,1,1,2.76470588235294,1,2
"10490",112,2,3,10,2,5,2,2,1,3,4,4,2
"10490",112,3,3,11,2,2,2,3,1,4,4,4,2
"10490",112,4,3,12,1.29411764705882,4,3,3,1,2,2.76470588235294,3,3
"10490",112,1,4,13,1.29411764705882,4,3,4,1,1,2.76470588235294,3,2
"10490",112,2,4,14,1.29411764705882,4,3,3,1,2,2.76470588235294,3,3
"10490",112,3,4,15,1.29411764705882,3,4,2,1,2,2.76470588235294,3,3
"10490",112,1,5,17,1.29411764705882,4,4,4,1,1,2.76470588235294,3,3
"10490",112,2,5,18,1.29411764705882,3,3,3,1,2,2.76470588235294,3,3
"10490",112,3,5,19,1.29411764705882,3,3,3,1,2,2.76470588235294,3,3
"10490",112,4,5,20,2,2,1,2,1,2,4,3,2
"10490",112,1,6,21,1.29411764705882,5,5,5,1,1,2.76470588235294,2,1
"10490",112,2,6,22,1.29411764705882,3,3,3,1,1,2.76470588235294,3,3
"10490",112,3,6,23,2,2,3,4,1,4,4,3,2
"10490",112,4,6,24,1.29411764705882,4,3,3,1,1,2.76470588235294,3,3
"10490",112,1,7,25,1.29411764705882,4,4,4,1,2,2.76470588235294,3,2
"10490",112,2,7,26,1.29411764705882,3,3,3,1,3,2.76470588235294,3,3
"10490",112,3,7,27,1.29411764705882,3,3,2,1,2,2.76470588235294,3,3
"10490",112,4,7,28,1.29411764705882,3,3,4,1,3,2.76470588235294,3,2
"10490",112,1,8,29,1.29411764705882,3,3,3,1,2,2.76470588235294,3,2
"10490",112,2,8,30,1.29411764705882,4,3,5,1,3,2.76470588235294,4,2
"10490",112,3,8,31,1.29411764705882,4,4,4,1,2,2.76470588235294,4,2
"10490",112,4,8,32,1.29411764705882,4,3,3,1,2,2.76470588235294,3,2
"10490",112,1,9,33,2,2,3,3,1,4,4,3,2
"10490",112,2,9,34,1.29411764705882,3,2,3,1,3,2.76470588235294,3,2
"10490",112,3,9,35,1.29411764705882,5,5,5,1,2,2.76470588235294,2,1
"10490",112,4,9,36,1,2,4,5,1,4,4,4,1
"10490",112,1,10,37,1.29411764705882,4,1,4,1,2,2.76470588235294,3,1
"10490",112,2,10,38,1.29411764705882,3,3,3,1,2,2.76470588235294,4,2
"10490",112,3,10,39,1.29411764705882,3,2,3,1,1,2.76470588235294,4,2
"10490",112,4,10,40,1.29411764705882,3,3,4,1,2,2.76470588235294,3,3
"10490",112,1,11,41,1.29411764705882,5,5,5,1,2,2.76470588235294,2,1
"10490",112,2,11,42,1.29411764705882,3,2,3,1,2,2.76470588235294,3,2
"10490",112,3,11,43,2,1,2,4,1,4,4,4,2
"10490",112,4,11,44,2,2,2,4,1,2,4,4,2
"10490",112,1,12,45,1.29411764705882,5,5,5,1,2,2.76470588235294,2,3
"10490",112,2,12,46,1.29411764705882,3,4,4,1,2,2.76470588235294,3,3
"10490",112,3,12,47,1.29411764705882,4,3,3,2,2,2.76470588235294,3,3
"10490",112,4,12,48,1.29411764705882,3,3,3,2,2,2.76470588235294,3,3
"10490",112,1,13,49,1.29411764705882,5,4,5,1,2,2.76470588235294,2,2
"10490",112,2,13,50,1.29411764705882,4,3,4,1,2,2.76470588235294,3,3
"10490",112,3,13,51,1.29411764705882,2,4,4,1,2,2.76470588235294,3,2
"10490",112,4,13,52,1.29411764705882,5,4,5,1,2,2.76470588235294,2,2
"10490",112,1,14,53,1.29411764705882,4,4,4,1,2,2.76470588235294,2,2
"10490",112,2,14,54,2,2,2,3,1,4,4,3,3
"10490",112,3,14,55,1.29411764705882,4,4,4,1,2,2.76470588235294,3,3
"10490",112,4,14,56,1.29411764705882,4,3,3,1,2,2.76470588235294,3,2
"10490",112,1,15,57,2,2,2,4,1,3,4,4,2
"10490",112,3,15,59,1.29411764705882,3,3,3,1,3,2.76470588235294,3,2
"10490",112,4,15,60,1.29411764705882,4,2,3,1,2,2.76470588235294,3,2
"10490",112,1,16,61,1.29411764705882,2,2,3,1,2,2.76470588235294,2,2
"10490",112,2,16,62,1.29411764705882,4,4,3,1,2,2.76470588235294,2,3
"10490",112,3,16,63,1.29411764705882,4,4,3,1,2,2.76470588235294,3,3
"10490",112,4,16,64,1.29411764705882,3,3,2,1,3,2.76470588235294,3,3
"10490",112,2,17,66,1.29411764705882,4,3,2,2,1,2.76470588235294,3,3
"10490",112,3,17,67,1.29411764705882,4,3,2,2,1,2.76470588235294,2,4
"10490",112,4,17,68,1.29411764705882,2,3,3,1,3,2.76470588235294,3,3
"10490",112,1,18,69,1.29411764705882,4,4,4,1,1,2.76470588235294,2,1
"10490",112,2,18,70,1.29411764705882,4,2,3,1,2,2.76470588235294,3,3
"10490",112,3,18,71,1.29411764705882,4,4,3,1,2,2.76470588235294,3,2
"10490",112,4,18,72,1.29411764705882,4,3,4,1,1,2.76470588235294,3,2
"10490",112,1,19,73,1.29411764705882,4,3,3,1,3,2.76470588235294,3,3
"10490",112,2,19,74,1,2,3,4,1,4,5,4,1
"10490",112,3,19,75,2,2,3,4,1,4,4,4,2
"10490",112,4,19,76,2,4,3,4,1,5,4,5,2
"10490",112,1,20,77,1.29411764705882,5,5,2,1,1,2.76470588235294,2,2
"10490",112,2,20,78,2,1,3,4,1,4,4,4,2
"10490",112,3,20,79,1.29411764705882,4,3,3,1,2,2.76470588235294,3,3
"10490",112,4,20,80,1.29411764705882,4,2,3,1,3,2.76470588235294,3,3
"10490",112,1,21,81,1.29411764705882,4,4,4,1,2,2.76470588235294,3,2
"10490",112,2,21,82,1.29411764705882,4,3,3,1,2,2.76470588235294,3,3
"10490",112,3,21,83,1.29411764705882,4,4,4,2,2,2.76470588235294,2,3
"10490",112,4,21,84,1.29411764705882,2,2,3,1,2,2.76470588235294,3,2
"10490",112,1,22,85,1.29411764705882,4,3,3,2,1,2.76470588235294,3,4
"10490",112,2,22,86,1.29411764705882,4,3,2,1,2,2.76470588235294,2,3
"10490",112,3,22,87,1.29411764705882,2,3,3,2,2,2.76470588235294,3,3
"10490",112,4,22,88,1.29411764705882,4,3,2,1,2,2.76470588235294,3,3
"10490",112,1,23,89,2,2,3,4,1,4,4,3,3
"10490",112,2,23,90,1.29411764705882,4,3,3,2,2,2.76470588235294,3,3
"10490",112,3,23,91,1.29411764705882,4,2,2,2,2,2.76470588235294,3,3
"10490",112,4,23,92,1.29411764705882,4,2,3,1,2,2.76470588235294,3,4
"10490",112,1,24,93,1.29411764705882,4,3,3,1,2,2.76470588235294,3,2
"10490",112,2,24,94,1.29411764705882,4,3,3,1,2,2.76470588235294,3,3
"10490",112,3,24,95,1.29411764705882,4,3,4,2,2,2.76470588235294,2,3
"10490",112,4,24,96,1.29411764705882,4,3,3,1,2,2.76470588235294,3,2
"10490",112,1,25,97,1.29411764705882,4,3,3,3,2,2.76470588235294,3,3
"10490",112,2,25,98,1.29411764705882,4,4,3,2,2,2.76470588235294,3,2
"10490",112,3,25,99,1.29411764705882,4,3,3,1,2,2.76470588235294,3,3
"10490",112,4,25,100,1.29411764705882,4,2,3,2,2,2.76470588235294,3,3
"10490",112,1,26,101,1.29411764705882,4,3,2,2,2,2.76470588235294,3,3
"10490",112,2,26,102,1.29411764705882,4,4,3,2,2,2.76470588235294,3,3
"10490",112,3,26,103,1.29411764705882,4,3,3,2,3,2.76470588235294,3,3
"10490",112,4,26,104,1.29411764705882,3,3,3,2,2,2.76470588235294,3,3
"10490",112,1,27,105,1.29411764705882,4,2,3,2,3,2.76470588235294,3,2
"10490",112,2,27,106,1.29411764705882,5,2,3,1,2,2.76470588235294,3,2
"10490",112,3,27,107,1.29411764705882,4,3,3,2,2,2.76470588235294,3,3
"10490",112,4,27,108,1.29411764705882,3,3,3,2,3,2.76470588235294,2,3
"10490",112,1,28,109,1.29411764705882,4,4,4,1,2,2.76470588235294,3,3
"10490",112,2,28,110,1.29411764705882,4,3,3,1,2,2.76470588235294,3,2
"10490",112,3,28,111,1.29411764705882,4,3,3,1,2,2.76470588235294,3,3
"10490",112,1,29,113,1.29411764705882,3,2,3,1,3,2.76470588235294,2,3
"10490",112,2,29,114,1.29411764705882,4,3,3,1,2,2.76470588235294,3,3
"10490",112,4,29,116,1.29411764705882,4,3,3,1,2,2.76470588235294,3,2
"10490",112,1,30,117,1.29411764705882,4,3,3,1,2,2.76470588235294,3,3
"10490",112,2,30,118,1.29411764705882,4,3,3,2,2,2.76470588235294,3,3
"10490",112,3,30,119,1.29411764705882,4,3,3,1,2,2.76470588235294,3,3
"10492",35,1,1,1,4,2,3,3,1,4,3,4,2
"10492",35,1,2,5,2,2,2,3,1,3,3,3,2
"10492",35,4,3,12,3,2,4,2,1,3,3,3,2
"10492",35,1,4,13,2,4,3,3,2,2,3,4,2
"10492",35,4,4,16,2,2,2,4,1,4,3,3,2
"10492",35,1,5,17,3,2,3,4,1,5,5,5,2
"10492",35,4,5,20,1,1,1,5,1,5,4,4,1
"10492",35,1,6,21,1,2,3,3,1,5,4,4,1
"10492",35,4,6,24,3,1,1,2,1,5,4,5,2
"10492",35,3,7,27,1,2,2,5,1,3,4,4,1
"10492",35,4,7,28,1,3,2,5,1,2,4,4,1
"10492",35,1,8,29,1,2,3,5,1,5,3,4,3
"10492",35,3,8,31,1,3,3,4,1,2,4,4,2
"10492",35,1,9,33,1,4,3,4,1,2,3,3,1
"10492",35,2,9,34,2,4,1,4,1,2,3,4,1
"10492",35,3,9,35,2,2,3,5,1,4,4,4,1
"10492",35,2,10,38,2,3,2,3,1,3,4,4,2
"10492",35,3,10,39,1,3,3,3,1,2,5,3,2
"10492",35,4,10,40,1,2,1,3,1,5,4,4,1
"10492",35,2,11,42,2,3,4,2,1,1,3,4,2
"10492",35,3,11,43,1,1,2,5,1,5,5,4,2
"10492",35,4,11,44,2,1,2,5,1,5,5,4,1
"10492",35,2,12,46,2,2,3,4,1,4,4,4,2
"10492",35,4,12,48,2,2,3,4,1,5,4,4,1
"10492",35,1,13,49,1,2,1,3,1,5,5,4,2
"10492",35,1,14,53,1,2,3,5,1,5,4,4,2
"10492",35,2,14,54,1,4,3,4,1,2,3,4,3
"10492",35,2,15,58,1.29411764705882,2,1,3,1,2,2.76470588235294,5,2
"10492",35,2,16,62,2,3,1,2,1,2,4,3,3
"10492",35,3,16,63,1.29411764705882,4,2,4,1,2,2.76470588235294,4,2
"10492",35,2,18,70,1,2,1,4,1,4,4,4,2
"10492",35,1,20,77,1,2,4,4,1,4,4,4,1
"10492",35,2,20,78,1,1,1,3,1,5,4,3,3
"10492",35,4,22,88,1.29411764705882,4,3,5,1,2,2.76470588235294,3,1
"10492",35,4,25,100,2,2,1,3,1,4,5,5,2
"10494",24,1,1,1,1,2,1,1,1,1,3,1,3
"10494",24,4,1,4,2,2,1,4,1,5,5,5,1
"10494",24,1,2,5,1,1,3,2,1,5,5,5,2
"10494",24,4,2,8,1,2,2,3,4,3,5,5,3
"10494",24,1,3,9,1,2,1,5,1,5,5,5,3
"10494",24,1,4,13,1,1,1,3,1,5,5,5,5
"10494",24,1,5,17,2,3,1,3,2,4,3,5,3
"10494",24,1,6,21,1,3,2,5,1,3,3,3,2
"10494",24,4,6,24,1.29411764705882,5,1,5,2,1,2.76470588235294,4,3
"10494",24,1,7,25,1,3,2,3,1,3,5,2,4
"10494",24,1,10,37,1.29411764705882,5,1,5,1,1,2.76470588235294,5,2
"10494",24,3,11,43,1.29411764705882,5,2,2,5,1,2.76470588235294,1,5
"10494",24,1,12,45,1,3,2,3,2,2,4,3,4
"10494",24,4,12,48,3,4,1,3,2,3,3,2,3
"10494",24,1,13,49,1,1,1,4,2,5,5,3,3
"10494",24,3,13,51,1.29411764705882,5,1,3,2,1,2.76470588235294,1,4
"10494",24,3,14,55,1.29411764705882,4,1,2,1,1,2.76470588235294,5,4
"10494",24,1,17,65,1,5,1,3,4,1,5,5,4
"10494",24,2,19,74,1.29411764705882,5,1,1,1,3,2.76470588235294,1,4
"10494",24,1,21,81,1,1,1,5,1,5,5,5,1
"10494",24,3,23,91,1,3,1,5,1,1,5,5,1
"10494",24,3,32,127,1,2,1,2,2,5,1,3,4
"10494",24,3,36,143,1.29411764705882,5,1,1,1,1,2.76470588235294,5,1
"10494",24,4,51,204,1,1,5,2,1,1,5,5,1
"10496",12,1,1,1,2,5,3,4,1,1,5,3,4
"10496",12,2,1,2,1,3,4,5,2,3,3,1,4
"10496",12,1,3,9,1,2,1,3,1,4,5,1,1
"10496",12,1,4,13,2,1,1,3,1,4,3,2,3
"10496",12,2,10,38,2,3,1,3,1,3,4,5,3
"10496",12,1,11,41,1,5,2,5,1,1,4,3,1
"10496",12,2,11,42,3,2,1,4,1,2,4,3,1
"10496",12,1,18,69,1,3,2,4,1,1,4,4,2
"10496",12,2,21,82,1,5,2,3,1,1,4,3,2
"10496",12,2,29,114,1,1,5,5,1,1,3,1,1
"10496",12,2,30,118,1,3,3,5,1,1,3,3,1
"10496",12,2,38,150,1,2,4,5,1,1,4,3,1
"10509",44,1,1,1,3,2,2,5,1,4,5,4,1
"10509",44,4,1,4,2,2,2,5,1,4,3,3,2
"10509",44,1,2,5,2,1,2,3,1,4,4,4,2
"10509",44,4,2,8,1,1,2,3,1,3,3,4,3
"10509",44,1,4,13,2,1,4,5,1,4,4,4,2
"10509",44,3,5,19,2,1,3,3,1,4,3,4,3
"10509",44,4,5,20,2,2,3,5,1,3,3,4,2
"10509",44,3,6,23,1,2,2,5,1,3,4,4,2
"10509",44,1,7,25,1,1,1,3,1,4,3,4,2
"10509",44,2,7,26,3,4,3,3,1,3,3,2,2
"10509",44,3,7,27,1,1,1,3,1,5,3,4,1
"10509",44,2,8,30,1,1,1,5,1,5,3,3,1
"10509",44,3,8,31,1,1,2,3,1,4,3,4,1
"10509",44,1,9,33,1,1,2,4,1,4,4,5,1
"10509",44,2,9,34,1,2,3,4,1,3,3,3,1
"10509",44,3,9,35,1,1,3,4,1,5,3,3,1
"10509",44,4,9,36,1,3,3,3,1,4,3,3,3
"10509",44,4,12,48,1.29411764705882,2,2,4,1,4,2.76470588235294,3,3
"10509",44,1,13,49,1.29411764705882,3,3,4,1,3,2.76470588235294,3,3
"10509",44,2,13,50,2,3,3,4,2,3,3,3,3
"10509",44,4,13,52,1.29411764705882,4,3,2,1,2,2.76470588235294,3,3
"10509",44,1,14,53,1,3,2,4,1,3,3,4,2
"10509",44,2,14,54,1.29411764705882,3,3,3,2,2,2.76470588235294,4,2
"10509",44,3,14,55,2,3,3,4,1,3,3,3,2
"10509",44,2,15,58,2,3,3,3,2,3,3,3,2
"10509",44,2,16,62,2,2,3,5,1,3,3,3,1
"10509",44,1,17,65,1.29411764705882,2,2,5,1,2,2.76470588235294,4,2
"10509",44,3,17,67,1.29411764705882,2,2,3,1,3,2.76470588235294,4,3
"10509",44,4,17,68,1,3,2,3,1,2,2,4,3
"10509",44,1,18,69,1,3,3,3,1,3,4,3,2
"10509",44,2,18,70,3,3,3,2,1,2,3,2,3
"10509",44,3,18,71,1,1,2,4,1,4,3,3,2
"10509",44,1,19,73,1,1,3,5,1,4,3,3,1
"10509",44,2,19,74,1.29411764705882,3,2,2,1,2,2.76470588235294,4,2
"10509",44,4,19,76,2,2,4,3,1,3,3,3,2
"10509",44,1,20,77,2,2,3,4,1,3,3,3,3
"10509",44,2,20,78,1,4,4,2,4,1,2,2,4
"10509",44,3,20,79,1,3,3,4,1,4,3,3,3
"10509",44,3,21,83,1,3,3,1,3,3,3,3,4
"10509",44,1,22,85,1.29411764705882,3,2,3,2,3,2.76470588235294,4,3
"10509",44,2,22,86,1.29411764705882,1,2,4,1,4,2.76470588235294,4,2
"10509",44,2,23,90,2,1,3,3,2,4,3,3,2
"10509",44,1,27,105,1,1,3,4,1,4,3,4,1
"10509",44,1,28,109,1,3,2,3,1,2,3,4,1
"10516",11,2,1,2,4,3,2,4,1,5,1,4,2
"10516",11,4,1,4,2,1,1,3,1,5,4,4,1
"10516",11,1,2,5,1,2,1,4,1,5,3,4,1
"10516",11,1,3,9,1.29411764705882,4,2,2,1,1,2.76470588235294,2,3
"10516",11,1,4,13,2,4,2,3,1,2,2,5,1
"10516",11,1,5,17,1,5,1,3,1,1,2,5,2
"10516",11,1,6,21,1,1,1,3,1,3,3,5,2
"10516",11,1,8,29,1,3,1,3,1,3,2,4,3
"10516",11,3,11,43,1,3,1,4,1,4,3,5,1
"10516",11,2,12,46,1,2,1,5,1,5,3,5,1
"10516",11,1,14,53,1,4,2,3,1,3,2,5,2
"10523",35,1,1,1,2,4,2,4,2,3,3,3,1
"10523",35,4,1,4,2,3,4,2,1,3,2,3,2
"10523",35,1,2,5,1,4,3,5,1,3,3,3,1
"10523",35,4,2,8,1,4,2,3,1,2,3,3,2
"10523",35,1,3,9,1,4,5,5,1,1,3,2,2
"10523",35,3,3,11,2,3,4,4,2,3,3,3,2
"10523",35,1,4,13,1.29411764705882,5,1,4,1,2,2.76470588235294,3,1
"10523",35,3,4,15,3,4,3,3,1,1,2,3,1
"10523",35,1,5,17,1,4,1,2,1,3,3,4,2
"10523",35,2,5,18,1,3,2,4,1,3,3,5,1
"10523",35,4,5,20,1,3,3,5,1,5,4,3,2
"10523",35,1,6,21,1,4,3,4,1,1,3,3,1
"10523",35,3,6,23,1,3,3,2,1,3,4,5,2
"10523",35,4,6,24,1,4,4,3,1,2,3,4,2
"10523",35,1,7,25,2,3,3,3,1,4,4,3,2
"10523",35,1,8,29,1,2,1,4,2,3,4,4,2
"10523",35,3,8,31,1.29411764705882,5,5,5,1,1,2.76470588235294,3,2
"10523",35,1,9,33,1,2,5,5,1,4,4,4,1
"10523",35,1,10,37,1.29411764705882,5,3,4,1,2,2.76470588235294,4,2
"10523",35,4,10,40,1,3,1,2,2,2,3,4,2
"10523",35,1,11,41,1,3,5,5,1,4,3,2,1
"10523",35,2,11,42,1,3,3,2,1,4,3,2,3
"10523",35,3,11,43,3,4,5,4,2,3,3,2,3
"10523",35,4,11,44,2,5,2,3,2,3,4,4,2
"10523",35,1,12,45,1,3,2,3,1,3,3,4,2
"10523",35,1,13,49,1.29411764705882,5,5,5,1,3,2.76470588235294,4,1
"10523",35,2,13,50,1.29411764705882,4,1,2,1,1,2.76470588235294,5,1
"10523",35,3,13,51,1.29411764705882,4,4,5,1,3,2.76470588235294,5,1
"10523",35,4,13,52,1.29411764705882,3,4,5,1,2,2.76470588235294,4,1
"10523",35,2,14,54,1,5,4,5,2,1,5,4,1
"10523",35,1,15,57,1.29411764705882,5,3,4,1,3,2.76470588235294,4,1
"10523",35,2,15,58,2,2,1,4,1,4,4,4,2
"10523",35,3,15,59,1.29411764705882,5,5,5,2,1,2.76470588235294,4,3
"10523",35,3,16,63,2,4,4,4,3,4,5,4,1
"10523",35,1,17,65,1.29411764705882,5,5,5,1,1,2.76470588235294,4,1
"10539",89,2,1,2,2,3,2,3,2,2,3,4,2
"10539",89,3,1,3,2,3,2,2,2,3,3,5,2
"10539",89,4,1,4,2,3,2,3,2,3,3,4,3
"10539",89,1,2,5,1.29411764705882,5,2,3,3,2,2.76470588235294,5,3
"10539",89,2,2,6,1,3,2,2,2,3,3,4,3
"10539",89,3,2,7,2,5,2,2,3,2,2,3,3
"10539",89,4,2,8,2,3,2,3,2,3,3,4,2
"10539",89,1,3,9,1,3,2,4,2,2,4,4,2
"10539",89,2,3,10,3,2,2,3,3,2,3,3,4
"10539",89,3,3,11,2,3,1,3,2,2,2,4,3
"10539",89,4,3,12,1.29411764705882,5,3,3,2,1,2.76470588235294,3,4
"10539",89,1,4,13,2,3,2,3,2,3,3,3,2
"10539",89,2,4,14,2,3,2,3,2,3,3,4,4
"10539",89,3,4,15,2,2,2,3,2,4,3,4,3
"10539",89,4,4,16,3,2,3,4,2,4,3,4,3
"10539",89,1,5,17,2,3,4,4,2,3,3,3,3
"10539",89,2,5,18,2,4,2,3,2,2,3,4,3
"10539",89,3,5,19,3,4,2,3,2,3,3,4,3
"10539",89,4,5,20,2,2,2,4,2,3,4,3,2
"10539",89,2,6,22,4,3,3,2,3,3,2,3,4
"10539",89,3,6,23,1.29411764705882,3,2,2,3,2,2.76470588235294,4,4
"10539",89,4,6,24,2,2,3,4,2,3,2,3,2
"10539",89,2,7,26,2,3,3,3,2,2,4,4,3
"10539",89,3,7,27,2,3,2,3,2,3,3,4,3
"10539",89,4,7,28,2,3,3,3,2,3,3,3,3
"10539",89,2,8,30,4,3,3,2,3,2,2,2,4
"10539",89,3,8,31,3,3,3,2,4,2,3,3,5
"10539",89,4,8,32,2,3,3,4,2,4,3,3,3
"10539",89,1,9,33,2,5,1,1,5,1,2,3,5
"10539",89,2,9,34,3,5,3,2,4,2,2,3,5
"10539",89,3,9,35,2,4,3,3,2,3,2,3,3
"10539",89,4,9,36,2,3,3,4,2,3,4,3,1
"10539",89,2,10,38,3,3,4,4,2,3,3,2,1
"10539",89,3,10,39,2,2,4,4,2,3,3,2,2
"10539",89,4,10,40,2,3,4,5,1,4,3,3,2
"10539",89,1,11,41,2,2,3,4,2,3,2,1,3
"10539",89,2,11,42,2,4,2,3,1,2,4,3,3
"10539",89,3,11,43,2,4,4,4,2,2,3,3,2
"10539",89,4,11,44,2,2,3,3,2,4,4,4,2
"10539",89,1,12,45,3,3,4,4,2,2,3,3,2
"10539",89,2,12,46,2,2,3,4,2,2,2,4,3
"10539",89,3,12,47,2,3,3,3,2,3,4,4,2
"10539",89,4,12,48,1,5,3,3,2,2,3,2,3
"10539",89,1,13,49,2,3,2,3,2,3,4,4,3
"10539",89,2,13,50,1.29411764705882,4,3,3,2,2,2.76470588235294,3,2
"10539",89,3,13,51,2,3,4,5,2,4,3,2,2
"10539",89,4,13,52,2,3,2,4,2,3,4,5,3
"10539",89,1,14,53,2,3,2,2,2,2,2,5,3
"10539",89,2,14,54,2,3,1,1,2,3,4,5,4
"10539",89,3,14,55,2,2,2,3,2,4,5,3,3
"10539",89,4,14,56,2,3,3,4,2,4,4,3,2
"10539",89,1,15,57,2,3,3,4,2,3,3,3,2
"10539",89,2,15,58,1.29411764705882,3,3,4,2,3,2.76470588235294,4,2
"10539",89,3,15,59,2,3,2,3,2,4,5,5,2
"10539",89,4,15,60,2,1,2,3,2,4,4,4,2
"10539",89,1,16,61,2,4,2,3,2,2,3,2,2
"10539",89,2,16,62,2,3,3,3,2,3,3,3,3
"10539",89,4,16,64,2,2,3,4,2,4,3,3,2
"10539",89,2,17,66,1.29411764705882,4,3,5,2,2,2.76470588235294,4,2
"10539",89,3,17,67,2,3,3,3,2,3,4,3,2
"10539",89,4,17,68,2,2,1,3,2,4,3,4,2
"10539",89,1,18,69,2,4,4,3,2,3,3,4,2
"10539",89,2,18,70,2,3,2,2,2,2,4,5,3
"10539",89,3,18,71,3,3,2,3,2,3,3,4,2
"10539",89,4,18,72,2,3,3,4,2,3,3,3,2
"10539",89,1,19,73,2,3,3,4,2,3,3,3,2
"10539",89,3,19,75,2,3,2,3,2,4,4,4,3
"10539",89,4,19,76,2,3,3,3,2,2,4,4,2
"10539",89,2,20,78,2,3,2,3,2,2,3,5,3
"10539",89,3,20,79,3,4,3,3,2,2,3,4,2
"10539",89,4,20,80,2,3,3,4,2,3,3,3,2
"10539",89,1,21,81,2,3,3,4,2,3,3,3,2
"10539",89,2,21,82,2,3,4,4,2,3,4,3,2
"10539",89,4,21,84,2,3,3,3,2,3,3,4,2
"10539",89,1,22,85,1.29411764705882,4,4,3,2,2,2.76470588235294,3,2
"10539",89,2,22,86,3,3,3,2,3,2,2,4,3
"10539",89,3,22,87,2,2,2,3,2,3,3,3,2
"10539",89,4,22,88,2,4,3,3,2,3,3,3,2
"10539",89,1,23,89,2,3,2,4,2,3,3,4,2
"10539",89,2,23,90,2,4,3,2,2,2,2,3,4
"10539",89,3,23,91,2,2,2,4,2,4,4,3,2
"10539",89,4,23,92,2,2,3,4,2,3,2,3,2
"10539",89,2,24,94,2,2,3,3,2,3,4,3,3
"10539",89,3,24,95,2,2,2,2,2,3,3,4,3
"10539",89,4,24,96,1,5,3,4,2,2,2,2,2
"10539",89,1,25,97,3,4,3,3,2,2,2,3,3
"10539",89,2,25,98,2,3,4,4,2,3,2,3,3
"10539",89,3,25,99,2,3,3,4,2,3,3,3,2
"10539",89,4,25,100,2,3,2,3,2,4,4,3,3
"10542",14,2,1,2,3,4,1,3,1,4,3,4,2
"10542",14,2,2,6,1,3,1,2,1,4,3,5,3
"10542",14,3,2,7,1,4,2,4,1,3,4,4,3
"10542",14,1,3,9,1,4,2,3,1,2,2,4,1
"10542",14,2,3,10,2,2,1,3,1,4,4,4,3
"10542",14,3,3,11,1.29411764705882,3,1,4,1,1,2.76470588235294,4,2
"10542",14,4,3,12,1,1,2,5,1,5,3,4,1
"10542",14,2,4,14,1,2,2,2,1,3,3,5,3
"10542",14,1,7,25,1,3,1,5,1,3,3,4,2
"10542",14,1,8,29,1,5,1,4,1,1,1,4,3
"10542",14,4,10,40,1,3,1,5,1,1,1,4,2
"10542",14,2,11,42,1,5,1,4,1,1,2,3,2
"10542",14,3,12,47,1,4,1,3,1,3,2,4,3
"10542",14,4,12,48,1,5,3,4,1,2,2,2,2
"10543",43,1,1,0,2,5,3,3,1,1,3,4,3
"10543",43,1,1,1,2,2,2,3,1,4,3,3,2
"10543",43,1,2,5,1,4,3,4,1,1,2,3,2
"10543",43,4,2,8,2,3,2,3,1,3,2,3,2
"10543",43,4,3,12,2,2,1,4,1,3,4,4,2
"10543",43,1,4,13,1,3,2,4,1,3,3,4,3
"10543",43,3,4,15,1.29411764705882,4,3,4,1,2,2.76470588235294,2,3
"10543",43,4,4,16,2,3,3,3,1,3,3,3,3
"10543",43,1,5,17,2,4,3,4,1,2,2,3,2
"10543",43,4,5,20,2,2,2,3,1,3,4,3,2
"10543",43,1,6,21,2,3,3,4,1,3,2,2,2
"10543",43,2,6,22,2,2,4,3,1,4,4,3,2
"10543",43,3,6,23,2,4,4,4,1,3,2,2,2
"10543",43,4,6,24,2,2,2,2,1,3,4,4,4
"10543",43,1,7,25,2,3,2,4,1,3,2,3,2
"10543",43,3,7,27,2,2,2,5,1,3,3,4,2
"10543",43,4,7,28,2,3,3,3,1,3,2,3,1
"10543",43,1,8,29,1.29411764705882,5,5,5,1,1,2.76470588235294,3,1
"10543",43,2,8,30,2,3,4,5,1,3,2,3,2
"10543",43,4,8,32,2,4,2,4,1,3,3,4,2
"10543",43,1,9,33,2,2,2,4,1,3,3,3,3
"10543",43,2,9,34,2,2,2,4,1,4,4,4,2
"10543",43,3,9,35,2,5,4,4,1,1,2,3,1
"10543",43,4,9,36,2,3,2,3,1,2,2,2,2
"10543",43,2,10,38,2,5,2,3,1,2,3,3,2
"10543",43,4,10,40,3,2,3,4,1,3,2,3,2
"10543",43,1,11,41,2,3,2,3,1,3,3,3,3
"10543",43,3,11,43,1.29411764705882,4,4,3,1,2,2.76470588235294,2,3
"10543",43,4,11,44,2,3,3,4,1,1,3,3,2
"10543",43,1,12,45,3,4,4,4,1,3,2,3,2
"10543",43,4,12,48,2,2,2,4,1,4,3,3,3
"10543",43,1,13,49,2,3,2,3,1,2,2,3,2
"10543",43,2,13,50,3,3,3,3,1,3,2,4,3
"10543",43,3,13,51,2,3,2,3,1,3,3,3,2
"10543",43,4,16,64,2,1,3,4,1,5,4,3,1
"10543",43,2,17,66,2,3,4,4,1,4,4,4,2
"10543",43,3,17,67,2,2,3,4,1,5,3,3,2
"10543",43,2,18,70,2,5,2,3,1,1,3,3,1
"10543",43,4,18,72,2,3,3,4,1,4,4,3,2
"10543",43,1,19,73,3,4,2,4,1,2,3,3,3
"10543",43,1,20,77,2,2,3,3,1,3,3,3,3
"10543",43,3,21,83,3,3,2,4,2,4,3,3,3
"10543",43,1,43,169,3,4,3,2,3,2,3,3,3
"10545",41,1,1,0,1,3,1,2,1,3,5,2,3
"10545",41,1,1,1,1,5,2,3,2,1,3,3,2
"10545",41,2,1,2,1,2,2,2,2,4,3,3,2
"10545",41,3,1,3,1,2,1,3,1,3,3,3,1
"10545",41,4,1,4,1.29411764705882,4,4,2,3,1,2.76470588235294,2,2
"10545",41,1,2,5,1.29411764705882,3,1,4,2,3,2.76470588235294,3,1
"10545",41,2,2,6,1,2,2,1,2,2,3,3,3
"10545",41,3,2,7,1,3,2,3,2,2,2,3,2
"10545",41,4,2,8,1.29411764705882,3,4,3,2,2,2.76470588235294,1,1
"10545",41,1,3,9,1.29411764705882,3,3,3,2,1,2.76470588235294,2,2
"10545",41,2,3,10,1.29411764705882,3,3,4,3,1,2.76470588235294,1,2
"10545",41,3,3,11,1.29411764705882,3,3,3,1,1,2.76470588235294,1,1
"10545",41,4,3,12,1.29411764705882,2,5,3,3,1,2.76470588235294,1,3
"10545",41,1,4,13,1.29411764705882,3,3,3,3,1,2.76470588235294,1,3
"10545",41,2,4,14,1.29411764705882,3,3,3,2,2,2.76470588235294,1,2
"10545",41,3,4,15,1,3,3,3,2,2,3,1,4
"10545",41,4,4,16,1,4,3,1,1,2,2,1,1
"10545",41,3,5,19,1.29411764705882,3,3,3,2,1,2.76470588235294,1,2
"10545",41,4,5,20,1.29411764705882,3,3,3,2,1,2.76470588235294,1,2
"10545",41,1,6,21,1.29411764705882,2,3,3,2,1,2.76470588235294,1,2
"10545",41,4,6,24,1.29411764705882,1,2,2,1,1,2.76470588235294,1,3
"10545",41,1,7,25,1.29411764705882,5,4,3,1,1,2.76470588235294,1,2
"10545",41,2,7,26,1.29411764705882,5,3,2,2,1,2.76470588235294,1,3
"10545",41,3,7,27,1.29411764705882,2,3,2,3,1,2.76470588235294,1,2
"10545",41,4,7,28,1.29411764705882,3,3,2,2,1,2.76470588235294,2,3
"10545",41,1,8,29,1.29411764705882,4,3,1,3,1,2.76470588235294,1,2
"10545",41,2,8,30,1.29411764705882,4,3,3,2,1,2.76470588235294,1,3
"10545",41,1,9,33,1.29411764705882,4,3,3,2,1,2.76470588235294,1,1
"10545",41,2,9,34,1.29411764705882,3,3,4,3,1,2.76470588235294,1,2
"10545",41,1,10,37,1.29411764705882,4,3,3,2,1,2.76470588235294,1,2
"10545",41,2,10,38,1.29411764705882,5,3,3,2,1,2.76470588235294,1,3
"10545",41,3,10,39,1.29411764705882,2,4,4,1,2,2.76470588235294,2,2
"10545",41,4,10,40,1.29411764705882,4,4,3,2,1,2.76470588235294,1,2
"10545",41,2,11,42,1.29411764705882,5,4,3,3,1,2.76470588235294,1,3
"10545",41,3,11,43,1.29411764705882,2,5,5,1,1,2.76470588235294,1,2
"10545",41,2,12,46,1,5,1,1,1,1,3,1,2
"10545",41,2,16,62,1,2,2,3,2,3,3,3,2
"10545",41,4,18,72,1,2,3,4,1,3,3,2,2
"10545",41,1,23,89,1.29411764705882,3,3,5,1,3,2.76470588235294,3,1
"10545",41,1,24,93,1,4,5,5,1,1,2,1,1
"10545",41,4,24,96,1.29411764705882,4,4,4,2,1,2.76470588235294,1,1
